review_id,true_label,predicted_label,prob_0,prob_1,prob_2,prob_3,prob_4
es_0077478,1,0,0.43746422352294456,0.27265263082540997,0.13150692463073282,0.08829228068552397,0.0700839403353886
es_0682269,2,3,0.002193100125894237,0.03262517894709684,0.3865997762693102,0.5476358961121351,0.03094604854556359
es_0260689,0,0,0.6599278448460497,0.22745745839203996,0.07814986634706568,0.025385714130781122,0.009079116284063545
es_0566286,2,2,0.006484728177776049,0.2188166539610404,0.46164461020861847,0.3075045068476114,0.005549500804953699
es_0979893,4,2,0.12155574917328946,0.25044346685834434,0.28532077646724174,0.20903899701503978,0.1336410104860846
es_0717509,3,2,0.04145329304380507,0.2704154394591754,0.48099719662699825,0.18015459486795576,0.026979476002065565
es_0752315,2,1,0.1979210245501459,0.4048078759946908,0.1720976232588043,0.1847115066167943,0.04046196957956465
es_0144147,0,0,0.5900454471964283,0.21131386731111185,0.1536916086684848,0.026292467163116662,0.01865660966085849
es_0039263,2,4,0.0017529939159167806,0.004618034376643392,0.12287638675026344,0.38175996700346826,0.48899261795370813
es_0203291,1,1,0.09504203383468775,0.27530444427770173,0.23342577629617978,0.12412576251829491,0.2721019830731359
es_0560599,0,0,0.45232956484661424,0.3142298336177752,0.10173827967818601,0.04871814212346889,0.08298417973395569
es_0430806,1,1,0.10785860236025943,0.3583554517551499,0.20824287806348485,0.24958755318264653,0.07595551463845933
es_0616494,2,2,0.021695460780651394,0.21530627194519875,0.5870058723530881,0.1634574295138696,0.012534965407192195
es_0531620,1,2,0.06113457995713004,0.40028364300334307,0.4128694800903583,0.09622129411067806,0.029491002838490647
es_0305457,0,0,0.5750596255374655,0.3671478143618453,0.02431168054326753,0.02049252687669093,0.012988352680730739
es_0951178,0,1,0.3068070044806827,0.34859140984305603,0.15677406439813177,0.09686106724118179,0.09096645403694768
es_0014960,1,3,0.02999550198527769,0.18772421254804045,0.2147011816924572,0.2855134820664834,0.28206562170774135
es_0909257,2,2,0.060732938379549316,0.26257942665401657,0.331073885929021,0.2060371117199696,0.13957663731744357
es_0186429,1,1,0.3904416798308141,0.3920959250080102,0.13317275396328637,0.07512831455647245,0.009161326641416908
es_0990492,0,0,0.49434333240861583,0.3517582445633368,0.11109799866775276,0.03342675284189481,0.009373671518399702
es_0361121,2,3,0.04090642977376938,0.0756854475889867,0.08520925422090372,0.4758997897314363,0.32229907868490393
es_0495920,2,0,0.35747544119044034,0.31579398186880936,0.14568911146847643,0.1297987280030749,0.05124273746919894
es_0063164,2,4,0.002125032036798537,0.01539626134345464,0.11899725970290613,0.38565434741326277,0.477827099503578
es_0466283,0,0,0.529243663624474,0.15039124407173357,0.054594905971511065,0.13546162031641437,0.13030856601586696
es_0600972,2,2,0.01823716919811427,0.2794981921464053,0.3329299282873204,0.2876945087165423,0.0816402016516178
es_0476267,4,1,0.2509330241206171,0.32437922208813613,0.13481700489770038,0.13139777142087125,0.15847297747267525
es_0572541,4,4,0.014052921632241339,0.04071173715528925,0.12411094384403436,0.20869153689613676,0.6124328604722983
es_0271706,0,0,0.541160966135837,0.31281796815718566,0.11454449102849232,0.021282428931904997,0.01019414574658005
es_0005177,3,4,0.002846893002520817,0.008984138515099991,0.09780552806599604,0.42156384971312566,0.4687995907032575
es_0089003,4,4,0.0069342036313657625,0.02626240503440047,0.03512386609918187,0.43548014013539194,0.49619938509966
es_0375110,4,4,0.03170210997885127,0.02058343408186499,0.03713616062253471,0.20757427441429913,0.70300402090245
es_0177963,1,3,0.06539454639860884,0.3029445123856833,0.1503336938195187,0.3300510350821087,0.15127621231408042
es_0065576,4,2,0.03246892823042504,0.23457123764467508,0.5199105281535573,0.20771658375317617,0.005332722218166425
es_0111073,4,4,0.0325577506059319,0.04192923156398528,0.0695120030174738,0.238275649390143,0.6177253654224659
es_0885632,2,3,0.02193376516047648,0.0732829305226493,0.30367933972379746,0.3442432199006296,0.25686074469244713
es_0281420,0,0,0.4709827006766556,0.14335736247111816,0.29778894157425073,0.06349313279102957,0.024377862486945956
es_0529016,3,2,0.011678905236267714,0.04989385746690514,0.47546096437887175,0.3205220095819377,0.14244426333601767
es_0048691,4,4,0.009106060898343944,0.07005229621832268,0.057745183339924934,0.2394994205329121,0.6235970390104963
es_0734219,4,4,0.13659539244759517,0.061801675265690234,0.1265618194988646,0.15551505605567487,0.5195260567321751
es_0002195,1,0,0.49499618185160993,0.4103186668032709,0.05734755765144983,0.028950605452275215,0.008386988241394113
es_0101721,1,0,0.4337518552684749,0.1979196950978102,0.13663652686287103,0.06545758076716131,0.16623434200368262
es_0330953,3,2,0.05165923212866237,0.20751611834397746,0.3897003505725455,0.3258849998089037,0.025239299145910953
es_0573093,0,0,0.47113860834261434,0.17447931627373833,0.27130339778575,0.07495650914613235,0.008122168451764748
es_0828030,3,3,0.014140412891353035,0.0935092706414605,0.3167525262358971,0.3821759623507541,0.19342182788053525
es_0564872,3,4,0.10702573234032271,0.10983836266028142,0.14594862819437832,0.24744966346506425,0.3897376133399534
es_0720608,0,0,0.5323657547477749,0.2443453803932345,0.10234138094626459,0.10575891342449897,0.015188570488226921
es_0423191,2,4,0.1210107038604972,0.07035022312601698,0.14389124373423806,0.29572163173398813,0.36902619754525956
es_0211743,1,2,0.09708899015246455,0.3915323963244787,0.41953976753566175,0.05423868120607034,0.03760016478132462
es_0240309,3,4,0.002841203650183841,0.02913226656431791,0.17635289043344846,0.30145320312470825,0.4902204362273415
es_0492562,0,0,0.4104958740451627,0.31774953414170043,0.08884633596884955,0.1317408377552946,0.05116741808899281
es_0281953,3,3,0.11262585248791275,0.28417755222928304,0.2325656786321196,0.3113887706496633,0.05924214600102133
es_0384994,3,3,0.022540390244141943,0.2646520874506137,0.29242748771025057,0.29510865321731655,0.12527138137767727
es_0124262,2,2,0.019836549870279736,0.17507030898684986,0.5836176356067193,0.20897021028206902,0.01250529525408206
es_0033281,3,4,0.03257236581490231,0.09918114924033326,0.1163335677876927,0.2953545658413932,0.45655835131567846
es_0222003,1,2,0.061164159150665545,0.3613272181275477,0.38269032662834274,0.13521231866117528,0.05960597743226866
es_0465083,2,0,0.5605394312718648,0.19443016303400365,0.11301635772960401,0.0846743385954494,0.04733970936907815
es_0234607,4,4,0.07793371035883281,0.17060715408410138,0.20833870991749537,0.19356163645774066,0.3495587891818298
es_0175975,3,3,0.0009046189002860428,0.010961309756693221,0.3334760273186121,0.463092354694352,0.1915656893300567
es_0657781,3,2,0.06458138208482625,0.2450833318696482,0.41741578018922637,0.18057105790490804,0.09234844795139123
es_0337075,0,0,0.5086845063257296,0.3814173189486342,0.054725391057353176,0.03267093461612948,0.02250184905215366
es_0259152,2,2,0.34526779411904956,0.2418688385521303,0.3689480472936893,0.0396299992676866,0.004285320767444322
es_0260272,1,1,0.24981064873632386,0.3858460254106934,0.295349953166129,0.05758582636333147,0.011407546323522293
es_0635241,2,2,0.09576830930018013,0.20364102321683517,0.3231395415527779,0.226365211627045,0.15108591430316176
es_0644804,3,2,0.212587570208607,0.1284555632620657,0.3485223541218066,0.1911796120112706,0.11925490039625009
es_0397224,1,1,0.15009359319111923,0.4002403999867125,0.2982712967082897,0.13090135586247914,0.020493354251399396
es_0349725,2,2,0.004394252571937376,0.16646027526652138,0.4591462296116041,0.3331891162783056,0.036810126271631535
es_0676700,1,2,0.18635577962093092,0.3129763160950515,0.37404834590636993,0.09725797380153033,0.029361584576117383
es_0648620,2,4,0.008004391360356144,0.08761903535250333,0.30312481923827617,0.21683281974164165,0.38441893430722274
es_0677308,4,4,0.1324379992006479,0.18625174110001805,0.13424436706665704,0.16735941410460964,0.3797064785280673
es_0519596,1,0,0.510242846872406,0.33623070235905045,0.08607587583951298,0.03730386912693691,0.030146705802093693
es_0100024,1,0,0.5525399203617107,0.1696227742289527,0.11412902170221861,0.055764956158380355,0.10794332754873774
es_0219723,0,1,0.3245009721414288,0.46325525423747627,0.12061191689893647,0.058334906135957335,0.03329695058620108
es_0353057,3,3,0.01438459558087556,0.07165167812572282,0.3200318759224038,0.3322680459055187,0.2616638044654791
es_0707591,0,2,0.015784167734063305,0.24402833588473558,0.42037609887708455,0.26916574667144627,0.05064565083267027
es_0991935,0,0,0.422503844824932,0.2434718297915161,0.2060888573493191,0.0976609108457118,0.030274557188521
es_0260027,4,3,0.005034534056086922,0.04784713128838522,0.22353775330540238,0.478700597704654,0.24487998364547145
es_0293883,0,0,0.4021508628718496,0.31282224713200135,0.18759204576363953,0.08267681352208386,0.014758030710425727
es_0177014,1,1,0.10510511960248145,0.3728718892721235,0.33949837678498984,0.10642361515454184,0.07610099918586341
es_0391694,0,0,0.451851912205523,0.310070701745051,0.07786025567124957,0.08899726747499115,0.0712198629031853
es_0424060,1,1,0.33197171098614087,0.4686303950514226,0.15403333377649225,0.03420168629669215,0.011162873889252238
es_0304330,0,0,0.5674953133499757,0.28874189917171844,0.11722242715659878,0.019877420807032163,0.006662939514674869
es_0357388,4,4,0.01788883713451601,0.03673306828817273,0.1705061037762617,0.3745102192561848,0.40036177154486474
es_0764025,4,3,0.03269535394351841,0.15545572263395957,0.13846969848474303,0.4130982922630732,0.26028093267470576
es_0277359,0,0,0.2638394671697909,0.25370120215070563,0.1754284456593753,0.18662890941512966,0.12040197560499857
es_0372621,1,0,0.43038286450128993,0.3463739365022791,0.08210212559199895,0.07086201518756208,0.07027905821687
es_0170383,1,1,0.2754688677063532,0.4794444166749935,0.18759553748589242,0.04671360488415879,0.010777573248602007
es_0925003,1,2,0.24104159810781006,0.22670186061863612,0.2819006802306531,0.19631070960922786,0.05404515143367278
es_0468689,1,1,0.18971708175635688,0.5882518707778668,0.11485584607919068,0.06360245339209081,0.04357274799449477
es_0116802,2,1,0.1018157473458748,0.44076853926565873,0.24821570525659825,0.11417512544155403,0.09502488269031419
es_0796276,4,4,0.0008835131323718826,0.014993177668656843,0.08542971587179779,0.27661075859513495,0.6220828347320386
es_0911751,1,1,0.19035881203218138,0.4435526808940023,0.29718999335302837,0.0634793763504375,0.005419137370350395
es_0990178,0,0,0.7988025988418647,0.09167692736215566,0.0470513867977427,0.029857510214865844,0.032611576783371204
es_0443201,0,1,0.06478799843202208,0.30435052083771447,0.18404726156388906,0.2896369586609617,0.15717726050541286
es_0388824,1,1,0.024521617162594177,0.40555050554894984,0.2074309105698373,0.2788482332401165,0.08364873347850213
es_0444132,2,0,0.48059108789482374,0.33004860476435605,0.10664503820787403,0.0680587451728529,0.01465652396009306
es_0559198,1,1,0.14196150930390883,0.45361735014687987,0.3593262646036629,0.04181280436873035,0.0032820715768180206
es_0491548,0,0,0.6256811991149787,0.18155485355100714,0.07337035988214065,0.07671023930281509,0.0426833481490585
es_0998076,4,4,0.04719541351999456,0.07038461198411118,0.043037651470409596,0.19394563636274179,0.6454366866627429
es_0813986,2,1,0.07897001353049238,0.43628663150944336,0.24455058155408826,0.20324278853449243,0.03694998487148364
es_0371489,0,0,0.4986242714600304,0.3565868931962513,0.08284330135826475,0.04276795353182513,0.019177580453628402
es_0637355,4,4,0.002439804757975545,0.01703388610905429,0.07261004076349611,0.2027581214808294,0.7051581468886446
es_0710355,4,4,0.015481889736241608,0.07567239750124535,0.13739252023292842,0.3113699093288701,0.4600832832007146
es_0749808,2,3,0.1298627786677758,0.09286387615889966,0.2442604920024256,0.39483549387476174,0.13817735929613717
es_0024126,2,2,0.011602327971106201,0.3015324903216289,0.5546948432148621,0.11821620308583376,0.013954135406569115
es_0997819,3,4,0.0634117288489984,0.0786900363714745,0.1351930828919215,0.22780989747625996,0.4948952544113457
es_0999306,2,0,0.46031151920767793,0.24973530106940428,0.2262449308612582,0.048821878079700676,0.014886370781958846
es_0955113,0,1,0.40453228517114875,0.40563822402085326,0.10342802034185727,0.06158413328353137,0.02481733718260943
es_0023377,4,4,0.0866569527441248,0.21280728540669247,0.2254942437524569,0.23380502131462283,0.24123649678210307
es_0926833,3,2,0.3151539388459157,0.23355283293294465,0.3362330625096141,0.10426168771414188,0.010798477997383765
es_0726451,1,1,0.1832344154193132,0.40260295531909235,0.2874169418614459,0.10258821596433618,0.02415747143581241
es_0020629,3,3,0.0048040552568369,0.01693684133842553,0.20888055663644187,0.48853811767073163,0.280840429097564
es_0248324,4,4,0.004023032113155972,0.023027944919252537,0.0683838148280877,0.26078853941539776,0.643776668724106
es_0688711,2,4,0.03464075493091347,0.22721245859613698,0.17092156580314352,0.20235305559734457,0.36487216507246145
es_0672635,3,3,0.02947610610022678,0.08219462565526003,0.15872684301934412,0.4043727356769634,0.32522968954820575
es_0365259,0,0,0.5482907709143057,0.40383855148439524,0.040515473020875645,0.005122308203312326,0.002232896377111216
es_0064241,0,1,0.2733641969034904,0.44120817598332207,0.20643318391366186,0.055394008644858606,0.023600434554667017
es_0289023,1,3,0.09909583527021411,0.11741157115392775,0.2365510908359561,0.33845323300940977,0.20848826973049234
es_0931660,2,2,0.07252519741566579,0.24444186947726454,0.41921184582012583,0.23594375455227104,0.027877332734672872
es_0819875,0,0,0.5488507399767093,0.30093981897159827,0.04634006062814136,0.06346327386875196,0.040406106554799086
es_0722421,1,2,0.01832499956426684,0.20662358928682228,0.5168602376900938,0.21016166498455763,0.04802950847425942
es_0519637,0,2,0.22865285857511183,0.28035846957548294,0.28429325372301184,0.13826195281840867,0.0684334653079847
es_0275327,4,4,0.002950049457042906,0.042867385723991645,0.10382189448439567,0.15599376607328036,0.6943669042612894
es_0441158,1,1,0.08823812120237262,0.3678838116969717,0.27410783628483026,0.2102105897277015,0.05955964108812384
es_0671578,4,2,0.15757134685514304,0.20386267537004735,0.2358247248808615,0.21372584343075268,0.18901540946319537
es_0976849,1,2,0.10443985427115517,0.2646471395095622,0.43219179205887376,0.17256089656507193,0.026160317595337
es_0648865,1,1,0.08869743004584175,0.5086965151658038,0.12490560191981756,0.15611928298403197,0.12158116988450482
es_0416466,1,0,0.5341368396392092,0.28873044474146575,0.0900222335985967,0.04787774605377864,0.039232735966949726
es_0330304,2,2,0.04968007945708307,0.28296322899751786,0.483525838766213,0.1338630577214208,0.049967795057765274
es_0351171,4,3,0.004352784940374469,0.04092147688284315,0.24886393319929745,0.4265307199582695,0.27933108501921544
es_0222480,1,1,0.1791908192929895,0.29282179726698637,0.28094506189210516,0.18579692840109585,0.06124539314682316
es_0843621,0,0,0.7147300078406605,0.14702584206441666,0.053290464254715744,0.06539814987328726,0.01955553596691987
es_0361187,4,4,0.0028916388133180112,0.009924981390762457,0.05145997385227785,0.3430284552037954,0.5926949507398463
es_0346300,3,4,0.06778982083511913,0.059385111243621135,0.10937305436106592,0.2764495112055059,0.48700250235468784
es_0398829,3,2,0.0016582549469367728,0.060293751315030134,0.4100002300528282,0.40827561674301965,0.11977214694218516
es_0068480,2,1,0.026165055195197177,0.3186190127656172,0.29607045666237175,0.2260262625236825,0.13311921285313139
es_0983744,1,0,0.4809640170408603,0.2135396410934022,0.20764773709267131,0.06640951822979824,0.031439086543268026
es_0194048,4,4,0.00047708017145874445,0.00863087491515514,0.08935247889475632,0.36626474337438364,0.5352748226442461
es_0254241,1,2,0.03463396927439151,0.2892070168015432,0.3831011983799103,0.2112213950957888,0.08183642044836612
es_0975444,0,1,0.23369527267568682,0.2844141755829071,0.23985465811424417,0.1230785604900837,0.11895733313707817
es_0871302,4,4,0.004741623581011237,0.012624793747854957,0.06649924672552493,0.2611540788247376,0.6549802571208714
es_0882625,4,4,0.14245728897655724,0.013480656332820773,0.027618517921827217,0.1291861315240352,0.6872574052447595
es_0658436,1,3,0.0635496483158698,0.240583377434392,0.12801224038683856,0.30858272683354404,0.2592720070293556
es_0370280,3,3,0.01703201733291019,0.1210806469045677,0.1311000473506609,0.48594559032561363,0.24484169808624756
es_0145829,4,1,0.08981474149905791,0.2884996319908793,0.15688576252499892,0.24444689616235396,0.22035296782270994
es_0568424,1,2,0.031310642629258464,0.22851708510565497,0.43145450443069217,0.15448010425841466,0.1542376635759797
es_0531289,1,0,0.36641872324792757,0.23128223978231804,0.34862322385163813,0.04052619897389163,0.01314961414422466
es_0239785,2,3,0.024896690041695622,0.08620590770317514,0.2214851038781823,0.4837017942147802,0.18371050416216675
es_0707995,4,4,0.0035421552186559583,0.039368658209121526,0.08521968151133616,0.29319013561755625,0.5786793694433301
es_0435484,2,1,0.11741629098628534,0.38727704794742396,0.20276848784805895,0.25677015840410217,0.03576801481412955
es_0695487,2,2,0.2778394408601533,0.10547272498194767,0.3021655072412967,0.2730695421762222,0.041452784740380215
es_0544461,3,3,0.08814737489156331,0.09433901438670607,0.17521058399584696,0.3410508072394597,0.30125221948642406
es_0436386,3,3,0.0015966208231481271,0.05191501346357112,0.1707393751853206,0.48511083897364415,0.29063815155431605
es_0926507,2,1,0.10943370336665115,0.36833743144005043,0.30474374382501923,0.11505265254685146,0.1024324688214276
es_0862121,4,4,0.06037318444451184,0.04240432142624649,0.04881627779541354,0.1569897071962798,0.6914165091375484
es_0843556,2,1,0.07684220657046865,0.38582526809203466,0.2811260629561821,0.12296769667255317,0.13323876570876145
es_0714788,1,0,0.693262460318747,0.21230707168980537,0.03708610461228739,0.0311262786136939,0.02621808476546627
es_0102373,3,2,0.02292689544588904,0.17159565027587126,0.29672024864301144,0.27322142649282705,0.23553577914240126
es_0897553,4,4,0.03171398575010672,0.08171896063702251,0.1615720703554823,0.20905436166332247,0.515940621594066
es_0678648,0,1,0.20429407150377427,0.4639151141637606,0.2106550122549801,0.055154504823180704,0.06598129725430446
es_0810988,4,4,0.035471892977463546,0.07398468340628286,0.12078756403602839,0.276797911418602,0.4929579481616232
es_0188644,1,0,0.5655809613682671,0.3273761188290341,0.0745135643013902,0.026426230432508573,0.006103125068800188
es_0420608,4,1,0.0193913554842094,0.329039931995077,0.30402563134458965,0.22428992606762313,0.12325315510850085
es_0284163,0,0,0.6298350150445888,0.3221708918301428,0.0364880602249254,0.006957381123835406,0.004548651776507528
es_0176170,1,0,0.3725790708044839,0.25767272008987085,0.26944546282284587,0.06339070079783637,0.036912045484962915
es_0198132,1,1,0.17626386238695502,0.4700221196389755,0.257488624361867,0.05313190402115492,0.04309348959104757
es_0667927,2,1,0.23657097057714535,0.3262459627789692,0.17157034041593394,0.1730955713619827,0.09251715486596881
es_0627420,4,4,0.01695647637834505,0.08639018167378018,0.11921905055045831,0.32742336756968926,0.45001092382772717
es_0776878,0,1,0.2833316125285005,0.41580458105422125,0.24860914255944894,0.04060837273375768,0.011646291124071707
es_0770111,0,0,0.7409193514641701,0.17228613897252637,0.06570617998452388,0.014502677235062433,0.006585652343717334
es_0585055,2,2,0.05801690939632487,0.3038950765411971,0.39759561255018705,0.20113024197951854,0.03936215953277249
es_0244282,0,0,0.6541984465705142,0.18520587455107893,0.10069641776114917,0.030722568394004956,0.029176692723252816
es_0672699,3,2,0.006904529627678726,0.20259853323835922,0.3943599513714675,0.35713880713954815,0.038998178622946425
es_0430293,1,2,0.21006062721326785,0.3114694184729808,0.3664944123379711,0.10357291768882335,0.008402624286956916
es_0704864,2,3,0.007207326561790064,0.20827734771833536,0.30745558226296343,0.3359829003337014,0.1410768431232097
es_0993995,0,0,0.5730738896011289,0.24897091798283624,0.10888260038106579,0.05161741893429374,0.017455173100675347
es_0131245,1,2,0.007456526301013011,0.2604482440846788,0.4192722703077826,0.30475378042695656,0.008069178879569042
es_0345352,0,0,0.5092606986663252,0.2528153000711598,0.19359852082886936,0.03376093797678427,0.010564542456861437
es_0397902,2,2,0.05731371508533306,0.2524524443463737,0.3086526856031624,0.2906575288433408,0.09092362612179003
es_0680823,0,1,0.19046645011884283,0.558743597513852,0.12796268869513208,0.056851404646443025,0.06597585902573007
es_0743914,1,0,0.3601057333878847,0.22082710079881976,0.21445832836306536,0.17466121161628928,0.02994762583394081
es_0221079,2,1,0.3006796127355362,0.3460959901540136,0.17201098597847278,0.11745231169858714,0.06376109943339034
es_0870441,1,1,0.005220067096852006,0.4137439979149084,0.3783719408044158,0.1916695747414494,0.01099441944237442
es_0015023,1,1,0.07188628380946346,0.34087361178280123,0.27019459138138807,0.2519545898664341,0.06509092315991308
es_0612116,4,4,0.004401029504158328,0.02929121929373275,0.11677202937488469,0.30889274784905096,0.5406429739781732
es_0194580,3,4,0.010648297530851591,0.06670980547138179,0.21320037925488702,0.2664393377303163,0.4430021800125634
es_0084563,4,0,0.3623091131754422,0.29427726761577266,0.08515698605053768,0.1403334506344214,0.11792318252382619
es_0154006,0,0,0.5122050679438745,0.25963888021982706,0.16418443081486475,0.05346041140291704,0.010511209618516749
es_0652022,0,0,0.6573468948598744,0.1999033761186188,0.03845869625968588,0.04470604756057991,0.05958498520124091
es_0518314,1,2,0.01037049100180045,0.2285728490515675,0.37247249054007436,0.3600433955126182,0.02854077389393943
es_0255005,0,0,0.7691389504036872,0.15791392612178767,0.040239840525680005,0.02040090074208633,0.012306382206758854
es_0084818,3,3,0.01585988950200456,0.05834094224216295,0.3877054628007951,0.45250111527187925,0.08559259018315814
es_0386000,2,1,0.18397555206595054,0.22342773586605963,0.17394436503337943,0.21973679887832995,0.1989155481562805
es_0931231,0,0,0.44375647760040415,0.3324509909776491,0.08003587436715162,0.10753552670930674,0.036221130345488343
es_0474977,4,4,0.02859675742250794,0.08551042611565376,0.1387665446693287,0.2775861215383854,0.4695401502541241
es_0755999,0,2,0.1794533115260964,0.360903463938938,0.36639595419084536,0.08575504675343333,0.007492223590687011
es_0959925,3,4,0.04221166568531559,0.03480651786783421,0.07816690938768063,0.2836695011775639,0.5611454058816057
es_0848701,3,4,0.009238603624947717,0.027873995935394393,0.15007438242552756,0.373241190866183,0.43957182714794724
es_0206668,3,2,0.02607303169379358,0.16198648837494184,0.37489979025225817,0.32197154531002703,0.11506914436897939
es_0018769,3,1,0.22121713444855645,0.34526451591492296,0.23675064897204523,0.16007737709522257,0.03669032356925279
es_0959052,1,1,0.08441202205772994,0.5118580023271728,0.28333086298137916,0.06415776908148615,0.05624134355223198
es_0758628,2,2,0.015810717066141358,0.39663263764322243,0.4487160139212471,0.11189645651088234,0.026944174858506715
es_0537710,3,1,0.22025561429523846,0.4186262769587595,0.21105364925709574,0.11090908194045401,0.039155377548452296
es_0699361,3,4,0.018310505564124287,0.043571917534021135,0.05958575434707771,0.24347501999064938,0.6350568025641274
es_0160706,1,1,0.3438048291809269,0.3870773144614247,0.19149158509799277,0.07252852129178304,0.005097749967872688
es_0325508,3,3,0.0031052503632607587,0.1094958012910598,0.31987994672381265,0.32002133018180545,0.24749767144006132
es_0345756,2,1,0.17485096956568494,0.3514412693697412,0.2121940834351422,0.21860488023424657,0.04290879739518509
es_0290320,1,0,0.3511202735946042,0.24696875874407356,0.1694051667830728,0.17496592777431408,0.05753987310393534
es_0842891,3,3,0.05528455181680594,0.1033969477219697,0.3148872970245437,0.36232364550786533,0.1641075579288153
es_0825016,3,4,0.03367252187139054,0.06016458358806672,0.059401496764667605,0.22909624349414526,0.61766515428173
es_0990806,2,2,0.11536993313455948,0.3592737964977654,0.4132114011585575,0.10408719565355173,0.008057673555565822
es_0793039,0,0,0.41121840885955346,0.3071120547967041,0.20231249412785038,0.05657923230383617,0.022777809912055958
es_0673427,0,0,0.5460746436817544,0.40608356786050087,0.03195727062906749,0.011236919503892415,0.004647598324784787
es_0711026,2,4,0.025684431725447966,0.03353803322558903,0.07059178846124026,0.3366967519064026,0.5334889946813203
es_0209194,1,0,0.3516575578643152,0.2920645570184694,0.25563717438237105,0.09260077961220818,0.008039931122636155
es_0201153,4,3,0.010272268642621896,0.038379629449969324,0.2584855641682435,0.5024327628159713,0.19042977492319418
es_0758541,1,1,0.2820391836591873,0.3947335154312376,0.2506099619953014,0.054792506839340185,0.017824832074933482
es_0595093,2,2,0.02092691923761574,0.24933707035387095,0.46034159959585946,0.2307329263583064,0.03866148445434739
es_0303131,4,4,0.010923479797045514,0.061304734578212484,0.1232962075773744,0.3296484030634292,0.47482717498393845
es_0685903,0,0,0.3845224710061661,0.3067453161644263,0.15482146082411719,0.08395679572204638,0.06995395628324404
es_0998944,4,2,0.11645115688624108,0.24135810232662766,0.2756642378749415,0.21384073316125324,0.1526857697509365
es_0907908,4,4,0.06359511216041058,0.1929136655968528,0.16952563509737728,0.18506476776321948,0.38890081938213994
es_0102397,2,4,0.01994923841284077,0.07388360680190278,0.11656686381435788,0.36160271420587414,0.4279975767650243
es_0081938,1,2,0.08813686678866486,0.3207073631400389,0.3599207602398362,0.2214192546513985,0.00981575518006151
es_0099571,0,3,0.07493228818208342,0.13155343337484163,0.2618413289555461,0.31949232963963786,0.21218061984789097
es_0886117,3,3,0.023111983039929458,0.17653706798518903,0.1524006128273768,0.4507626699955952,0.19718766615190947
es_0054172,1,2,0.05626343458894752,0.26936282940809203,0.5523143957474749,0.11284601779501383,0.009213322460471829
es_0345917,0,0,0.6227440125404042,0.2566142355400197,0.06306574662386323,0.025211320316953244,0.03236468497875959
es_0925068,2,1,0.33063605633866305,0.4187480979484768,0.18482418172416556,0.05109647274624096,0.014695191242453673
es_0138050,1,0,0.4332124234507232,0.15982375976925378,0.1101117350937629,0.15903813480582257,0.1378139468804375
es_0893736,1,1,0.14018539101442956,0.37019619817364613,0.3119358558970172,0.17296789130817677,0.004714663606730375
es_0738689,4,4,0.019206109576614293,0.02523884044144642,0.07224426147065058,0.2759787679611982,0.6073320205500905
es_0493852,2,2,0.06943174232700314,0.25018144605477577,0.4959599399453591,0.13558991690594338,0.04883695476691855
es_0082105,3,2,0.09285623559873124,0.12796713296446746,0.5900402607148539,0.15902693370632884,0.03010943701561846
es_0324344,4,4,0.06395087271779062,0.08997684588126766,0.07374414768881053,0.20470822670102135,0.5676199070111098
es_0109896,2,2,0.021555887340745084,0.15133743324450366,0.47160270678671434,0.3306134070616422,0.02489056556639472
es_0571803,2,2,0.12826646404063524,0.3362752943841694,0.40322162887713836,0.11427702507461295,0.017959587623444025
es_0497744,4,4,0.0683266706688899,0.03800708612529556,0.03264447323665566,0.24881936125707424,0.6122024087120846
es_0886101,0,0,0.7883209037231869,0.06678093967777975,0.07330276006324576,0.049576018351570536,0.022019378184217127
es_0157673,0,0,0.4097029874676119,0.207971022125058,0.17900058474574743,0.12757751217880356,0.07574789348277915
es_0771579,2,2,0.029670680782529664,0.30306803330844684,0.541030374722679,0.0872777259888665,0.038953185197477876
es_0412213,2,1,0.3870226204984776,0.4334931358915692,0.1038293219555956,0.03373569264431727,0.041919229010040436
es_0905850,1,3,0.025720654048871312,0.3232564154261009,0.2541753231319367,0.32944143959632616,0.06740616779676491
es_0239783,2,1,0.1174996242368119,0.3053818098494677,0.3022267269560312,0.24185866610684298,0.033033172850846185
es_0621031,0,0,0.7975347091618726,0.14309847644823193,0.030982213448770994,0.0196396544511164,0.008744946490008152
es_0495835,3,2,0.012930124377456867,0.10026342280786686,0.5575359106068044,0.3170652483589732,0.012205293848898536
es_0044296,4,4,0.010467306543310814,0.04826005478697138,0.08064427934727864,0.38302133136228517,0.4776070279601541
es_0496948,1,2,0.10922810119576228,0.21738179972152372,0.46568580703544055,0.19984342794077534,0.007860864106498108
es_0807151,0,2,0.07543739380359489,0.29769027370801526,0.3784109506512601,0.173944950524001,0.07451643131312877
es_0577934,4,4,0.0014076440062823915,0.0068918909441910165,0.06295310168333301,0.31362549234088577,0.6151218710253078
es_0019676,1,1,0.27319997705152305,0.47637813389638506,0.17243650862689255,0.05737108358375771,0.020614296841441705
es_0128637,4,2,0.14077924585864127,0.2620111218537273,0.29166502724080406,0.19667294111020098,0.1088716639366264
es_0134657,0,0,0.7435297774074654,0.1705154201177264,0.051068919890152706,0.02270532371088741,0.012180558873768082
es_0817696,4,4,0.04574028639433337,0.06698120394441838,0.1473038210423246,0.29374449139831305,0.4462301972206106
es_0518729,3,2,0.030669763725608434,0.18411978542407298,0.40329340656785406,0.2781458322650286,0.10377121201743586
es_0514048,3,2,0.19618929769133298,0.17940578077731553,0.21306717447579207,0.20581106947714872,0.20552667757841075
es_0770486,3,1,0.023926048944323784,0.43861779976682963,0.31838610161269615,0.16783977512598341,0.05123027455016708
es_0765351,0,0,0.6461289922662186,0.14861433919826542,0.12338878219971564,0.055170049213653836,0.026697837122146555
es_0958124,2,2,0.04085716212276484,0.23272082555178453,0.4068754324183675,0.18307703080907242,0.13646954909801065
es_0130792,4,4,0.010697202974659072,0.053103925673710285,0.09247593013524165,0.3235573699041056,0.5201655713122834
es_0703745,3,4,0.005938977779762869,0.01700112697653167,0.052568855735928934,0.35523053529012205,0.5692605042176544
es_0661308,4,0,0.5013080476983222,0.2031977737071593,0.1675362207393014,0.08325565888068227,0.04470229897453486
es_0515040,4,3,0.15273623489714555,0.12273879674788939,0.17937587647683223,0.3323476306336784,0.21280146124445443
es_0532817,3,2,0.17121833707865677,0.13837912459176988,0.29272676916517715,0.25857404675424284,0.13910172241015334
es_0559590,0,1,0.19761949222854963,0.4806192993053077,0.26875966057709305,0.03730921281645726,0.015692335072592385
es_0934912,0,0,0.7694006859455086,0.0834716072146975,0.07130010004369944,0.04269064060393376,0.03313696619216067
es_0430632,4,3,0.027722161413484363,0.03651523966519464,0.08422415260886543,0.441085018630205,0.41045342768225057
es_0110350,3,2,0.039369354945842865,0.16219833352721658,0.3893926705087381,0.36800990519492605,0.041029735823276375
es_0402097,0,1,0.23351278424064947,0.3677544541164442,0.15586912356607446,0.09978359063911635,0.14308004743771555
es_0411111,0,0,0.425276578687449,0.3160654817885478,0.1548900602731973,0.06315393922095754,0.04061394002984837
es_0681217,0,2,0.0616696142401032,0.22201213814670995,0.44408725743204114,0.2125329436357092,0.05969804654543655
es_0736696,1,0,0.4816380163702199,0.3569171161217922,0.12396911182848916,0.02738877433831659,0.010086981341181989
es_0351794,1,1,0.29123291536957463,0.4280874299393072,0.22456179914331673,0.039495985999431514,0.01662186954836994
es_0066257,2,3,0.25859085347541494,0.2627342079950415,0.09883016990718452,0.2783179959263776,0.1015267726959814
es_0610908,1,0,0.2608765835954657,0.24092778528690664,0.2102918710297336,0.18418482009044707,0.1037189399974469
es_0124255,0,0,0.38704165891003517,0.10389832789301887,0.21280002197064857,0.1735974921987434,0.122662499027554
es_0604381,0,0,0.7347763133193619,0.15719421977980183,0.05477757753238956,0.02698881620184552,0.026263073166601182
es_0787935,3,4,0.030545077374853596,0.14178463983315295,0.1656353667411184,0.3254924942432235,0.3365424218076516
es_0792860,2,2,0.14902461888252755,0.238283659227393,0.31299715852923427,0.23763907969731918,0.06205548366352596
es_0438163,0,0,0.5588826056958097,0.3070809711164631,0.09461546293245329,0.031575570779444354,0.007845389475829658
es_0704937,1,2,0.1452278703448639,0.3194420219731701,0.35360922695843244,0.15407793413026818,0.02764294659326546
es_0128253,2,1,0.12694538571246056,0.37188811880054945,0.3336726507954144,0.10559495429101957,0.06189889040055596
es_0995809,4,4,0.01738648727501109,0.06939388497366827,0.054165010089966756,0.12444925026586078,0.7346053673954931
es_0854889,1,1,0.23198724756918562,0.463732798720249,0.17842791714491904,0.07889896828713189,0.04695306827851435
es_0402708,4,4,0.00562368433884136,0.0828495474803111,0.07985210283927761,0.21071427980761115,0.6209603855339588
es_0744344,4,4,0.008007990639250872,0.04514328010440407,0.08163700820519079,0.33553200154670954,0.5296797195044448
es_0917536,2,1,0.256694967288546,0.3732996208445377,0.13803311152493067,0.07773983802232563,0.15423246231965995
es_0272459,3,4,0.00318622120306956,0.03654515522284786,0.049537538426484055,0.3459539379451069,0.5647771472024916
es_0605761,0,1,0.2640818129103203,0.3710495216971675,0.031677703596704056,0.10129765947845563,0.23189330231735247
es_0796132,4,4,0.025467927203274898,0.05018953009274635,0.041881600124660294,0.1811156217383393,0.7013453208409792
es_0357326,4,4,0.0027822192453693306,0.01760053725141192,0.05638733822805916,0.2652841778109646,0.657945727464195
es_0546789,0,0,0.43660436268378866,0.29596798886114195,0.15451873952365058,0.06526890589261385,0.04764000303880491
es_0170054,4,4,0.014640464601032358,0.08706948219792314,0.2148284352902743,0.16024546084888053,0.5232161570618896
es_0134891,2,0,0.29739251986622284,0.25901553914394465,0.21877979499310457,0.11843398469846582,0.1063781612982622
es_0107282,3,4,0.13687670859658696,0.07252614746307287,0.20317371738616777,0.17398666134677562,0.4134367652073968
es_0021537,3,1,0.20009539409928928,0.3042558306897062,0.2164631581844068,0.21295005686727478,0.06623556015932289
es_0371031,3,4,0.18356277137369534,0.2373188330893071,0.19063408146011218,0.13261674473909552,0.25586756933778976
es_0208302,2,2,0.009783273318611264,0.26971893620461984,0.39664855928571824,0.23045064545621569,0.09339858573483492
es_0741980,3,4,0.02027435758170661,0.12666846778988905,0.2477508151494864,0.2862197625571543,0.31908659692176367
es_0499421,0,0,0.3216406451680191,0.2723610871983128,0.17671697932198208,0.18974304759676316,0.03953824071492287
es_0394317,1,3,0.03880810774395858,0.14747362012407217,0.3546303337808507,0.41271706973769196,0.046370868613426555
es_0940674,4,4,0.05790569800248639,0.07772256999534757,0.1594189514557383,0.32120650813497575,0.38374627241145187
es_0304793,4,2,0.06444566920549433,0.3098453116528238,0.42700374699950566,0.14178559554792236,0.0569196765942538
es_0511325,2,4,0.0043017699704125945,0.00788513553120124,0.18097058217181616,0.28067939661042807,0.526163115716142
es_0775187,1,0,0.439938229431667,0.35954575183650556,0.17583688828747066,0.02168080343662653,0.0029983270077302043
es_0291972,0,2,0.2744504638058643,0.3003844521774996,0.3137240579663198,0.09017288956033236,0.0212681364899839
es_0938468,1,4,0.18638562227938016,0.1202873447229118,0.1182864556211179,0.18109947447141161,0.3939411029051786
es_0097546,1,0,0.41949303604972343,0.2757683832091425,0.17589956239789548,0.0807101800428319,0.0481288383004068
es_0882371,2,4,0.12130423780357587,0.1760308269402298,0.2063021813487173,0.24063907361481066,0.2557236802926664
es_0294775,2,2,0.19779652429735914,0.3632997668377707,0.3848171921185621,0.04855593209089367,0.00553058465541433
es_0534650,2,2,0.039932718978288026,0.34330618449382033,0.3727981465222048,0.22749726388448713,0.016465686121199724
es_0675730,1,2,0.10320968297698667,0.26100759750725866,0.28495054614785514,0.2692458841898697,0.08158628917802986
es_0065024,0,0,0.6401217859320655,0.2842037198903085,0.05231319507630126,0.01911097289095943,0.0042503262103654625
es_0897817,4,4,0.05653146280956889,0.028026398952891208,0.10708430140233507,0.3871841264877075,0.4211737103474974
es_0824164,1,4,0.26862509638782117,0.09810017780919993,0.08142043644449615,0.14230230085967563,0.40955198849880714
es_0381424,1,2,0.08168042989600328,0.21408015781533346,0.35884851320737027,0.32263439125515336,0.022756507826139496
es_0059394,3,2,0.006866856512291219,0.20624429068121009,0.37244812050274895,0.36438640540113354,0.05005432690261615
es_0739272,0,0,0.43699090603802315,0.4369111364994823,0.07596869937511116,0.04425904728571929,0.005870210801664008
es_0483991,4,4,0.015004402874167436,0.11873768189778819,0.03806037601873517,0.3267458847367125,0.5014516544725967
es_0632661,2,1,0.2788611880569651,0.48572484124526066,0.11247193398829722,0.0802560745672227,0.042685962142254376
es_0257951,2,1,0.3406104687706372,0.427423545918558,0.14562487758901188,0.054057639656623115,0.03228346806516971
es_0712995,4,4,0.001852329942055957,0.0025839424129857776,0.05520369411059293,0.40867480918349514,0.5316852243508702
es_0844475,2,2,0.01698225637018651,0.2026650600618721,0.49947054125883145,0.26133747312257305,0.019544669186536995
es_0304184,3,4,0.011168934843478414,0.04951276543061195,0.08211166889221846,0.3677019353861412,0.48950469544754993
es_0304782,4,4,0.0007416531887526832,0.003329572430237996,0.03398563618177512,0.3446342273975943,0.6173089108016399
es_0979457,3,3,0.05501183952681251,0.06174556709078681,0.13808388501304006,0.4265852072999786,0.31857350106938204
es_0716362,2,3,0.007657418784856887,0.2163978402870983,0.35359579875072666,0.3647479821607088,0.0576009600166094
es_0955849,2,3,0.021678913787891677,0.2921596899539643,0.3116410312563418,0.33567086892810527,0.03884949607369692
es_0377439,0,1,0.33765674653650557,0.3954541445081829,0.09749304531436276,0.07785894281032843,0.0915371208306203
es_0478123,3,3,0.008355329004845527,0.0695316208616626,0.10505872146222557,0.4682608502111692,0.34879347846009706
es_0010072,4,4,0.008136037989496553,0.059844913879543285,0.048011010618580624,0.1570082494393447,0.7269997880730348
es_0913267,1,2,0.0694406767023277,0.12700852306662516,0.543737337556937,0.22937497496308926,0.030438487711020888
es_0993926,3,4,0.06994734600846164,0.07146647737594247,0.25268994470853917,0.2911126860548968,0.3147835458521599
es_0906723,4,4,0.09397879041158125,0.11668105425491673,0.07709157176861557,0.10132324905628583,0.6109253345086006
es_0181037,0,0,0.45094735481727105,0.31818750725606715,0.06488301361066026,0.09042554039142595,0.07555658392457547
es_0485235,3,2,0.01628334908074765,0.230981830229599,0.32784934733701165,0.324498599191987,0.10038687416065473
es_0889491,4,4,0.016269382263538128,0.13502075717814843,0.11867619354929841,0.2291031041886074,0.5009305628204077
es_0170691,3,4,0.06617356320871567,0.0707628422518399,0.05361644509202711,0.3499383886890283,0.45950876075838903
es_0480716,0,0,0.5729677438553347,0.2513436028056212,0.12780827221469893,0.034747694778603504,0.013132686345741714
es_0463211,2,4,0.04468560284317809,0.07144967343614343,0.10386506011309438,0.3113950247021102,0.4686046389054739
es_0344907,1,0,0.3266575292786617,0.27655345614970245,0.276767887537797,0.07979681772949188,0.04022430930434704
es_0719223,1,0,0.35883602856739644,0.34269568371598214,0.13110840384298025,0.07909079910411032,0.08826908476953083
es_0493523,0,1,0.2414893950167117,0.4540510383551194,0.21377036267352034,0.06192405660463528,0.02876514735001328
es_0144980,2,2,0.027706527404868654,0.1980666052292749,0.47461931786598016,0.1895573778101836,0.11005017168969264
es_0209524,2,4,0.20094618621627602,0.19267134980677467,0.16826562148218785,0.21438967833154407,0.2237271641632174
es_0007325,0,0,0.5372055716783687,0.3928759964498882,0.04555402324362841,0.0179378040980401,0.006426604530074606
es_0321037,2,2,0.01315306531460223,0.3803703315588871,0.4513534876864848,0.08230294661387863,0.07282016882614722
es_0338932,3,4,0.016892609356725465,0.1223177582306123,0.2195753979966324,0.3204136455008534,0.3208005889151765
es_0935205,0,2,0.07567145800461973,0.26279980086625926,0.41233523774659187,0.21112547785852173,0.03806802552400741
es_0824620,1,1,0.06490219297288581,0.36018676629659324,0.35206895720139153,0.16583921374139984,0.057002869787729546
es_0067497,0,0,0.7371310557145447,0.1441402099435539,0.06919835522723877,0.030875053194509977,0.01865532592015256
es_0114295,0,0,0.5978550561950082,0.29047785756920924,0.08300352050476746,0.015900256268445923,0.012763309462569022
es_0023378,3,3,0.0162987979364261,0.07488530304773865,0.1276784306381306,0.5364579695675331,0.24467949881017143
es_0306105,4,4,0.00042565117215900594,0.004025094736797951,0.13765644436754249,0.382333096167053,0.4755597135564475
es_0725480,3,3,0.005757250476486167,0.06536675293268938,0.3504071184850719,0.37734246730720805,0.20112641079854443
es_0478961,0,0,0.37646668642340986,0.2969408589800421,0.2547093452885173,0.056569225336827914,0.015313883971202879
es_0968785,0,0,0.4253190463422959,0.42039277644666095,0.10236106173492006,0.03343860969265569,0.01848850578346744
es_0709873,3,4,0.023044014181486695,0.05493843995707679,0.17875712735579782,0.35517258265608,0.3880878358495588
es_0675755,2,2,0.08403098019509739,0.29635416244285145,0.5081445610218098,0.08901332113327597,0.02245697520696528
es_0418527,0,1,0.13659323954054964,0.470455598910576,0.19761951355032278,0.090356991702987,0.10497465629556454
es_0749598,1,0,0.36763388523882734,0.35654721558344615,0.04729451580363288,0.08167529068376253,0.14684909269033106
es_0644590,1,1,0.17275883625503002,0.3869879179155443,0.17520066893890007,0.1725657363479292,0.09248684054259634
es_0240020,1,1,0.13847689961674542,0.4086667433864086,0.24885113952678894,0.1476500242820917,0.056355193187965356
es_0067329,3,3,0.012328600342818114,0.10107072872056963,0.1963462041890341,0.5975898600594676,0.09266460668811072
es_0995273,1,0,0.4512623728470092,0.28795806071117214,0.16387776132656315,0.07582981555784804,0.021071989557407418
es_0114427,3,4,0.01935061553479918,0.22909578617985032,0.06082823624901246,0.17470213843522425,0.5160232236011139
es_0860940,0,0,0.4871809993568685,0.126686510395065,0.246162994299611,0.08903127014843466,0.050938225800020775
es_0926731,4,4,0.0005840368911445689,0.007847602783035097,0.08187911323975783,0.32395533209615024,0.5857339149899123
es_0555368,4,3,0.006648892006223489,0.06235944893140517,0.22282363055188745,0.38236883042751524,0.32579919808296864
es_0349088,2,2,0.04672692304677477,0.24769107931869666,0.42476435946096275,0.2566512420864901,0.02416639608707576
es_0624242,4,4,0.009379799442181837,0.05250843602558157,0.052378387973890286,0.2067095676982281,0.6790238088601184
es_0818784,2,4,0.11394418317046702,0.2957697770510408,0.09951743707731367,0.16305052882556695,0.3277180738756115
es_0707566,1,1,0.24668444579186719,0.3064583754013056,0.16879611812361925,0.14026410845480486,0.13779695222840305
es_0386809,2,2,0.029941660106731282,0.22475426569114462,0.42054989857085834,0.28374112428579784,0.04101305134546783
es_0522445,2,3,0.020028699838680518,0.1309014744459587,0.272787224777776,0.3910579123415475,0.1852246885960372
es_0144567,1,1,0.014449759298033337,0.4175420372237707,0.3720719339182791,0.18778504688618897,0.008151222673727924
es_0336824,0,0,0.6191891620594021,0.3094948501234801,0.036706669408617436,0.020483888495436385,0.01412542991306405
es_0816541,1,2,0.12188061225050655,0.2861220697931988,0.31699803848993946,0.1755484403083461,0.0994508391580091
es_0437534,1,1,0.23836334241859855,0.4735054253708132,0.14548160117060877,0.1090711085776757,0.03357852246230389
es_0657233,4,4,0.10446737447710086,0.24122259794206952,0.1625298316021083,0.22668568951068652,0.26509450646803473
es_0941827,3,1,0.10966336928714004,0.3605760019208775,0.2375492558350524,0.20696259752702378,0.08524877542990623
es_0198286,1,1,0.03756658580147995,0.46898784125726944,0.22120736356428822,0.21811874830633124,0.05411946107063107
es_0117629,1,0,0.3891129301714197,0.24366816863122312,0.21025781670553173,0.11509066866774673,0.04187041582407888
es_0741364,4,4,0.15542357996507075,0.12649641331831885,0.09122193336184463,0.16174512123945156,0.4651129521153143
es_0236500,4,4,0.0037708460649093557,0.012153989223633987,0.12781003909126287,0.3200007147917281,0.5362644108284658
es_0703242,3,3,0.0007855930857549626,0.02497393346315743,0.36191095133785284,0.46971936056558217,0.1426101615476525
es_0253136,3,2,0.02400132136025796,0.15193407934361272,0.32750631090164584,0.21149570973170798,0.28506257866277557
es_0732282,3,3,0.06957671179824382,0.10240040434881696,0.23472100106913385,0.4703868937365148,0.12291498904729055
es_0005853,0,1,0.24829343897528938,0.3411285099885069,0.23103833783332525,0.14168742614532814,0.037852287057550275
es_0747911,4,4,0.0011083060950086376,0.014688321531295886,0.09654287831618417,0.31115571855833324,0.576504775499178
es_0376323,2,4,0.021617414886898723,0.0407831145188368,0.16776277045325777,0.3557942959460544,0.4140424041949523
es_0355455,0,1,0.39027596742692927,0.4246039784010116,0.08778212718941883,0.05972542920290856,0.03761249777973173
es_0627305,4,4,0.08814919782404447,0.08680053295155002,0.04216815061283525,0.20883223208983032,0.5740498865217399
es_0654753,1,1,0.08119062094788847,0.3680637475329188,0.2453130083632234,0.19580932443610044,0.1096232987198688
es_0722171,3,3,0.02813026224437226,0.1198289227992541,0.29730471217480225,0.33442867695627343,0.2203074258252979
es_0527449,1,1,0.2888413677047569,0.3517674679686931,0.23903164111733913,0.10057350066955446,0.019786022539656323
es_0770722,1,0,0.3972406992088244,0.1882748152602526,0.18381199273117838,0.15605858804986877,0.07461390474987588
es_0091861,1,3,0.004394892593830633,0.14135840802470673,0.31793448225372617,0.3268674286646462,0.20944478846309042
es_0043207,0,0,0.43160882530807987,0.31978547410999314,0.19061563533422315,0.045443671560714625,0.01254639368698921
es_0887353,2,1,0.09845044283163956,0.35708326408818536,0.2011323809781819,0.12215656781127682,0.22117734429071625
es_0438094,3,4,0.028720708240786087,0.07638530393335852,0.07108936454987078,0.3135959460405213,0.5102086772354633
es_0379701,3,4,0.00045325964114013883,0.001128979460989459,0.02797787332345909,0.4222890516465614,0.54815083592785
es_0479728,0,0,0.47583206877099826,0.2696868257241104,0.1134138869982431,0.08829811936735663,0.0527690991392916
es_0276660,3,3,0.0020655304279832937,0.028895709867101316,0.2858337681126789,0.427569359343012,0.2556356322492245
es_0690942,3,3,0.08173977918285864,0.13267596332072584,0.27782796946424304,0.29688968862584086,0.2108665994063315
es_0452970,2,1,0.1215291435080517,0.38530532993472166,0.34805100751512685,0.10219824618485482,0.042916272857245044
es_0019844,4,4,0.027348204955258283,0.03883659406739546,0.028956931241977707,0.19880192090372212,0.7060563488316466
es_0593368,1,0,0.32397551190960655,0.2787296510694985,0.2875726216646218,0.09772106440757007,0.012001150948703137
es_0313567,2,4,0.1959010215690836,0.22929057259634017,0.1025473937803166,0.18435501037200092,0.2879060016822587
es_0672759,2,2,0.0800524655539472,0.11783797109620808,0.37937720846544193,0.31495104259921003,0.10778131228519275
es_0552377,1,0,0.444941761387782,0.22635916446545562,0.17834483796307574,0.07702716435201826,0.07332707183166828
es_0935231,4,3,0.008264266235496151,0.030919302736470138,0.2889907883291536,0.45205194090795897,0.21977370179092115
es_0241793,0,0,0.6445317002477191,0.1978979098999465,0.08732160670154364,0.05173854630503364,0.01851023684575703
es_0811721,0,0,0.6803178668111872,0.20010805837939344,0.06311109189908004,0.029709947286529842,0.026753035623809363
es_0330557,4,1,0.12514330157126405,0.2571848247397409,0.2125957842073225,0.15086169106498293,0.25421439841668964
es_0455650,4,4,0.043552400920483146,0.12423405926355872,0.11274852053118571,0.19214684469732202,0.5273181745874503
es_0738636,0,0,0.5379833348885562,0.14083273341275976,0.16388644496650845,0.11495627647214254,0.04234121026003301
es_0583222,4,3,0.07410665188347036,0.15018418480517132,0.12563423900368298,0.3488023107318324,0.30127261357584295
es_0963605,2,2,0.05185105971837105,0.29196615640803464,0.5294768702745272,0.07458684707166639,0.05211906652740085
es_0153109,2,2,0.007861048001223055,0.22565119842683862,0.5841492260725445,0.16157671952785774,0.020761807971536102
es_0805029,3,4,0.0019845439473685188,0.01577798385624401,0.300439191107066,0.2956160189986909,0.3861822620906306
es_0817640,2,2,0.21190140245152497,0.3192918420037,0.3793815976992649,0.08128870859342713,0.008136449252083107
es_0327221,3,4,0.024041968417079153,0.017552386050446102,0.022655866044047207,0.22016216536593927,0.7155876141224884
es_0930172,2,1,0.1612404061151203,0.34243086294201713,0.12372953447222854,0.20359799159918293,0.16900120487145115
es_0849831,2,4,0.056418234760155936,0.13223421728012846,0.1344301099361493,0.2673193492276996,0.40959808879586684
es_0795072,1,1,0.07394805128970368,0.3853569336013701,0.2511672146103089,0.14565061876246835,0.143877181736149
es_0071966,2,2,0.022574375493976125,0.2552567080274412,0.338440168960051,0.18486766734772048,0.19886108017081114
es_0325878,3,4,0.008475554272176566,0.08373801564471527,0.13926841609061866,0.33910753677396654,0.4294104772185229
es_0285563,1,1,0.21698935123574975,0.4391895551398567,0.2620921751405059,0.07287864769311328,0.008850270790774453
es_0492511,1,1,0.2169190928306945,0.4754232102193178,0.17366405113523198,0.07112396313139695,0.06286968268335866
es_0376008,2,2,0.009210017477923875,0.22594090865216945,0.42946078193405823,0.25101184316521374,0.08437644877063477
es_0585607,1,1,0.07380003586004952,0.4307996568198126,0.27773570221598637,0.17981022678102707,0.03785437832312437
es_0418208,1,0,0.29038563039444065,0.16408124781453978,0.15031504211247917,0.20689250760362846,0.18832557207491193
es_0638294,2,1,0.16258968658895184,0.3998564923069411,0.21890014822490605,0.18908207256499165,0.029571600314209467
es_0802957,0,0,0.4102382358058326,0.3915069034947729,0.11827865216724094,0.0637255860122782,0.016250622519875395
es_0079907,3,3,0.04513957178864582,0.1555632831254769,0.2879275649381053,0.3671272505819764,0.1442423295657955
es_0964674,2,2,0.03299339563100264,0.37201519489541246,0.42868137230258646,0.11020298778106696,0.05610704938993153
es_0663482,1,0,0.39799398953234355,0.26535526536737924,0.2036478410804241,0.08521205694270599,0.047790847077146995
es_0492141,4,4,0.1481408697778226,0.11095144170055744,0.08307527426613556,0.22363564707303282,0.43419676718245165
es_0136454,2,2,0.015175420142182372,0.09803336453912495,0.44519705380217944,0.3673898536801433,0.07420430783636991
es_0739155,0,0,0.5176362138516741,0.14825356620640068,0.1708667258361558,0.09500836166285487,0.06823513244291454
es_0645518,1,1,0.1232310149355778,0.4300302090634694,0.31888172644337665,0.10541317639664996,0.02244387316092612
es_0079000,4,4,0.009116603550754887,0.02728667924572677,0.04722773863079879,0.33664986689379617,0.5797191116789235
es_0130490,3,4,0.007946462382994523,0.02020493830519727,0.09209949915363481,0.30507731476500305,0.5746717853931703
es_0161280,4,4,0.14290060136194233,0.21163645587956462,0.16708159204429157,0.22992477881871426,0.24845657189548725
es_0504900,2,1,0.0821915774758119,0.32065621834502656,0.21825679069259243,0.2522654632297215,0.1266299502568476
es_0538036,1,0,0.5733568796736556,0.24262189137898155,0.15426351851821074,0.01681289082071157,0.012944819608440647
es_0781727,0,1,0.06273023592496117,0.5190405526315066,0.23840036069694842,0.07890237712896137,0.10092647361762237
es_0645542,1,2,0.06160163400892192,0.25385694357353344,0.4397580092293028,0.144244573575883,0.10053883961235877
es_0800012,2,2,0.018388395821777752,0.3307175172234744,0.5276821789387285,0.11508946367900841,0.008122444337010964
es_0569194,3,1,0.15364759176891388,0.31230938187113216,0.1488931326835367,0.29471776015385664,0.09043213352256066
es_0538445,3,1,0.2664027936919237,0.426285710430198,0.22335927508431933,0.06326034675459141,0.020691874038967523
es_0149979,3,3,0.044727951444789436,0.22306022662984093,0.33558299739996456,0.371801927371642,0.02482689715376316
es_0277413,3,4,0.02190688379119631,0.04919204730632519,0.22157450947566626,0.21370793735035437,0.49361862207645785
es_0796635,3,3,0.0010244624533176459,0.02623300883250652,0.3791911087514257,0.5564747595875018,0.03707666037524825
es_0666873,1,0,0.6576365707941644,0.14120889587924598,0.11598434394024322,0.0476529309899084,0.03751725839643793
es_0430199,4,4,0.002261103953750909,0.013049620325025546,0.041782280989135424,0.2694342317078281,0.6734727630242601
es_0701149,1,1,0.19974137082740195,0.4751283644665638,0.1318993806782374,0.11194975721091383,0.08128112681688301
es_0869647,4,4,0.0040641370960002084,0.03754800130028174,0.1113390626192319,0.398516878152359,0.4485319208321272
es_0746254,4,4,0.012715643437028978,0.0998965903824777,0.26517655270132695,0.30346123259784863,0.31874998088131773
es_0331668,0,0,0.4019043287583357,0.340162205474511,0.16074653068911532,0.07586082413061374,0.021326110947424308
es_0328127,0,1,0.14494902512473923,0.47539588841353575,0.15949447438430178,0.15511493430794016,0.06504567776948303
es_0261159,1,1,0.020038448371064138,0.3325620796806884,0.3117402459862475,0.15318570107054708,0.18247352489145294
es_0404655,4,4,0.006318025389794093,0.023116133428540103,0.02170253793835802,0.2744423578649774,0.6744209453783304
es_0456614,0,0,0.6599144105086635,0.20767148314751593,0.0701679620456949,0.039937478112423305,0.022308666185702264
es_0320414,4,3,0.015345094917309903,0.1909970319726006,0.10978603756367136,0.3913115669847889,0.2925602685616292
es_0127791,1,0,0.2911568769580416,0.21926371343592743,0.16638786352560309,0.20914846125243267,0.11404308482799527
es_0845398,4,1,0.08498566087871955,0.2848070933467882,0.2530356584262704,0.19992138771222295,0.1772501996359989
es_0266168,4,0,0.45467543716008824,0.3364159035664692,0.09657759850804999,0.031024045446419162,0.08130701531897336
es_0950124,4,4,0.0062410247227063596,0.02410009341216308,0.04316316117147426,0.24868652915206155,0.6778091915415949
es_0640875,1,2,0.07690513115134413,0.20799099429380347,0.4805624776170033,0.1738531713230526,0.0606882256147965
es_0886774,4,3,0.009921796706264465,0.1897102817900021,0.277505795883297,0.4791268831795016,0.04373524244093489
es_0775586,2,3,0.00721994854383429,0.07377564992417467,0.2952952442092209,0.504708901146443,0.11900025617632726
es_0858947,3,2,0.11882924473938763,0.23275766732681763,0.32282230923603433,0.20223135762661548,0.12335942107114492
es_0786371,4,4,0.008478876599614287,0.0458520994213881,0.05754813324320661,0.1755861591176387,0.7125347316181523
es_0661323,1,0,0.4915019912134593,0.3734016434408871,0.061275406201717876,0.04963668155053326,0.024184277593402394
es_0681562,2,4,0.08575038211612693,0.14968008819943418,0.2683441629842653,0.20465194896731073,0.2915734177328629
es_0794041,1,3,0.09136745659012199,0.18921269221346632,0.2202257136953305,0.3415677428250593,0.1576263946760219
es_0683170,2,1,0.06741068779192136,0.34572666498086024,0.3146517420729763,0.15729610885630887,0.11491479629793315
es_0355716,2,2,0.035487272249663825,0.14062485619795287,0.3937307887762973,0.2615343170855118,0.16862276569057427
es_0151717,4,4,0.007234774754277602,0.05132247685985157,0.12470262498564506,0.39854246436198343,0.41819765903824235
es_0485915,2,2,0.0370298898064447,0.22008852157804237,0.40731850438833683,0.2256404549651209,0.10992262926205525
es_0659118,4,4,0.03463697740521674,0.058840260416242796,0.04924375874461453,0.3217006134934882,0.5355783899404377
es_0870885,2,3,0.14814257270946252,0.28181734909390144,0.18811085487991874,0.3163309500329362,0.06559827328378118
es_0331977,4,2,0.022866833938446202,0.05470391007861362,0.36411191197981235,0.3205339862700193,0.2377833577331085
es_0340447,3,4,0.024656030028559737,0.07808955598710143,0.05675390650895187,0.13374504052554356,0.7067554669498434
es_0263496,4,3,0.004541893231728491,0.04054497258535071,0.05919340725488096,0.5242965900084111,0.37142313691962875
es_0413283,4,4,0.00020437008936115118,0.004416648808471019,0.02637198455104849,0.3340159179714596,0.6349910785796598
es_0403406,4,4,0.01724979957306616,0.12376912707784866,0.11166292127928905,0.3525727347113146,0.39474541735848145
es_0604982,3,4,0.0579686226939398,0.08109658420369344,0.09789721058641525,0.24861506502144812,0.5144225174945033
es_0662350,0,1,0.30204139204554303,0.38878452696980415,0.1713265809410553,0.1110100266843497,0.02683747335924791
es_0696586,0,0,0.48019862826976745,0.18299143600227377,0.0853158806370994,0.14724169730783723,0.10425235778302215
es_0508414,1,2,0.08288978697579581,0.16792259293594441,0.383505529520915,0.241042211922045,0.1246398786452998
es_0380697,3,0,0.6005884167273057,0.2730014178430977,0.08196951330649127,0.03689873365506858,0.0075419184680368
es_0498731,4,4,0.018386873496863344,0.07746390733968436,0.16285550486985262,0.29215417032774277,0.449139543965857
es_0513234,2,2,0.02972275394225185,0.25692183067084595,0.4909872349402435,0.18388716373727562,0.03848101670938296
es_0328280,2,4,0.02126976960738116,0.029066804910420806,0.08205780458498035,0.20537170295693885,0.6622339179402787
es_0256089,0,0,0.7215442832484024,0.11975522014342858,0.08335590997470801,0.05005335296298996,0.025291233670471102
es_0205189,3,2,0.023262168214325273,0.2797796101503999,0.3991683585720967,0.23178593173369397,0.0660039313294842
es_0560981,1,1,0.21782614348481327,0.4057637100682986,0.30002159324638467,0.05494221660589336,0.02144633659461011
es_0625612,1,2,0.020132205461640938,0.20817041886783386,0.40067504882380706,0.2504767922742298,0.12054553457248837
es_0285005,1,2,0.11783322966673951,0.26607566606472555,0.5015752538913081,0.07598777830555598,0.038528072071670826
es_0610152,1,1,0.2857576597183269,0.3254443794929648,0.2200658260256953,0.14728224891098468,0.021449885852028276
es_0210032,3,4,0.004628986678771613,0.017183106282983942,0.16937116331844634,0.3990805141466786,0.40973622957311956
es_0234172,0,1,0.2951597194699288,0.42867960833640684,0.22095054429720334,0.046432921757837455,0.008777206138623608
es_0285334,4,4,0.00561242643728377,0.022100052459256416,0.06279870251341381,0.25688067758886307,0.6526081410011829
es_0934149,2,0,0.396252454306549,0.24552006179704225,0.10124329367333842,0.10413445249793915,0.15284973772513125
es_0952376,4,3,0.06536535088778957,0.17295538848472053,0.27865683729671975,0.4105902891994038,0.07243213413136632
es_0244105,1,1,0.13314992346144736,0.34917677566711214,0.26951361229692683,0.22713547810625406,0.021024210468259644
es_0237479,3,3,0.002415604114548575,0.08759728809267062,0.2759657458000441,0.3462048599755797,0.2878165020171569
es_0819519,2,2,0.009742330550856635,0.29360654213619153,0.47590862011920515,0.1788017688835774,0.041940738310169284
es_0367546,4,4,0.003004350691603332,0.010833705856597898,0.08584245780047975,0.34861934051999144,0.5517001451313276
es_0847567,2,2,0.0408748108719052,0.14404336882123933,0.42191906238174176,0.3085070274703748,0.08465573045473909
es_0676947,1,2,0.015070568615532121,0.28181142604725007,0.3147832513242529,0.2702921985697693,0.11804255544319571
es_0846180,2,0,0.3656358685981851,0.17171900723680128,0.27557207836384895,0.1626304597792661,0.024442586021898645
es_0999434,4,4,0.0056829841032709095,0.09432872088068919,0.11641878782247081,0.23247704006604347,0.5510924671275256
es_0647244,0,0,0.7510034012708999,0.14081838335204677,0.057896302378037556,0.03492482406440654,0.015357088934609204
es_0310606,4,4,0.03555390872776422,0.07045698588723728,0.08490246510963821,0.126135892241849,0.6829507480335113
es_0310930,4,4,0.017546236698533293,0.07051398337526696,0.12635738349832348,0.2821711136847923,0.503411282743084
es_0295038,1,1,0.3081149189951243,0.4748512643491676,0.12972082745120395,0.07566243994751326,0.011650549256991067
es_0120302,3,3,0.019879552805617668,0.07176009433536573,0.36820922627184827,0.4170763626550131,0.12307476393215526
es_0608547,4,4,0.08634926241381799,0.06318634866961888,0.09670948583193958,0.37568763266313626,0.37806727042148724
es_0881049,2,1,0.07882479136880668,0.2762891100232464,0.22641431872268925,0.18739899926007203,0.23107278062518571
es_0401645,0,0,0.6799447620761192,0.2200417579822111,0.056893874136349706,0.022421265698738847,0.02069834010658125
es_0998791,0,0,0.6573928066515836,0.21293961744941664,0.05485059861675755,0.042709405928134714,0.03210757135410759
es_0798886,1,1,0.1070810135193071,0.35450126976470886,0.29423048818874126,0.18400931864430045,0.060177909882942325
es_0862242,4,4,0.00026705658930009543,0.00538355145513999,0.05048050634531111,0.3931107887219703,0.5507580968882786
es_0776698,1,2,0.10983552036787592,0.2565099916162827,0.3855240280490422,0.21140519189930385,0.036725268067495424
es_0018134,2,4,0.02711743120380724,0.07559886662834632,0.08191578089613863,0.32014307610417986,0.49522484516752796
es_0160914,3,3,0.028275200875200118,0.26665467454695596,0.1340410551502857,0.3665127843231025,0.20451628510445566
es_0817312,4,0,0.36816422173018726,0.2651175844461386,0.14900661869210616,0.16779521716766999,0.049916357963898
es_0563795,1,0,0.6592470184680239,0.20665247213272564,0.06334129652083145,0.0358998548991547,0.034859357979264205
es_0362179,0,1,0.2057229031176616,0.5433110263140446,0.1451735856365195,0.06945279906011478,0.03633968587165951
es_0388601,3,4,0.004669230859905779,0.050798923969631114,0.19474738793833773,0.3199081730977556,0.42987628413436985
es_0288116,0,0,0.49489535178041744,0.32261567512455636,0.0956861621410571,0.0632718133721418,0.02353099758182734
es_0134855,4,1,0.1898898983574931,0.5014183243774955,0.20603670730217766,0.07738629602503322,0.02526877393780058
es_0429775,3,3,0.034484757937224456,0.20006875093052864,0.27575243305441743,0.39852437636684457,0.09116968171098486
es_0499703,3,3,0.014801811003799726,0.09839019570414109,0.07242755262746647,0.4142944157090135,0.4000860249555792
es_0534667,3,3,0.028185490872525133,0.16460244122679785,0.3179819933542015,0.3891761316255809,0.10005394292089456
es_0506243,2,2,0.0005202020998907777,0.03653198952634626,0.5556274387755175,0.3812663516361914,0.02605401796205401
es_0605345,0,0,0.37779354231373363,0.21991786865121715,0.2553521370723335,0.10518890956944274,0.04174754239327301
es_0762331,2,2,0.002744685844953499,0.20516315636039523,0.404029611042386,0.3214591309466073,0.06660341580565803
es_0479284,4,4,0.037647162312636,0.10345753809283334,0.061912173564198356,0.2513313642198369,0.5456517618104954
es_0149648,0,0,0.4426895532549756,0.09940053040313865,0.15853451253455933,0.10373074199995594,0.19564466180737033
es_0043389,0,0,0.6369505476429266,0.23934988508770502,0.08059276437859123,0.029637865430870724,0.01346893745990646
es_0120076,0,1,0.377360254050528,0.40752894779890203,0.13828041469777708,0.038337327778387845,0.03849305567440522
es_0063732,1,1,0.1286611937319689,0.4089976889677719,0.2541985077777933,0.18140322815509027,0.02673938136737559
es_0760311,1,3,0.10557125355544088,0.09875721641099203,0.1471430115744842,0.45030933242324966,0.19821918603583316
es_0825275,4,4,0.0802603139669775,0.11006632902649201,0.1132874353053364,0.24078325187396135,0.45560266982723274
es_0728934,3,2,0.02263634994536426,0.13785803638649957,0.3464101323036014,0.2806796646339052,0.2124158167306295
es_0654412,2,2,0.04329754608148969,0.23890077923259367,0.5835970912041939,0.12547105344597698,0.008733530035745727
es_0965276,4,4,0.04033087041757859,0.08755464789611528,0.11614139226229694,0.22484512888974623,0.5311279605342629
es_0524656,2,4,0.07114891377326096,0.09981388553537446,0.11973644837108002,0.3041194319040364,0.40518132041624816
es_0665555,0,1,0.1405497600603444,0.4401009551245948,0.23936941098368153,0.14650487319072408,0.033475000640655284
es_0512044,2,3,0.028581119993466297,0.09100830951663423,0.2590526772556124,0.4043515154327366,0.21700637780155044
es_0977736,0,0,0.5088061479836015,0.3353048002659916,0.10739585849071324,0.033890636617521806,0.014602556642171746
es_0752520,1,1,0.1535880341123504,0.36578946887999964,0.3580635274399532,0.09208813702789806,0.03047083253979869
es_0811868,4,4,0.0005817978499542592,0.0037577292490747886,0.059827751640970636,0.4407225115903556,0.4951102096696447
es_0768337,4,4,0.19239723899514138,0.19350940890805254,0.17001337988449863,0.15447535752194202,0.2896046146903654
es_0703346,4,4,0.16391238538858163,0.2334171905669416,0.16036401501741343,0.15817251837037316,0.2841338906566902
es_0921503,1,3,0.014667343104325182,0.291412871704348,0.2378187632532581,0.43800119294825957,0.018099828989809216
es_0253501,2,3,0.046342593989036354,0.068240027511531,0.2580793019538078,0.3829444492260436,0.24439362731958125
es_0761314,3,2,0.05207070220749789,0.3299645036184894,0.44799278200206666,0.12450234964781941,0.04546966252412672
es_0185611,4,4,0.007070337174154712,0.03502343883054969,0.06781900888689563,0.36445997437864686,0.5256272407297532
es_0476920,3,2,0.006416482803017419,0.18693022438782256,0.44578648649721925,0.3510404570431291,0.00982634926881175
es_0411262,0,0,0.6079253147841042,0.2154491010007499,0.10374208450261142,0.06039407202677664,0.012489427685757667
es_0612701,1,4,0.043837289323860475,0.08853273076335555,0.24108702258124054,0.28302601224693164,0.3435169450846117
es_0697021,2,1,0.11204665467846361,0.34120087820146666,0.17465615039334523,0.23461402182692065,0.1374822948998039
es_0306922,0,1,0.22657710216266408,0.4333860006355258,0.15114809866183698,0.09773259875347774,0.09115619978649545
es_0820483,0,0,0.5663025028928391,0.12019991223790001,0.16014518203196068,0.0688401623289785,0.08451224050832168
es_0878673,2,2,0.04019665883017819,0.15935773302750628,0.608864246084065,0.17978975925386811,0.011791602804382373
es_0240898,4,3,0.11823309663194044,0.18471759205676772,0.21659220301211307,0.26372335235918454,0.21673375593999422
es_0322250,1,2,0.0032448746531640303,0.13239914832264207,0.4992897307805634,0.255412930649592,0.1096533155940385
es_0786202,4,4,0.08119815733700528,0.19050720191018397,0.18914946888517647,0.2018987125426654,0.33724645932496894
es_0293899,2,2,0.01165456154550783,0.1711471903085468,0.512964597190529,0.23911013196416012,0.06512351899125622
es_0677272,0,0,0.6463378720570626,0.24067767493121378,0.07322188326717285,0.02992522448413031,0.009837345260420417
es_0589678,1,1,0.14189692748113847,0.38689675537657725,0.31225577777137886,0.1312623724518332,0.02768816691907224
es_0183454,3,3,0.07196385411535149,0.13949124161069265,0.2917897391021562,0.3579599032867912,0.1387952618850084
es_0410327,1,2,0.006895728965828832,0.16145605348373387,0.35210366631159407,0.3317856251876664,0.14775892605117683
es_0663002,4,4,0.038476637811831166,0.06358072249534344,0.15109163805561762,0.12784215785487268,0.619008843782335
es_0891063,2,1,0.05398722285068277,0.4504737251204117,0.2793355781968429,0.1842449613548522,0.031958512477210425
es_0505265,0,0,0.6854906892391904,0.2081882424773668,0.03893585559103198,0.03317131470878993,0.03421389798362086
es_0415133,2,2,0.0037538104924462676,0.03755330030577886,0.4518328641276498,0.32220201346941557,0.18465801160470952
es_0483315,1,1,0.3562752746460057,0.3837472235914897,0.1028911435549438,0.11228933405867618,0.04479702414888449
es_0744513,2,4,0.01476384876423488,0.03602930670684764,0.11173984362153375,0.28596438536873453,0.5515026155386492
es_0444111,0,0,0.5842690281304057,0.30698179154810024,0.030053890083686325,0.012891940443097782,0.06580334979471
es_0866583,4,4,0.04077667031570635,0.06384422908647071,0.09608894026825125,0.14210395845951393,0.6571862018700578
es_0469230,4,4,0.04275695184550843,0.18109215622696168,0.19625818622538488,0.21961952839732035,0.3602731773048246
es_0416802,0,1,0.3782960948411278,0.4097275691804386,0.1174008502915899,0.06359819982783341,0.03097728585901029
es_0735717,0,0,0.5985750312057485,0.22347001913731418,0.08036256201493779,0.053426950922930413,0.04416543671906919
es_0147951,1,1,0.2312784729543033,0.37863756328743453,0.2675174544808513,0.10081043618338645,0.021756073094024365
es_0730103,3,3,0.0009878339720714112,0.0072472917550204215,0.10431170077271705,0.4646619077639983,0.4227912657361929
es_0734912,2,2,0.031108400915317257,0.22277115411059856,0.3804352481358809,0.25449947897676845,0.11118571786143469
es_0494184,0,0,0.780143059260938,0.0889613161280561,0.06100244368888739,0.052717778008348135,0.017175402913770215
es_0399448,2,2,0.010777981787329558,0.15105748357083754,0.413439033035831,0.34551154140806195,0.07921396019793994
es_0254998,1,2,0.12258558254143508,0.2848027194572909,0.30116571116548185,0.2034201268193828,0.08802586001640941
es_0848007,4,4,0.00024506374043313896,0.005465803439752793,0.051193832957519926,0.40734640337441236,0.5357488964878818
es_0643095,0,0,0.4739775365118854,0.22137472437324218,0.15664163680924265,0.11281489044539487,0.035191211860234856
es_0095007,3,3,0.002862458725170768,0.09922021421305591,0.34717872295759544,0.38850818138351007,0.16223042272066776
es_0401000,4,4,0.023747114393479894,0.15009088784498872,0.12170866726712859,0.25209845290819294,0.4523548775862099
es_0701507,4,4,0.0013674012608415735,0.032148980473689553,0.05433601389732401,0.34515251016653836,0.5669950942016067
es_0099779,1,1,0.08936743011575436,0.3316847942767077,0.2959866964027919,0.18988752837105408,0.09307355083369193
es_0674500,4,4,0.0014737712209549523,0.005510606984031752,0.02204352207452192,0.3850666040855035,0.5859054956349878
es_0169968,4,4,0.025965469434845883,0.053270398734538135,0.1893935373319999,0.36561899118742797,0.36575160331118817
es_0761599,4,4,0.06889322844078097,0.18568278203073513,0.07678430122389861,0.10944906863295159,0.5591906196716337
es_0026904,3,3,0.023707376661526766,0.2557352245194977,0.21521574305113692,0.3428323091206484,0.1625093466471902
es_0546527,2,1,0.19666702624140453,0.45347147893811146,0.2288776506480262,0.07749259466916705,0.043491249503290794
es_0852224,1,1,0.14168908034966937,0.3759132395984727,0.1564675521318269,0.21432080049050817,0.11160932742952286
es_0858378,2,1,0.055603312249268025,0.3665401706927068,0.21145307920840578,0.2914709548302904,0.07493248301932906
es_0959179,2,2,0.027879083652741794,0.3439266662409102,0.3639352985884553,0.1192799386154908,0.144979012902402
es_0551928,3,2,0.22298510123645982,0.31832509102418116,0.3230209676552924,0.09497729262813671,0.040691547455929795
es_0884091,0,0,0.5404117212703856,0.2593713309562153,0.10718047318980624,0.049142923534362566,0.043893551049230456
es_0282405,2,2,0.0829125744431308,0.23958814309255896,0.40518950677471866,0.21951280256555447,0.052796973124037104
es_0114047,0,0,0.43473733013936566,0.19834313780059487,0.2531407116836796,0.06339439945244413,0.050384420923915686
es_0004693,2,3,0.22275249652488,0.2537641861521682,0.24517356009402774,0.26395974914143133,0.014350008087492757
es_0034893,0,0,0.4856130454481328,0.31584256492088997,0.09386324135991805,0.09240103905336047,0.012280109217698726
es_0553325,0,1,0.22142250485126916,0.35982503300729773,0.1640874900030846,0.13712110831723912,0.11754386382110944
es_0521974,0,1,0.14045174555368029,0.397618355875945,0.23303766134672127,0.19643381482121575,0.032458422402437646
es_0219878,0,0,0.7015346953871847,0.14019938526786274,0.10319103832641523,0.03415727842203607,0.020917602596501203
es_0016786,4,4,0.0012926194116546458,0.013676383750232834,0.0630035579677648,0.4095756176155258,0.5124518212548219
es_0606871,4,4,0.017409844228160023,0.0190867078371688,0.03263789935981678,0.19533931143542932,0.735526237139425
es_0514803,3,4,0.010069973777340261,0.07361092616273691,0.10347964413283446,0.2663820740855243,0.5464573818415641
es_0750519,0,0,0.5290433407970041,0.2377110286191491,0.18526345323944846,0.03468719840935376,0.013294978935044504
es_0301472,2,2,0.04842940296337952,0.3646024327343259,0.3662428132206313,0.19177894005953866,0.028946411022124613
es_0809340,4,0,0.25360454138989014,0.14775784716822485,0.20235474135958292,0.2431025855331855,0.1531802845491165
es_0690678,0,0,0.5840235285915217,0.29030466990626175,0.040878008244684835,0.05575430407466501,0.029039489182866703
es_0084647,4,4,0.009126037578795137,0.0499571772492921,0.08740023412502176,0.21374084864490234,0.6397757024019886
es_0194280,1,1,0.14714758633687505,0.373727784207016,0.2686242087390707,0.14369214821518111,0.06680827250185718
es_0805182,0,0,0.6818159687752898,0.2145555167893316,0.07122728906533475,0.014700272459234776,0.017700952910808983
es_0495526,1,2,0.06298831626665488,0.30185575628296585,0.5182564331562455,0.10654422950740183,0.010355264786731874
es_0510655,3,4,0.003650578735739871,0.006449149769623472,0.035316239448563796,0.4064407438028866,0.5481432882431863
es_0705510,4,4,0.022114355188621725,0.024601205780896123,0.0469706566490133,0.3682046892888392,0.5381090930926297
es_0057653,0,0,0.632437151998658,0.24874450508566825,0.06343057053896273,0.027713073974274367,0.0276746984024367
es_0768186,4,4,0.0035517771041057946,0.005287976351441971,0.027165885674654923,0.3949773860904709,0.5690169747793264
es_0013924,4,4,0.08420016730175724,0.07542843882005562,0.07059554990561834,0.19701942737192452,0.5727564166006444
es_0717708,0,2,0.1462849416018262,0.268624384300651,0.3326235037154338,0.16564664060326456,0.08682052977882448
es_0561910,1,2,0.1613500594909136,0.21224434798434796,0.28310458463243926,0.1965445583512502,0.14675644954104908
es_0950540,3,3,0.0062201597671391546,0.056832291411568356,0.19797186181372325,0.40784589575844,0.3311297912491293
es_0027177,3,2,0.11058591245353395,0.17542963655138366,0.2919032664857736,0.23077728397669034,0.19130390053261842
es_0377489,1,0,0.41456719934495545,0.22026022679895796,0.09058691819034133,0.06803792332166349,0.20654773234408186
es_0842698,2,2,0.10785094455568825,0.2047767521294559,0.3525524829280281,0.21026596078748194,0.12455385959934581
es_0495892,3,4,0.01799302256843848,0.14905010350978326,0.149240809822019,0.3005065951627482,0.383209468937011
es_0467947,4,4,0.0015224566373342424,0.007895213759603814,0.04612772154982324,0.31702119125400297,0.6274334167992357
es_0423416,3,4,0.0006920120497211585,0.00894726098581422,0.11703296743491272,0.4300390520006487,0.44328870752890326
es_0758989,3,2,0.10915729619365452,0.15357804481342735,0.455378023824241,0.2416829690918601,0.04020366607681709
es_0049402,1,1,0.27804431829143555,0.47851846636740747,0.1892132148466013,0.04037111852229226,0.013852881972263443
es_0782781,2,1,0.1604213645150355,0.5364267545626163,0.1153846775294189,0.0976870745868712,0.09008012880605795
es_0500743,2,4,0.03336732831663088,0.026583619905591098,0.11578804684443593,0.3377695852167556,0.4864914197165865
es_0702492,3,2,0.009186078941979857,0.11498289313548546,0.37450074617235274,0.3631018461385885,0.13822843561159354
es_0508548,0,0,0.6190619867527017,0.28093079873216203,0.04101091085493121,0.02546175075624223,0.03353455290396285
es_0042231,2,1,0.29732741965853976,0.39862946295675605,0.16626958998271574,0.10671889970071899,0.031054627701269405
es_0643994,3,4,0.02879740265608085,0.07915453344247758,0.1360340238602193,0.3704527435947632,0.3855612964464591
es_0453939,3,3,0.0009562998616834085,0.004738651174155956,0.06122024876602321,0.4780162256180801,0.4550685745800574
es_0600458,4,4,0.008340201884911412,0.031216576811366005,0.03876366351089365,0.29894236709128613,0.622737190701543
es_0709280,2,3,0.016469556669630923,0.16866672925419304,0.3412887084577969,0.35859589156829175,0.11497911405008734
es_0642289,3,3,0.012463501022130313,0.04879074251372601,0.1810379241466347,0.4889116491746822,0.26879618314282683
es_0242949,3,3,0.015363577606605155,0.11584329666827897,0.23180266137903294,0.431154370782106,0.205836093563977
es_0138711,4,4,0.017242324109168043,0.03135897983722328,0.06681944784584308,0.3952093863585981,0.4893698618491674
es_0139203,0,0,0.6089367203906333,0.2576107432929,0.08191532009592568,0.03820722741768709,0.013329988802853876
es_0752205,2,1,0.15657749430195667,0.5070569506297359,0.205324570417405,0.11222257752270877,0.018818407128193663
es_0974286,3,0,0.3335319073706936,0.15698686632256126,0.19835905050317887,0.1740514759128235,0.13707069989074278
es_0486376,2,0,0.36075750385242494,0.16627476647397837,0.21774444813124777,0.13846037061115962,0.11676291093118933
es_0659894,1,1,0.06392072292201165,0.5015180747596985,0.30276802280671594,0.12039251257233678,0.011400666939237223
es_0280071,4,0,0.3000963426592204,0.2613042029931646,0.13590815803341147,0.12571027280419142,0.17698102351001213
es_0373511,2,4,0.03264029084908361,0.04979443845421476,0.0528375786174482,0.1572337248123992,0.7074939672668542
es_0846274,0,1,0.16742088430171492,0.4180923332289329,0.30370975990144206,0.06146210848002494,0.04931491408788513
es_0845408,1,1,0.17411073200684976,0.44811803021538826,0.20228969167825678,0.1383506460297519,0.03713090006975327
es_0982518,4,3,0.039077681939067556,0.13566024600351012,0.2918117710302004,0.3854312357258713,0.14801906530135064
es_0681489,2,1,0.19318593054408612,0.2656759721410652,0.25453659916060695,0.23618380628620406,0.050417691868037774
es_0265202,1,0,0.2721988938944263,0.22192990581300723,0.26121732442603446,0.2031255318307114,0.0415283440358206
es_0209571,1,2,0.0372045916431151,0.21654060422569138,0.3513081843265834,0.19216408691369008,0.20278253289092002
es_0414167,2,2,0.03260665516742573,0.20599401493375996,0.37682363466418267,0.3314614749612349,0.05311422027339664
es_0014812,4,1,0.2643418282917146,0.29531059159266954,0.08293902916177545,0.14826737466384993,0.2091411762899905
es_0943704,4,4,0.0639211891320294,0.18279331043447655,0.22237215042785835,0.19762418227673306,0.3332891677289026
es_0676362,4,3,0.004332044024624367,0.02151853083428381,0.09388167852422406,0.49133811682951317,0.3889296297873545
es_0984526,1,1,0.06636417051304873,0.46772172512036747,0.2693046445095263,0.11751539082752235,0.07909406902953517
es_0078893,0,0,0.6770810205875994,0.2171198353496498,0.047481051222865715,0.03278449995670567,0.025533592883179395
es_0927306,0,0,0.3712825769852714,0.12231041857117653,0.13682649591514567,0.21408903119991834,0.15549147732848806
es_0195765,3,3,0.06078380233142122,0.1599318761289456,0.11460170426515418,0.3335150797856959,0.3311675374887832
es_0970744,1,1,0.2509845987767695,0.30813766136455667,0.19435933441381978,0.14156594383376273,0.10495246161109131
es_0101265,4,4,0.015554533698901012,0.021925806704874175,0.06872324435325597,0.18165985867165413,0.7121365565713148
es_0900627,4,4,0.013285705050430979,0.014797227250873315,0.05394600188470613,0.22390004186056672,0.6940710239534228
es_0222616,1,2,0.023901822400069286,0.307912053378797,0.5411255584376827,0.09087109004706848,0.03618947573638256
es_0526258,3,3,0.031182068306611334,0.08890124149141378,0.21927574950651602,0.3698036049759133,0.29083733571954556
es_0140320,0,0,0.39485200874251913,0.25493158360715445,0.22546450665580978,0.0680595833477456,0.05669231764677105
es_0995892,0,0,0.6580219705940784,0.17349213118205264,0.10624925332771384,0.049964155154315223,0.012272489741839917
es_0491108,0,0,0.624052299054379,0.23197280271930204,0.08662140068909849,0.036498255659182154,0.020855241878038427
es_0671755,3,3,0.005775635854059538,0.07562988168941569,0.39811024924177296,0.43106856492804235,0.08941566828670947
es_0274011,4,1,0.24280872580975865,0.3600075239276074,0.09883321085971719,0.1349052903569227,0.16344524904599397
es_0255838,3,4,0.039425973558391544,0.04709444060277979,0.15101061370189095,0.2864465953811398,0.4760223767557979
es_0109266,0,2,0.1209750842129875,0.29367972674583964,0.3705950672026749,0.1493709717660231,0.06537915007247487
es_0654208,2,2,0.11284128721911198,0.17000721724085124,0.3542317686363671,0.29765947784641367,0.065260249057256
es_0896667,3,3,0.014427202926179347,0.08057520344953895,0.253459113093461,0.3485254583485232,0.3030130221822975
es_0325479,4,4,0.009973554573007186,0.014834977758757712,0.03670931451797074,0.24176138190247048,0.6967207712477939
es_0393713,3,3,0.035699351064388006,0.04008815442072726,0.2924450723387798,0.4425379121837379,0.18922950999236712
es_0290267,1,0,0.41424296242654857,0.33316905869721225,0.06889877857562113,0.0680581664050732,0.1156310338955449
es_0316127,1,0,0.4993817326363163,0.25144182375336793,0.15185744422560482,0.07990971205952746,0.017409287325183563
es_0726739,0,1,0.26181310384061546,0.5128678352867823,0.13645681749334396,0.057446824422352716,0.031415418956905604
es_0047736,0,0,0.4608241100172169,0.3804886023429938,0.07679513161693716,0.05119371817789893,0.030698437844953165
es_0264945,0,0,0.2476484410101723,0.2449989324656377,0.19993147988323196,0.15930391034708563,0.14811723629387244
es_0349988,3,4,0.0424997564887593,0.1555218317433737,0.26686672128583844,0.18564023905266208,0.3494714514293666
es_0112777,0,1,0.047480200831878136,0.44283072103399207,0.36401184347113796,0.09065351076249392,0.05502372390049791
es_0686238,3,4,0.09696415830423896,0.13662610836648628,0.1575946087953574,0.19258920164798024,0.4162259228859372
es_0879230,1,1,0.09902497755432084,0.433063640418237,0.2613008518784472,0.17990622086264593,0.026704309286349086
es_0854453,1,0,0.27425428622280335,0.25603107145532533,0.2709672703882936,0.15091338967998352,0.04783398225359416
es_0986778,0,1,0.2792000448467745,0.3549184291023387,0.11305256498295088,0.08300636804805943,0.1698225930198765
es_0473535,1,1,0.24596540062307864,0.42550436014674753,0.20629596420346497,0.08259895533027593,0.039635319696432886
es_0801676,4,4,0.01479792985841645,0.027272081594659648,0.032218049144647584,0.40428778114209296,0.5214241582601834
es_0049694,3,2,0.02743788702041284,0.13127332103846895,0.4332711632758556,0.2905846510232818,0.11743297764198084
es_0981043,1,0,0.3470758311176164,0.3432668428470308,0.2694264460472446,0.033711240106345665,0.006519639881762612
es_0946980,0,0,0.5269224747396546,0.32635350528941826,0.09025940039818692,0.029011088712342675,0.027453530860397524
es_0435824,2,1,0.17774970774075743,0.41285397185366624,0.21779253307923924,0.13028888927153232,0.06131489805480474
es_0986672,2,1,0.1436559954468763,0.5559813971634925,0.19438698302347907,0.07599416509244146,0.02998145927371073
es_0529879,2,1,0.0609759052181045,0.40810420415778126,0.254110061022773,0.16921358850305057,0.10759624109829065
es_0276990,3,4,0.0011059289656267443,0.0031361510170605476,0.07577328713774707,0.3853944015981781,0.5345902312813876
es_0832494,1,1,0.018465511522526873,0.3843853073766703,0.34119749639738983,0.21714223443172212,0.038809450271690867
es_0489200,1,0,0.374593372575379,0.27924078996442375,0.24965053393985448,0.08857336954485222,0.007941933975490558
es_0278840,4,3,0.012547657144977225,0.12886803048371126,0.24685749333746276,0.3610170467344387,0.25070977229941016
es_0323341,4,3,0.016906944423686794,0.04623839820438748,0.2558028867203884,0.5470051932482651,0.13404657740327217
es_0173776,1,0,0.5264878370102083,0.3086610938709708,0.057066169700377846,0.05365507727566967,0.054129822142773454
es_0682965,2,1,0.11388483143132622,0.6141192425854461,0.16424227384796017,0.05096089260133531,0.056792759533932036
es_0475425,3,1,0.10196045194203533,0.3284791844693329,0.2678430809806397,0.27744226483401596,0.024275017773976216
es_0299458,3,4,0.04783423405580267,0.03799831212939895,0.04140957190548643,0.15011558864009145,0.7226422932692204
es_0037748,4,3,0.01576524952643612,0.08820914142122548,0.15653295534673145,0.39777496405115687,0.34171768965445004
es_0075991,3,2,0.019897357246384355,0.25664082295090973,0.41528966543267076,0.21096351210801653,0.09720864226201865
es_0845675,0,1,0.19739491710307594,0.4266418878421834,0.2265439073846915,0.12990740607565154,0.019511881594397523
es_0351691,4,1,0.2118098063427647,0.2405946763252323,0.20453880833168192,0.19125676840354858,0.15179994059677254
es_0651313,0,0,0.6429865830548991,0.12163495420649231,0.12298894281471329,0.07788039455455656,0.03450912536933872
es_0600551,1,0,0.3224232309666778,0.30061036285364723,0.24387804111145872,0.10190605167541662,0.0311823133927997
es_0609960,4,4,0.10417920485175554,0.15883145129965037,0.2140418804476186,0.16278456219953816,0.3601629012014373
es_0479148,2,2,0.13797468434534282,0.2887336347740924,0.3912746932690796,0.16620299518372264,0.015813992427762564
es_0825252,3,1,0.13150438856110885,0.36961329747481625,0.21821098772857192,0.19048987418282673,0.09018145205267633
es_0272687,4,4,0.011101666777828145,0.028835090993833367,0.04832327603381019,0.1631152901380193,0.748624676056509
es_0073579,3,4,0.08601860905423629,0.09422490938801062,0.03672015619205861,0.3203134883137597,0.46272283705193473
es_0490186,0,3,0.1567322804873797,0.24349794950016604,0.2485134978658648,0.2924785634229925,0.058777708723597034
es_0852593,0,0,0.6283435069744194,0.2795393678260667,0.05850390141940491,0.020566069865345305,0.013047153914763637
es_0431163,4,4,0.06627039129904364,0.04125508772850784,0.03023185261978683,0.18804107535812548,0.6742015929945364
es_0749303,3,4,0.0024357115573057767,0.013641859537004511,0.08565489216101216,0.4244714296981333,0.47379610704654435
es_0802320,4,4,0.0645452203230654,0.04951357600801331,0.014469830355721362,0.1497507826885282,0.7217205906246716
es_0528338,3,3,0.01231458859583999,0.18882823448415614,0.31680157667256437,0.35741620103676014,0.12463939921067939
es_0508357,0,1,0.312263005149387,0.46340602899515987,0.07273517307249323,0.09987134161908204,0.05172445116387796
es_0826152,2,1,0.1946145091735594,0.41680163267691606,0.30355791092405526,0.06307640375994877,0.02194954346552054
es_0478096,0,0,0.638656558958703,0.2660462546759228,0.07394003137821772,0.013421839155082499,0.007935315832074071
es_0162537,1,1,0.1614973729583772,0.4501029981036925,0.26118519213173746,0.11774602411160859,0.009468412694584349
es_0750636,3,2,0.050441637271160376,0.25814556395402904,0.4045309224365483,0.1549280107572265,0.13195386558103575
es_0464709,1,0,0.4601424050435498,0.3146960366846769,0.15005451928945449,0.04548383387552742,0.02962320510679145
es_0635348,2,3,0.007705135530222805,0.13204285873214255,0.2968412652299461,0.37371604944595277,0.18969469106173575
es_0312449,3,4,0.014861059214295749,0.06405724249080813,0.06734465073954425,0.3639584172036017,0.4897786303517502
es_0195440,3,3,0.005507450236152747,0.042493114078221234,0.15847740398645582,0.5401527223466117,0.25336930935255836
es_0836973,4,4,0.014264185097337023,0.12653214601969115,0.1866299070085642,0.29755284743850097,0.3750209144359067
es_0465237,1,0,0.3825262775951871,0.3547598710844997,0.15459852718381525,0.09060955641079667,0.017505767725701307
es_0250735,3,4,0.0004167615431528997,0.004527483308223055,0.18205606287089532,0.36046966304736766,0.452530029230361
es_0666662,2,2,0.15559597347735987,0.35473289889097814,0.3838260539738549,0.09195128879200859,0.01389378486579847
es_0204145,4,4,0.13277069249503137,0.13299183951606236,0.17570733033222102,0.23565563383728466,0.3228745038194005
es_0131834,1,1,0.21654628795371672,0.40157059393112926,0.21265307076345916,0.14720450132790824,0.022025546023786598
es_0432239,1,1,0.15203355722126188,0.3670273540474606,0.356581758263556,0.11911216144050818,0.005245169027213411
es_0656187,3,3,0.00038198202555214027,0.004165936197109843,0.29970199644780615,0.46347413953823,0.23227594579130187
es_0321983,2,2,0.04631143510155261,0.358991907830594,0.3844736935381993,0.1815794204234083,0.028643543106245763
es_0171170,2,4,0.017258402606031398,0.029397346731786955,0.03495096364420068,0.18710097601384934,0.7312923110041316
es_0408677,2,2,0.032629543563750654,0.10179148149369928,0.5208793406816545,0.28223770158979766,0.06246193267109783
es_0552485,1,1,0.40229013783523726,0.42302019523760476,0.14044375452915747,0.02736803245808908,0.006877879939911416
es_0895187,2,4,0.12572470995432944,0.19463424845633143,0.1427544097253371,0.13259057527015097,0.4042960565938511
es_0615755,3,3,0.006267010896196376,0.017240804093168152,0.10269862841984698,0.45076139826432804,0.42303215832646035
es_0008300,0,1,0.26717570357961223,0.4332863836355621,0.22016001247555775,0.051707013511306375,0.02767088679796148
es_0517865,0,0,0.5281863595416042,0.3448077702910288,0.0771055740384333,0.03126728908336425,0.018633007045569257
es_0097280,2,0,0.5329484436973198,0.2975579158823849,0.08791995971687373,0.028095651507878384,0.053478029195543154
es_0332997,4,4,0.0052377205841873855,0.055015975557275956,0.060058224160354966,0.3058125338525727,0.5738755458456091
es_0725851,0,1,0.05213306679881916,0.4059646157674998,0.26330456575890876,0.1403018772168582,0.13829587445791397
es_0630658,0,0,0.46939075430655625,0.2578298675754329,0.13684976487283,0.08268942190533132,0.05324019133984953
es_0235312,4,4,0.006961830662135788,0.03812123876935957,0.09083361189735517,0.3840323261627192,0.48005099250843025
es_0020371,4,4,0.039987508405647944,0.025939681534676424,0.05966116730212438,0.2040763608527115,0.6703352819048397
es_0008619,1,1,0.13141543131963415,0.4069743009818059,0.31173963647213826,0.10552246873543791,0.04434816249098368
es_0038735,3,1,0.08462654336143066,0.39249440358045024,0.19307007268189508,0.25674847669193596,0.07306050368428807
es_0442078,4,4,0.003574708413566853,0.03341042450601891,0.03703026304415456,0.2512180609134784,0.6747665431227812
es_0888452,0,0,0.36489564680152936,0.31115684624601575,0.2057033357349191,0.0826739285822778,0.035570242635258015
es_0211578,3,4,0.04020157781010767,0.06737533195807982,0.11013474063116349,0.36552532552934236,0.4167630240713066
es_0822706,1,1,0.40844277240312143,0.4431935181597543,0.09588666602733123,0.04417918593694099,0.008297857472851927
es_0857538,0,1,0.15969501442151837,0.4513166603087405,0.22495955786595645,0.09776529543787889,0.06626347196590573
es_0128768,2,2,0.06010508741399958,0.32025270823134677,0.47513560250252657,0.10923604681313728,0.03527055503898972
es_0289576,4,4,0.001063497495456474,0.014709203489955438,0.1033068401378056,0.4314667603604979,0.4494536985162846
es_0292941,0,1,0.26432310515140595,0.3794485166567731,0.1538798653944094,0.11219853066014567,0.09014998213726585
es_0551323,4,0,0.30049907037031964,0.22418418059958248,0.26680801162517426,0.15667511903971315,0.05183361836521044
es_0482616,4,0,0.3168058437060732,0.06686122728228847,0.067906045611595,0.2742829146992953,0.274143968700748
es_0090956,3,3,0.042669841219672336,0.12224296782625044,0.2670632293586149,0.39345802325844087,0.17456593833702155
es_0773266,1,2,0.08334405623033773,0.3434432803486297,0.3542272354323449,0.10777601836037096,0.11120940962831667
es_0254760,3,3,0.07609516155917875,0.14413292621575252,0.25685136039431755,0.3981236648585299,0.12479688697222129
es_0053602,2,1,0.2247558052348782,0.4090561165979074,0.27431845543564093,0.06868782409422056,0.02318179863735292
es_0970930,1,2,0.2757368747992749,0.29082618013657485,0.3766505366291768,0.04211370492465148,0.014672703510321985
es_0576947,3,4,0.01213821433818004,0.07545639082342476,0.22783811340581872,0.28761785814131213,0.3969494232912643
es_0231095,2,2,0.028744735395519028,0.1797916591629368,0.4474001234220834,0.2646869704994254,0.0793765115200353
es_0082212,3,4,0.03226293221773587,0.01657473692516548,0.12578285359914948,0.21734501104575354,0.6080344662121956
es_0021765,4,4,0.12244986548280168,0.14857398219820855,0.23442167639540612,0.22151752174636896,0.2730369541772148
es_0570211,1,0,0.5355655649063122,0.1889839538556593,0.12627306939754987,0.09626741094598548,0.052910000894493034
es_0073650,3,3,0.0022678881336613563,0.006311903466599588,0.10762428546631406,0.5206388873183342,0.36315703561509083
es_0415450,4,4,0.06494821756071127,0.060651654553509834,0.10284461558323077,0.1291005074649188,0.6424550048376293
es_0287932,1,0,0.3517091218545068,0.22993325630821865,0.13905723872500123,0.13521327408210748,0.14408710903016583
es_0995199,1,2,0.009045692127322974,0.24860499823431778,0.4051906396791428,0.286644923255154,0.050513746704062466
es_0461833,3,3,0.006746658785699478,0.08210997098207112,0.29741123315443796,0.39258451356055135,0.2211476235172401
es_0063355,2,3,0.01697678960050106,0.29096643918793524,0.17740804116278386,0.3831989380462778,0.131449792002502
es_0351133,0,0,0.648582363094454,0.2905928048736516,0.03562889182019508,0.015145141598966924,0.010050798612732401
es_0272437,2,1,0.20882721446198146,0.46403278705489803,0.24144088495699306,0.05870224899624946,0.026996864529877918
es_0377750,0,0,0.6278080728311991,0.22849618917025177,0.09144626651609747,0.03577310771839134,0.016476363764060285
es_0460966,3,4,0.01042954759313718,0.020841648073682557,0.0834227482041288,0.1371840615796904,0.7481219945493611
es_0178697,2,3,0.0422351152144257,0.08887787498827995,0.16138635797177997,0.4684177651353753,0.23908288669013905
es_0926926,1,1,0.30141611733048324,0.4249183065000177,0.1775214156193295,0.06908400993512143,0.027060150615048063
es_0692282,4,4,0.343101495538175,0.060918032364939444,0.010847804914797768,0.028755344303990016,0.5563773228780977
es_0970561,2,2,0.039687613535343225,0.31492513757375196,0.3428010610414952,0.24209537352105753,0.060490814328351995
es_0116859,4,4,0.0050896359779093875,0.08365913686306228,0.13660973590028438,0.2606355503404559,0.5140059409182882
es_0823952,1,2,0.017198046780077844,0.16292185112880142,0.4250470825719203,0.30579408763942206,0.08903893187977834
es_0577451,0,0,0.6807822040312828,0.2385716531424366,0.05190153302278715,0.02069218335880462,0.008052426444688726
es_0504585,4,4,0.01822885776126789,0.043351171736285624,0.1681812683325,0.3084619425174715,0.461776759652475
es_0987215,1,2,0.00885040738830165,0.2718506183904713,0.5250233602108364,0.17505532778836255,0.019220286222028066
es_0412547,3,2,0.07007552252651747,0.14704964963432704,0.5479179817375843,0.21076133210115752,0.02419551400041358
es_0833993,1,1,0.18015885420027683,0.36477642816799805,0.28971321865027844,0.12635985012980447,0.038991648851642344
es_0550838,1,2,0.12574868069784723,0.21022223108338683,0.35430124376022265,0.2523162432691602,0.05741160118938306
es_0450058,4,4,0.04680444354473571,0.12364818153876356,0.13507843061652647,0.24314455929971546,0.45132438500025884
es_0359684,3,4,0.013318207343592084,0.007796397927393948,0.02398158471365062,0.29146924962687326,0.6634345603884901
es_0718566,3,2,0.03152250944536232,0.194630454838366,0.4424036706890477,0.25049079313516154,0.08095257189206242
es_0030303,4,4,0.005018223905383002,0.03104035812650204,0.19034902053406844,0.353487177076763,0.4201052203572835
es_0871912,4,4,0.06901987774806184,0.06731665911155646,0.09232193055615054,0.19674243974352681,0.5745990928407043
es_0449854,0,0,0.5946583133327775,0.28183671868368065,0.09151524672835976,0.028344428178634706,0.0036452930765473305
es_0613378,1,0,0.6068713748942085,0.27485038039960974,0.04074649942048038,0.038046061044493464,0.03948568424120788
es_0863593,3,3,0.002170931194323323,0.060410936434781036,0.15091011029245702,0.5445770518939176,0.24193097018452106
es_0764221,0,0,0.43431160695026483,0.2287555639485394,0.15295935052884663,0.12507276577713644,0.05890071279521275
es_0262641,3,4,0.016785523370951305,0.15131228193688673,0.2324980203847916,0.2842678365159495,0.3151363377914209
es_0084908,4,3,0.14423067145501747,0.2513327945435454,0.16788532478539486,0.2723514709047957,0.16419973831124662
es_0566130,0,3,0.06771225921406199,0.19400876085375462,0.29296032202769623,0.34858678162567036,0.09673187627881678
es_0244997,1,1,0.2861828398913605,0.4059275839799471,0.19382085289768874,0.10117018350033133,0.012898539730672324
es_0532750,4,4,0.021429276980127997,0.045154481498053914,0.12710504982843573,0.3456536520811845,0.4606575396121979
es_0042591,2,1,0.015042709910379037,0.4214818038342251,0.3067434076171308,0.24320074037336967,0.01353133826489534
es_0805580,4,3,0.00399356839444841,0.02806700012165413,0.2810326541300283,0.36687127621104787,0.3200355011428213
es_0297591,3,4,0.09009638200490347,0.07888740328128221,0.07953990161104532,0.1566592966408555,0.5948170164619134
es_0676480,3,4,0.014612312944344208,0.14413335664298915,0.25849829361079896,0.12988186540477592,0.4528741713970918
es_0223145,3,4,0.000747620511755834,0.0057612387756350945,0.05463310824982944,0.32805173907534313,0.6108062933874365
es_0057020,0,0,0.38094946274527397,0.3453267827219504,0.13340517106220134,0.0981383290759645,0.04218025439460984
es_0582916,2,3,0.027257886659188928,0.08350660662894016,0.3007827071790313,0.44782927860494703,0.1406235209278926
es_0183987,1,0,0.2802419750273767,0.2489715634767808,0.2130364718053434,0.1857276051137648,0.07202238457673431
es_0263597,3,4,0.0037523933267851798,0.03590423680372192,0.08557495752283013,0.34902661987387684,0.5257417924727859
es_0148864,0,0,0.7226647359258334,0.2311600657165367,0.027166746274762465,0.013607052103484655,0.00540139997938279
es_0760489,2,2,0.04302499938699977,0.23198804388554498,0.4743345836168443,0.21064422391762766,0.04000814919298329
es_0921047,0,0,0.6191848052568306,0.13450255629485866,0.1274469012112261,0.0538570859934767,0.06500865124360795
es_0972389,2,1,0.019851892323498006,0.3037438861818549,0.30263572567895325,0.2719778364450022,0.10179065937069179
es_0299383,0,1,0.3931471066789234,0.4050042229181436,0.08731878546244297,0.0539983999994576,0.060531484941032485
es_0712928,1,2,0.12003572585071202,0.16105137147383172,0.42600339722820746,0.2521111780211929,0.04079832742605588
es_0988659,4,3,0.03737030771914386,0.15500594334889234,0.061975303692823266,0.44590613423349235,0.2997423110056482
es_0015474,3,1,0.15391589081984514,0.3109835994139519,0.20527579799570955,0.1203810017591805,0.20944371001131284
es_0682095,2,2,0.01194782586330284,0.08115277331569384,0.6496426952216945,0.2285132644510557,0.028743441148253106
es_0453459,0,0,0.40507981702649315,0.23482870486624105,0.24926386567037379,0.06876919313352778,0.04205841930336423
es_0966494,3,3,0.04458811012296432,0.1732062513721882,0.25613401444468276,0.30651929713223947,0.21955232692792523
es_0127012,1,0,0.5588144094187568,0.2128342089456335,0.16599928570532393,0.04442968557891404,0.0179224103513717
es_0230269,1,1,0.05609601164112747,0.36479160737685046,0.3063295798757137,0.2028635308338517,0.06991927027245667
es_0030995,4,4,0.0009207708544456796,0.009824619753680219,0.10857245030024712,0.43472299835065653,0.4459591607409704
es_0894288,4,4,0.007829281770419586,0.04396035529632354,0.0643840953447786,0.372280446053315,0.5115458215351631
es_0118723,1,1,0.12396387918155831,0.37435304843148065,0.2939030078892507,0.11949620656550182,0.08828385793220864
es_0469799,2,1,0.19402579207075216,0.2938836057171028,0.14446222799321565,0.14561009249109014,0.22201828172783916
es_0367112,4,4,0.1675990943340408,0.17261879436232433,0.13808683354828383,0.14885258999232867,0.3728426877630223
es_0930419,1,1,0.25069446118625416,0.3596801481776174,0.22347550456498727,0.15695191578655218,0.009197970284589001
es_0204353,2,3,0.002415750900486493,0.07859174333956842,0.406484775010156,0.4294528195206987,0.08305491122909037
es_0071724,1,1,0.16936164972113651,0.41022625115463224,0.2723327598443781,0.09814567795718383,0.04993366132266935
es_0475763,2,3,0.06587076459562022,0.13267159147835833,0.13917086605216067,0.3365621784786305,0.32572459939523035
es_0952010,0,1,0.26896844742732184,0.35909942996652433,0.2629182140324161,0.04706932813128355,0.061944580442454114
es_0659661,0,2,0.07527790967488754,0.33646953564956456,0.37379190708260124,0.18145021582690343,0.03301043176604316
es_0299905,1,0,0.6187870851137134,0.08767352563683808,0.07781582156092472,0.12011354753959654,0.09561002014892728
es_0662224,0,1,0.23118898832729234,0.4219338103294854,0.2850960559668961,0.04346326543509845,0.01831787994122775
es_0172255,3,3,0.0378343958460783,0.1272092677991869,0.1238418784593307,0.4884732959040193,0.2226411619913849
es_0184591,0,1,0.23445353971110464,0.4583225202978304,0.21881671029714625,0.0624165341007837,0.025990695593134938
es_0333187,0,0,0.38303741387672424,0.2671871585944606,0.14759636444956253,0.09191147585303935,0.11026758722621317
es_0451603,3,2,0.0055150145193629185,0.08199090194600347,0.3978187930875208,0.32837390019604806,0.18630139025106476
es_0587958,3,2,0.008376096779999374,0.22464747381072842,0.4344741460113871,0.2611781223071602,0.07132416109072484
es_0749452,2,4,0.017012431472934714,0.059148298609748205,0.09831393679017994,0.3005051115066677,0.5250202216204696
es_0582397,4,4,0.017598728330230764,0.04758857902489024,0.0762099235257793,0.1699964395308754,0.6886063295882243
es_0329084,4,4,0.028818844906306252,0.0360151326979526,0.1817942270225627,0.3087901570621667,0.4445816383110118
es_0277199,0,0,0.6848454552076705,0.15373488334088406,0.09746063649400308,0.044867227610181006,0.01909179734726138
es_0040033,2,2,0.14039927674006322,0.2752050134456953,0.4692299155822049,0.10282596123582981,0.012339832996206713
es_0407089,2,1,0.1311617066670267,0.405250402856762,0.2576637012194659,0.1574662238045409,0.04845796545220449
es_0511992,1,1,0.19267636675600597,0.30654414672072405,0.22754646958243407,0.22793608698611934,0.04529692995471647
es_0665144,2,2,0.17437375076783582,0.2704465875002132,0.29158175850863655,0.17912510066367676,0.08447280255963764
es_0599061,4,4,0.0027864469080482067,0.004490018859516638,0.029704519053486124,0.36422931346060017,0.598789701718349
es_0512941,4,4,0.0045921177899738656,0.032240108135025945,0.07788895539613264,0.29653144197193315,0.5887473767069344
es_0074366,0,0,0.4641471805145928,0.32694282597201096,0.10016868830975496,0.0570644626465822,0.051676842557059136
es_0016148,0,1,0.19321949366809849,0.49136075493649223,0.1389745082021912,0.08350262710611153,0.09294261608710652
es_0644551,0,0,0.6092238597512452,0.21711668239016105,0.08018740690406523,0.07078624129904501,0.02268580965548355
es_0863141,1,1,0.13993450863415874,0.4044347087163751,0.38969425868873636,0.059051767319739726,0.006884756640989975
es_0681899,0,0,0.50427812705704,0.34036114222924496,0.0562091138176262,0.051247214134626226,0.047904402761462565
es_0834411,4,3,0.04415664972961676,0.05378550342544974,0.18479625743459943,0.40143435559628227,0.31582723381405176
es_0782797,0,0,0.4343156215147438,0.3738304213188804,0.12703920970993576,0.04038293522178908,0.024431812234650963
es_0542202,0,1,0.28754109441798353,0.449365839116763,0.2031009428122587,0.05467433983017557,0.005317783822819224
es_0280206,2,3,0.008223677559607914,0.0793130652980321,0.2867085503944786,0.529539104885109,0.09621560186277237
es_0802019,4,3,0.12835773619827234,0.25894448291740196,0.08680622322191137,0.2680210393427247,0.25787051831968966
es_0282952,0,0,0.6176724694846842,0.20228796810877953,0.0796990649592492,0.03723910211181266,0.06310139533547446
es_0439547,3,3,0.017339243609729958,0.0413824645523571,0.08540173601060988,0.44908691893824493,0.4067896368890581
es_0682919,0,0,0.48389234596126923,0.38125819891573015,0.08660052255561156,0.04146079305483773,0.006788139512551456
es_0063804,0,0,0.6581238871654751,0.1697540468409787,0.05602885180809965,0.0675775589716282,0.04851565521381844
es_0847270,4,0,0.5825766345417653,0.17334783580881402,0.15434215664655834,0.04951376903370001,0.040219603969162264
es_0702094,1,1,0.05030481048192046,0.5150855620109624,0.2902968438551463,0.12755586693703033,0.016756916714940374
es_0729268,4,4,0.05794347918462293,0.14731707325171345,0.051973910335537124,0.21800389534626102,0.5247616418818655
es_0725040,1,1,0.2105919082424977,0.41797670172208196,0.26177564504727807,0.08258168739578535,0.02707405759235701
es_0089933,2,2,0.007259831296345787,0.12684882547516743,0.43978955717189194,0.32826673407903034,0.09783505197756448
es_0031258,1,1,0.34655142886534324,0.4413819715948402,0.1342524634910013,0.05697658918579437,0.020837546863020834
es_0014968,4,4,0.003948143850549579,0.015846917539553022,0.04943435653528812,0.26160475085225987,0.6691658312223494
es_0851547,2,2,0.025854834621907553,0.31093880392807427,0.35877180849418017,0.2753885737988061,0.029045979157031953
es_0159724,4,4,0.0005465734940779425,0.0072304183817339315,0.019168877100501913,0.30924735385895813,0.663806777164728
es_0913679,4,4,0.004466196539786431,0.008079586660444695,0.09231437782595374,0.29553858158721485,0.5996012573866003
es_0654367,3,4,0.012213250575449742,0.03717762787673727,0.08604819993606028,0.31874838367020353,0.5458125379415492
es_0593785,4,4,0.03787920070449054,0.0587841015870386,0.07148077736822653,0.3556638159951816,0.4761921043450627
es_0519815,1,4,0.018296810209165154,0.21379676931329872,0.1786668620424245,0.22446596448413952,0.3647735939509721
es_0418752,4,4,0.0428534991228268,0.0809013748063845,0.12475798480996762,0.2522903732558043,0.4991967680050168
es_0483984,3,1,0.03478050825204633,0.3425065860160251,0.2175050877151356,0.2226201526526593,0.18258766536413362
es_0040668,0,2,0.04703728307934795,0.3310228556959964,0.4766142284752899,0.12394467409157246,0.0213809586577932
es_0494099,1,1,0.27013466916315254,0.5252947716315225,0.12744412055012427,0.04353593133048982,0.033590507324710875
es_0851969,2,1,0.05168066054931018,0.33765371020120793,0.2540503056569231,0.15584617499543993,0.2007691485971188
es_0468371,1,2,0.012440164856540536,0.2384110528279299,0.35244123480773704,0.2765740627894857,0.12013348471830684
es_0662514,3,4,0.013856547699129085,0.044917838801268054,0.10234446734362852,0.25929664210516956,0.5795845040508049
es_0668633,1,1,0.14421376657948085,0.366619889427717,0.27779241273071015,0.1456312113465163,0.06574271991557572
es_0876802,1,2,0.061274033311015975,0.2597828747758028,0.3693001923835552,0.27064565740716684,0.03899724212245913
es_0309279,3,4,0.06182194708289317,0.2140554407140241,0.2136729008706441,0.23128902842148294,0.2791606829109557
es_0728609,2,2,0.06393121494954855,0.31926953527920227,0.4518926928279199,0.15806224572505098,0.006844311218278348
es_0562366,2,2,0.09809075436265799,0.19309698586967622,0.5040291545810707,0.12339820554594941,0.0813848996406458
es_0445582,2,2,0.028444521995067456,0.27709564645030793,0.39630489773240035,0.26901659050565263,0.029138343316571707
es_0536356,0,4,0.1715614886631123,0.0986370323071078,0.30697751052253397,0.11011434612310678,0.31270962238413913
es_0841914,2,1,0.3202607903028938,0.5008798719378438,0.12054983656713156,0.043173822443890605,0.015135678748240136
es_0442472,2,3,0.05692756853818457,0.19472713689766277,0.33512726982774665,0.34197251130765777,0.07124551342874827
es_0836931,2,2,0.008686529687577927,0.18160076987344623,0.39811739013129965,0.30037197711076474,0.11122333319691151
es_0910257,2,2,0.0064134188280605174,0.24665839782551008,0.4132369286912644,0.2646350140217552,0.06905624063340994
es_0116925,2,2,0.007668249776451076,0.3277496397263505,0.47672135734647786,0.16851191895750964,0.019348834193210856
es_0516528,1,4,0.007168985802469637,0.16608431219746195,0.18955704342845478,0.21405738813772204,0.4231322704338917
es_0204189,0,0,0.3261368947157496,0.26627222957598357,0.1288974334572801,0.14480161868639801,0.1338918235645887
es_0469410,0,0,0.7129496609109354,0.17625896715235365,0.05652093858544886,0.04475911635017633,0.009511317001085842
es_0542661,0,0,0.4145552747059315,0.19269901983496188,0.2011801132183128,0.1605986338526316,0.030966958388162158
es_0245855,3,1,0.13017152024479522,0.38788356437690874,0.22808465379970153,0.1578406207113821,0.09601964086721228
es_0844145,2,2,0.03594953278602392,0.39505071756564814,0.42738657613677117,0.13005257238996057,0.011560601121596122
es_0734575,3,2,0.09917404023894853,0.23927891658111206,0.4637222165407353,0.14515854798189848,0.052666278657305596
es_0463376,0,0,0.7556390912289562,0.14390152202552414,0.07128592595026169,0.014277062959162428,0.014896397836095565
es_0766057,0,1,0.13748968540888704,0.4311012811670133,0.30298853842688683,0.11100320562007034,0.017417289377142566
es_0407649,4,4,0.00963784710914814,0.08140847894404685,0.04788515420298084,0.292337317830407,0.5687312019134173
es_0538273,4,4,0.0012129338868385913,0.005671370786255877,0.05072242519092065,0.3772921575498743,0.5651011125861107
es_0651716,3,4,0.038609020207120044,0.08858910086280478,0.25229083549989784,0.25998076346537696,0.3605302799648003
es_0336069,0,0,0.4912301566808396,0.3506426977089183,0.07502859046261907,0.05566106282651835,0.02743749232110469
es_0549368,0,0,0.5031690299306657,0.2747232487481814,0.20184958330858124,0.016938155494361,0.0033199825182107317
es_0891437,2,0,0.3335963471162509,0.18653259623538648,0.13855031326735562,0.1552875199220505,0.18603322345895643
es_0652461,4,2,0.0034621046543441792,0.10526220294462743,0.41866436916391087,0.31431708988203805,0.15829423335507947
es_0564289,0,0,0.5116216150941454,0.38456991938842205,0.07708592468898241,0.018777439542462037,0.00794510128598811
es_0608243,0,0,0.4466410098838652,0.24292221244604956,0.23996492879558812,0.054381988871625,0.01608986000287225
es_0037097,2,3,0.07076861956001805,0.2649229553094035,0.27971182139317874,0.2979160887300658,0.08668051500733395
es_0052453,1,2,0.019434503748082563,0.10468218247160488,0.5277386470856509,0.29710874965015066,0.05103591704451098
es_0178498,0,0,0.6470141841641719,0.21321547814484837,0.04268391141336755,0.04464327429726989,0.05244315198034235
es_0978354,3,2,0.09801321398059455,0.2640720606397296,0.40313459848813904,0.1951647946747594,0.039615332216777356
es_0943199,0,0,0.7749252327806027,0.15429477991128565,0.04195786451935068,0.019378524436877598,0.009443598351883449
es_0084539,0,0,0.6900011058288928,0.2245919561151141,0.05362083446933823,0.019840909786330414,0.011945193800324293
es_0761473,1,1,0.178286649750638,0.3968105738446076,0.23181809645892687,0.08191942500646213,0.1111652549393654
es_0284264,0,0,0.8018254656219609,0.07328114197108435,0.0726427934346157,0.023075039990233307,0.02917555898210573
es_0717381,3,4,0.0002863250053262955,0.005328398857815426,0.1831335696605317,0.397876926079234,0.4133747803970926
es_0700456,0,0,0.5891433682955228,0.242624705149252,0.07473347496905795,0.07289681664656177,0.020601634939605422
es_0597369,3,0,0.3800202416103457,0.22911572280634976,0.1268656303223654,0.21887411884023344,0.04512428642070569
es_0533162,3,2,0.011305758737327153,0.15933064986766227,0.5159996930883058,0.2751522550040272,0.03821164330267771
es_0855839,2,0,0.5522129168920755,0.33181212437588115,0.06796500285484802,0.024898967568252255,0.02311098830894305
es_0252167,4,4,0.025387896757516692,0.043352436560411454,0.05319709319269759,0.1838774173574384,0.6941851561319359
es_0794613,2,2,0.06202771756471949,0.24340231593470635,0.3316079504731712,0.3105811686101676,0.052380847417235386
es_0200507,4,4,0.012318172324743823,0.05121005334434131,0.03190301878143257,0.17315968787656744,0.7314090676729148
es_0166834,0,1,0.18821654997062026,0.3823751994117121,0.3381636046143678,0.046491536430673275,0.044753109572626584
es_0954220,1,1,0.11322332020997183,0.38678591394328304,0.2950104599170734,0.16210730377087962,0.042873002158792084
es_0139605,0,2,0.13653638365497714,0.3075608524397399,0.335600763948087,0.20975842772859948,0.01054357222859647
es_0770612,0,1,0.33411094154370896,0.4136409770724899,0.14786892402058735,0.08356417033221536,0.02081498703099837
es_0164844,2,3,0.0880239403770113,0.29981168483899373,0.18771360083559113,0.310768014722741,0.1136827592256628
es_0795548,2,2,0.11811140710912164,0.3625885499466001,0.4131563712476313,0.07454377201017287,0.03159989968647396
es_0552191,3,3,0.0012358579031284487,0.07666802026323535,0.23692097925434555,0.4427038218461205,0.2424713207331702
es_0263156,4,4,0.07240508351935501,0.25200909277596156,0.16259806802686894,0.2102411475468366,0.3027466081309778
es_0211776,3,4,0.004522506985156654,0.007253488264848724,0.13049960803424984,0.2865430867075781,0.5711813100081667
es_0394358,3,2,0.014863433369076908,0.17060659803864536,0.40272799655252517,0.3785965917601465,0.0332053802796061
es_0247933,0,0,0.5547383521108704,0.22902395040526896,0.10760579724550712,0.06236743044153046,0.04626446979682312
es_0898029,3,4,0.028482126332331457,0.07488210218911051,0.10631779141944395,0.18285829122793484,0.6074596888311792
es_0464472,2,3,0.1115354589975724,0.251961439892097,0.23796330615153183,0.3428577696275267,0.055682025331272
es_0095998,4,4,0.028685539459318933,0.12771793321273575,0.11152811970418608,0.2978319271246227,0.4342364804991365
es_0760188,3,4,0.03820185290600912,0.10460738552706424,0.11970316050409224,0.29700527783148883,0.4404823232313455
es_0296863,1,1,0.18960046765972188,0.35884829392006645,0.2433648057099914,0.1700659113495476,0.03812052136067269
es_0882961,3,2,0.020103144245975292,0.2995180825009884,0.3713902825701044,0.2079108577713554,0.10107763291157648
es_0271113,2,3,0.0504160189425185,0.1900060453334856,0.1856749838209272,0.37700618419891746,0.19689676770415138
es_0284095,3,4,0.17969459941336924,0.17099872957671622,0.13333058675579965,0.17049942484014607,0.34547665941396877
es_0010196,1,1,0.022312418727821907,0.4741440079751983,0.4407374397632222,0.04324946905993074,0.019556664473826913
es_0504978,1,0,0.4071529691139397,0.30516549908562624,0.11232353799008665,0.09633412891788692,0.07902386489246056
es_0282547,4,4,0.021793991793448743,0.02815563377244946,0.06812452931148202,0.24238607315398714,0.6395397719686327
es_0726761,1,1,0.25044539704775115,0.3891624750041661,0.15640109187701773,0.149299664135459,0.05469137193560607
es_0777944,1,3,0.056517592521357476,0.1242403208898933,0.31522522275715087,0.32773941239182713,0.1762774514397712
es_0541820,2,2,0.049345570428276433,0.16213335979894633,0.45896748974199325,0.2112705102547317,0.11828306977605227
es_0428800,4,4,0.0004856606066254293,0.004773385988183044,0.02958077637338168,0.3620730516434313,0.6030871253883786
es_0770446,2,3,0.006314688354854092,0.060636964619204245,0.38783466205204337,0.4296921370802507,0.11552154789364763
es_0864431,1,0,0.6558819229703514,0.18950534259521357,0.067587704175632,0.04435068705687482,0.04267434320192819
es_0379520,1,1,0.1582962712698592,0.4348858439755235,0.3186034792843243,0.05603485823733416,0.032179547232958836
es_0356295,3,4,0.02689408072608862,0.13461113983908754,0.17672871147171182,0.16800372355761742,0.4937623444054946
es_0728445,0,0,0.6476970079271327,0.21347180721919073,0.09112560192263,0.031135146677381133,0.016570436253665485
es_0142974,2,1,0.04912515694800971,0.3619251446939546,0.2510334174159322,0.2699407949593909,0.06797548598271265
es_0891869,4,2,0.026970072612520345,0.14371086772506975,0.4520917846375065,0.3275642171922222,0.04966305783268127
es_0653524,2,2,0.07657030584526266,0.1998355852060325,0.5028384935041286,0.21101400723041888,0.00974160821415736
es_0484181,4,4,9.076950874956804e-05,0.001703815306142851,0.14999111815341362,0.4141338579627087,0.4340804390689853
es_0461554,2,0,0.470270251515735,0.40913415251700924,0.07915476354622848,0.030329741597881564,0.011111090823145816
es_0310633,2,4,0.023229072685901127,0.15231334663678303,0.1609861874007296,0.3000697467210491,0.3634016465555372
es_0717974,0,0,0.7060352062043538,0.16704320930983713,0.06444895248392596,0.03009475738538357,0.03237787461649956
es_0939870,0,1,0.29063498822774025,0.2944394240629977,0.13460849230760646,0.10844542048168868,0.17187167491996688
es_0877256,0,0,0.7460895877311937,0.15929136020419415,0.04313134751895006,0.024456852734447972,0.027030851811214097
es_0983290,1,3,0.07879328075729979,0.22114593914563616,0.1816548540390798,0.3347941355179997,0.1836117905399845
es_0627898,0,1,0.3002444969029732,0.40483456462526163,0.17351070673482777,0.08831940833538708,0.03309082340155032
es_0379155,0,2,0.14550242809253325,0.18675538220271812,0.38795282023011046,0.22226271972392317,0.05752664975071496
es_0673352,2,0,0.44793602765745916,0.4201044167950817,0.09799010299630462,0.027119183091468275,0.006850269459686263
es_0677877,3,4,0.00410079988194152,0.006464410070745804,0.1689680059301172,0.36679844772998216,0.45366833638721327
es_0226618,3,3,0.05835835922116082,0.276245725405849,0.2624243409836485,0.33082210380528015,0.07214947058406154
es_0222031,3,4,0.01630973015591459,0.019950865913918814,0.09122030266397108,0.2948152265717409,0.5777038746944546
es_0140187,3,4,0.034600988076660344,0.14595669998148222,0.07511489453546712,0.33455262780835127,0.4097747895980389
es_0225513,0,0,0.7111511378718822,0.09672520471869502,0.0721987770861893,0.05897593358446727,0.060948946738766274
es_0746627,3,2,0.0025391560371608403,0.06456159940023747,0.4742247495711773,0.4456480078164827,0.013026487174941717
es_0023062,0,0,0.419710673527333,0.3017166126865567,0.07351584929823937,0.10063597806840666,0.10442088641946427
es_0659251,3,4,0.006663215019458745,0.013201340340047251,0.11865396097496647,0.3951632658303247,0.4663182178352029
es_0637329,2,1,0.06995254775212452,0.45131561893163497,0.22336108726971018,0.15992347273764318,0.09544727330888716
es_0280565,0,1,0.12733980097975742,0.37701470412340704,0.27737446858993764,0.13260766762602166,0.08566335868087618
es_0571163,3,0,0.4201776933175199,0.2028938788023563,0.2821438564333739,0.07797812973780169,0.01680644170894814
es_0437101,0,1,0.21379762956454887,0.4252903725563524,0.259976633056403,0.08857366233720938,0.012361702485486334
es_0971595,4,1,0.09971341529101647,0.31499498849395274,0.1501267550874268,0.13197313775815314,0.3031917033694509
es_0087549,2,2,0.09504354499175369,0.19409113711823306,0.26120204757224286,0.25106023529598226,0.19860303502178817
es_0620506,4,3,0.018481067133266693,0.06990782609530437,0.1286337997187569,0.43523060444046086,0.34774670261221113
es_0666209,0,0,0.6327936691151171,0.21827065296976272,0.08104509300619663,0.04160878362967726,0.026281801279246265
es_0552117,1,1,0.3277730284071444,0.38323221082875447,0.15517012266507124,0.09121476738351854,0.042609870715511325
es_0685546,4,4,0.007905684949664546,0.0179363041674439,0.06270119983320135,0.24111367852471174,0.6703431325249785
es_0306361,2,0,0.5258396089875549,0.20442607341148133,0.08892443028493993,0.07786650223250807,0.10294338508351575
es_0587066,3,2,0.049962456674713614,0.32424492564553403,0.3619551310555865,0.2239505352675654,0.039886951356600454
es_0726771,3,4,0.002212059670612231,0.051194366155367856,0.11177792756938698,0.24656007359404133,0.5882555730105917
es_0678159,1,1,0.18751527146581318,0.4404397963705956,0.2636824017996872,0.07127510552114528,0.03708742484275871
es_0398084,4,2,0.0305943174469133,0.07694833706566621,0.3916067181630082,0.27539643866429186,0.22545418866012046
es_0689380,4,4,0.010034912879875412,0.034159229777828204,0.1765632608700573,0.27398587162087684,0.5052567248513622
es_0589866,4,2,0.07567634521092585,0.11414766496577711,0.3784163413931762,0.33265346190854905,0.09910618652157177
es_0973457,1,2,0.059427152832696103,0.3770730825475336,0.38933022244883037,0.11038193882552846,0.06378760334541143
es_0591891,1,1,0.2250189480092366,0.4010166520141862,0.2595984813839202,0.0836009089074813,0.03076500968517562
es_0836431,2,3,0.007291615188070444,0.060209340965521774,0.2699217107414303,0.38487711314518547,0.2777002199597921
es_0094616,0,0,0.6642108206087622,0.25492057040526656,0.04713090273413187,0.01610981282558794,0.017627893426251286
es_0361198,4,4,0.03160239575626646,0.050790159191016836,0.0333505784080713,0.19997726611123018,0.6842796005334153
es_0040914,3,3,0.01660529494510161,0.142683864146911,0.3227503630751774,0.397148770742648,0.12081170709016201
es_0725194,3,3,0.009878742597618891,0.029356345702284202,0.2541699232980612,0.3934981964997002,0.3130967919023355
es_0652840,2,3,0.038951284581105826,0.16796873636548945,0.3406638805760279,0.3638972590680025,0.08851883940937437
es_0069650,2,2,0.009414504984026016,0.15364064575441788,0.49197937268904796,0.3097639872148271,0.035201489357680964
es_0557928,3,2,0.06328227654740595,0.26017904709375184,0.369689510973766,0.20153621943643013,0.10531294594864615
es_0457693,3,0,0.2979516300719217,0.19253737073254862,0.1498595537126372,0.1760960504252588,0.18355539505763369
es_0069596,1,1,0.3789404489130895,0.46648400096245346,0.09629540203532504,0.034777605382454904,0.02350254270667712
es_0292940,4,3,0.001550132201686067,0.081684085401166,0.22042014512209684,0.424643962104175,0.2717016751708761
es_0065094,4,4,0.03640867380786365,0.051880744901295836,0.14911686009762534,0.14067095483904654,0.6219227663541687
es_0665809,2,2,0.020850569304880138,0.25712586315191527,0.35413913532154945,0.2723612937650536,0.09552313845660149
es_0805061,3,4,0.03074987948301603,0.04872408854080616,0.09224002952152761,0.20249679276521504,0.6257892096894352
es_0526677,2,0,0.5152898539885556,0.21439328693521,0.15779651519197507,0.06364208931677422,0.04887825456748508
es_0542450,3,4,0.004172097309171165,0.024849423638206268,0.05794577143279982,0.32126241283859736,0.5917702947812253
es_0255691,3,2,0.032385668799824234,0.19943534727059828,0.3759147400121656,0.23507106487306903,0.15719317904434288
es_0907329,4,4,0.13880163306796064,0.20323919402040555,0.1513984931489469,0.08190581264415278,0.42465486711853406
es_0807089,4,2,0.0038028304541586366,0.2289806746269864,0.44679508152242614,0.2795496783731725,0.04087173502325623
es_0479319,4,2,0.04295520323347222,0.09581984431727082,0.43653055821490006,0.30610598857185634,0.1185884056625007
es_0812270,3,2,0.03807764198064535,0.14521546264380508,0.5337617934713417,0.22304425956320953,0.05990084234099844
es_0225971,1,2,0.0777610959699837,0.26151821537750336,0.3412836768381021,0.27022723386330494,0.04920977795110586
es_0881477,1,1,0.18608603468447757,0.5166558633705312,0.2266142076858491,0.054447993832060504,0.016195900427081616
es_0656080,0,0,0.5862670403294405,0.2562926431045682,0.09038616264279103,0.03383079244674041,0.03322336147645975
es_0252177,3,4,0.013795578310046592,0.08744160534908096,0.08119073804265153,0.26825993043713414,0.5493121478610867
es_0049584,1,0,0.3698991906614053,0.27105526223244775,0.2517343334895199,0.07429809858910563,0.033013115027521384
es_0672295,3,2,0.008664355032495059,0.23106421687250167,0.4301696406846215,0.31183518009960215,0.01826660731077961
es_0034214,1,2,0.024338648040749884,0.08235758625467111,0.4010303186764436,0.3359177197094391,0.15635572731869624
es_0984523,2,3,0.018547526688129916,0.05653534390065444,0.2616818303508131,0.5726726072982895,0.09056269176211314
es_0210039,1,0,0.5289744742239847,0.35407540999491893,0.10539557171977784,0.009738727031696615,0.001815817029621918
es_0053360,3,0,0.4537119739985676,0.2850807097728548,0.1352446827530795,0.04206906228123601,0.08389357119426201
es_0385862,4,4,0.06081058981978775,0.08374639572945759,0.11063447760223295,0.35502364004517845,0.3897848968033433
es_0878643,2,1,0.09447592694718912,0.4524649949641136,0.2758336197664724,0.10066163628944676,0.07656382203277816
es_0135947,1,1,0.09530940980642463,0.4262194913734413,0.36490312201129593,0.08731296599912206,0.02625501080971619
es_0853891,4,0,0.4985354617456779,0.10972820250019792,0.23554992042266093,0.08839822989403201,0.06778818543743115
es_0625749,4,1,0.04311058890376589,0.4034387260561319,0.2859921111436531,0.2352451168965107,0.032213456999938564
es_0171151,2,1,0.20593632270603024,0.27847846714774105,0.24280705232027833,0.16369947176576743,0.10907868606018298
es_0020615,2,3,0.015575325244580041,0.03742217196528513,0.21088751258720223,0.4778641786968844,0.25825081150604823
es_0224003,2,4,0.0171677202062369,0.044226752146501624,0.11050436634881304,0.24785223469277767,0.5802489266056708
es_0773793,0,0,0.5247520759900656,0.2537947026903793,0.161762020186682,0.05255536546403463,0.00713583566883841
es_0887965,1,1,0.14608228936926296,0.5124970740014654,0.21605581832431975,0.089021659707285,0.03634315859766682
es_0251092,1,0,0.516310753723603,0.15496824534094764,0.17137194921009674,0.13086201801714328,0.02648703370820929
es_0772531,2,2,0.05612815279768511,0.2602164897639505,0.30005388950060674,0.23155433260582442,0.1520471353319333
es_0416912,2,1,0.199288628032321,0.35706358039552766,0.3127837213520454,0.10858723036903908,0.022276839851066786
es_0641653,1,1,0.19704935739676493,0.4363899598423184,0.145017235258264,0.05997936829883906,0.1615640792038136
es_0862696,3,2,0.048672921070181986,0.21096594271564179,0.48524967022482074,0.18249597107129406,0.07261549491806138
es_0668220,0,1,0.349527753969664,0.47796718182561887,0.11010691588717121,0.04323217440838449,0.01916597390916136
es_0205952,4,3,0.014494466968757122,0.13045514627570226,0.2519313816275369,0.4343800272438577,0.16873897788414594
es_0470959,0,0,0.6421062535136797,0.24867316281503388,0.0682890769144676,0.030231001962006288,0.010700504794812602
es_0477448,0,1,0.220624627367283,0.4216025151822304,0.2459376248373603,0.06051907770723077,0.051316154905895486
es_0539732,2,2,0.06976437234826074,0.20950238266084856,0.3564347246334044,0.2799532502215201,0.08434527013596607
es_0991313,1,0,0.6090604118599112,0.27167512270306676,0.08002381996922442,0.026024950019793935,0.013215695448003523
es_0267908,3,1,0.17995627151060203,0.4170006352023813,0.30393217959426183,0.06330774664969623,0.035803167043058574
es_0223766,4,4,0.22747718445770157,0.17188468659131642,0.14369419860263996,0.1856740266455579,0.2712699037027842
es_0518903,4,4,0.005951440183875722,0.023976174298563406,0.05546481813133601,0.25628807154942485,0.6583194958367999
es_0900017,2,2,0.01274038095213122,0.12618969479950642,0.3704238602075355,0.3562174931330657,0.1344285709077611
es_0195628,2,1,0.35483114471973426,0.36486688434326087,0.1773808540672734,0.07383089672686498,0.029090220142866396
es_0515811,2,2,0.11071645951372928,0.3614568145596101,0.39165898332373705,0.09985590079677216,0.03631184180615143
es_0379661,0,0,0.49435085470335227,0.4332143487260797,0.04499170169754766,0.017417216254348,0.010025878618672225
es_0436162,4,4,0.008392422149662059,0.01648208347616455,0.03635331169791243,0.14310521261343595,0.795666970062825
es_0513514,0,3,0.09742883953335327,0.1246252896786965,0.28098379226584236,0.33743611312941163,0.1595259653926962
es_0676307,4,2,0.022939480378231136,0.10972246699991073,0.4301882224623122,0.41507583732032804,0.02207399283921784
es_0459641,3,4,0.009702924092797828,0.021509055354258746,0.1476689289011756,0.385238432761148,0.4358806588906197
es_0868425,1,1,0.06640547509373959,0.47416442869851344,0.20898017498576796,0.1529124379883488,0.09753748323363012
es_0628406,0,0,0.5958889888283314,0.21565686611570029,0.16038849671937072,0.019537342207258165,0.008528306129339346
es_0180032,0,0,0.5866315951307126,0.12277264809914623,0.09690794298283661,0.10488921414485239,0.08879859964245222
es_0520964,3,4,0.0009216219697151704,0.02172580668696291,0.1822602223229471,0.3797480798884042,0.41534426913197053
es_0891412,3,4,0.013601094706541045,0.018159693148139002,0.14163603451774393,0.4125982626466693,0.41400491498090675
es_0312999,3,2,0.008400496620842815,0.019843705183422353,0.5253600389875606,0.30462058009810156,0.1417751791100726
es_0489129,2,4,0.06740903576552054,0.07975917382626024,0.1114662317303982,0.18335097730398736,0.5580145813738336
es_0165754,1,2,0.007101641719009138,0.2035167954864369,0.34081720005477134,0.3351363660140426,0.11342799672574003
es_0705373,4,3,0.01751914592749377,0.109528511984477,0.15380534221335868,0.4208090954839029,0.2983379043907678
es_0733386,0,1,0.33271590859501493,0.47479066244337503,0.09943707455368653,0.06524331412971125,0.027813040278212325
es_0321819,1,0,0.2917341538191258,0.22777285277080278,0.25915925031583475,0.18717506518448063,0.034158677909756026
es_0690099,0,0,0.6931348303745618,0.15651155660272162,0.07755986935841504,0.043659777865912096,0.029133965798389404
es_0752083,3,3,0.0002502182370250041,0.002367358542657271,0.17730104139508124,0.416361711895289,0.4037196699299475
es_0182813,3,2,0.24972174582151077,0.21306398520546388,0.31551890712408587,0.17302871152185662,0.048666650327082846
es_0398617,0,0,0.445558791858237,0.38958575261460887,0.11313605381839989,0.04272444275269673,0.008994958956057519
es_0167781,0,1,0.17195463434944233,0.42846194808972404,0.2640198364206804,0.10311085471931594,0.03245272642083728
es_0101736,2,2,0.004247439914284444,0.1658616969292366,0.45108269595559924,0.24950140156685782,0.12930676563402194
es_0682411,1,2,0.037216540543740406,0.2538642144003115,0.5400141299576,0.13267433906784723,0.036230776030501004
es_0006073,3,3,0.026807103266793274,0.08537459324087046,0.2120048817872906,0.4754283443571836,0.200385077347862
es_0095948,1,0,0.5427553900046174,0.21715222521099609,0.1985719826506954,0.03169788328243677,0.00982251885125432
es_0100301,0,2,0.13020077281155853,0.34576963183058596,0.39122500033913277,0.09757698557034196,0.03522760944838081
es_0539669,2,2,0.060879689017257,0.20098259524979528,0.4386687083846044,0.22734690420595066,0.0721221031423927
es_0443060,3,4,0.02929896534581995,0.06975224002078759,0.24068312800746025,0.32280156628293877,0.3374641003429935
es_0221892,3,3,0.0031603154476007493,0.062465867623435554,0.32004558364127533,0.36898404760920994,0.24534418567847838
es_0898303,4,4,0.0010588044177575408,0.014320698555624687,0.04131885048246538,0.2881199025419243,0.6551817440022281
es_0768447,4,4,0.10292896601783061,0.2089816357946575,0.1894265746706148,0.19937502989354464,0.29928779362335256
es_0038836,1,0,0.4056607562865879,0.368226514799715,0.13020547125367268,0.06696413789044905,0.028943119769575372
es_0277824,3,2,0.002015994323238978,0.02295151890818929,0.4539105083967184,0.32632346827469005,0.19479851009716315
es_0936482,2,1,0.15368428795447228,0.39278654873248814,0.38222995037586205,0.06552379001947267,0.005775422917704729
es_0729194,2,1,0.07160836311990448,0.5633706055955102,0.20916797552215657,0.08024485269543795,0.07560820306699076
es_0702913,2,3,0.016125711620186837,0.29802061691769227,0.30750994598594666,0.32136682034195707,0.056976905134217146
es_0456974,3,4,0.0011189112913875278,0.012815139320411542,0.056975511690489,0.3881012047025614,0.5409892329951506
es_0402990,3,4,0.0581629034367777,0.16451575724850337,0.17630968838484581,0.15657755994214168,0.44443409098773135
es_0039491,3,2,0.02689767149941702,0.08508509090554538,0.49898005338406454,0.3666357237408054,0.02240146047016771
es_0692604,1,1,0.051683979345423105,0.3850261188578479,0.14932677349418047,0.2835144315290414,0.1304486967735072
es_0535822,4,4,0.16172414541483632,0.08479227413364701,0.1489956566193466,0.18559686129955086,0.41889106253261926
es_0120955,3,4,0.0006286966394726313,0.04313841308327355,0.1833138195822805,0.35973242302848385,0.4131866476664894
es_0055185,4,4,0.003101814355086841,0.04177803813986534,0.1132498286619352,0.18758554973722735,0.6542847691058852
es_0215390,2,2,0.018972180350043007,0.0832963068558778,0.5387740820282587,0.34340573058966034,0.01555170017616007
es_0951073,0,0,0.7472220134625813,0.0385273309096754,0.07452083092753399,0.06486233492207734,0.07486748977813208
es_0853805,0,0,0.7172932885985996,0.17096310185323144,0.07132062365375531,0.03248549777939849,0.007937488115014947
es_0602650,0,0,0.5006517159905524,0.2791668162850899,0.15888330223455854,0.04746557713578248,0.013832588354016784
es_0461671,0,0,0.4881422902228006,0.2870876258573342,0.14911551812916435,0.0504219169245152,0.025232648866185557
es_0892106,3,2,0.1369642912146019,0.15144659903377347,0.3285649154685598,0.1533995013956373,0.22962469288742743
es_0101423,4,4,0.009635367378746443,0.05727738680463965,0.05133028609859848,0.17908263613972714,0.7026743235782883
es_0742127,2,3,0.0036189598760532045,0.12607991736626648,0.4092539298564256,0.4171433323289227,0.043903860572331914
es_0627362,3,4,0.017421542163114746,0.07707225825382033,0.30162094980003584,0.2888136130166457,0.3150716367663834
es_0957639,4,4,0.011724052355105472,0.09290089127403478,0.18081436443029741,0.153264674264089,0.5612960176764734
es_0570178,0,0,0.6214981148186329,0.26774746396923665,0.07999733044881562,0.022825211623809672,0.007931879139505044
es_0947992,1,2,0.21127288209815936,0.27350859535833577,0.2774646311212442,0.16013523829310405,0.07761865312915657
es_0516169,3,3,0.004192970011605526,0.14986115253888704,0.29463899645432595,0.39693544269692105,0.15437143829826044
es_0835462,1,1,0.08252174830086342,0.515601137412524,0.24929995597839244,0.1173434871852573,0.035233671122962835
es_0436330,4,4,0.006153610174558443,0.04539860796002654,0.08168521720072994,0.2567276101900216,0.6100349544746636
es_0310222,0,0,0.5844427879265097,0.27235123978971226,0.06146117763595208,0.0731133072204464,0.008631487427379583
es_0184670,0,0,0.3721998727895155,0.28860248224462953,0.15208382894609557,0.1051731713723433,0.08194064464741616
es_0958794,2,1,0.1424119373544964,0.42451039271696667,0.23444875626367492,0.12683204591808422,0.07179686774677782
es_0205814,4,4,0.0053802498528184115,0.02231959034005534,0.05525933812278845,0.28620376421017546,0.6308370574741625
es_0902382,4,3,0.015916860964217516,0.10437367594886693,0.20934395650498586,0.36306398765289727,0.3073015189290325
es_0884700,3,4,0.0009312357371883972,0.011304401985053142,0.03383357028452053,0.3661929346736221,0.5877378573196159
es_0296268,0,1,0.18090723195750363,0.2986911819203176,0.2788593817673188,0.1399138324415557,0.10162837191330429
es_0559295,0,0,0.3975558804049516,0.3072636423291163,0.2098681113194203,0.06540916375614951,0.01990320219036227
es_0928331,3,4,0.02899027364570691,0.10415209154175123,0.08286043323075915,0.2569629274785791,0.5270342741032036
es_0341050,2,1,0.11110146346276506,0.33498130861362385,0.17889529481457261,0.32374962238457544,0.05127231072446299
es_0126612,4,4,0.011266063288349105,0.12308941237728015,0.09056751612532273,0.3391275368072492,0.43594947140179885
es_0770096,0,0,0.41020787415532817,0.38822461177601986,0.1329110549893023,0.0577181269732767,0.01093833210607298
es_0324314,4,4,0.013703598682976326,0.009046670187277565,0.014350525111589473,0.26840137831548344,0.6944978277026731
es_0782043,3,4,0.002197640024011982,0.0072968974128470605,0.06047519406765708,0.3785116303172856,0.5515186381781984
es_0014346,1,1,0.2976462296208139,0.4196890309453612,0.22225275506211312,0.028333583599441874,0.032078400772269804
es_0067702,2,2,0.030759396056640315,0.3382048996172577,0.4029106510141068,0.19590562271680262,0.03221943059519264
es_0198555,3,4,0.029428038926949084,0.12538598974867698,0.26300081807641484,0.11860220163070848,0.4635829516172506
es_0647231,3,4,0.002273519167234898,0.05985365711588303,0.15214894524863826,0.3796122550766966,0.4061116233915471
es_0948396,0,0,0.6668094076353887,0.1149009854362951,0.08182708729519612,0.067810957411429,0.0686515622216911
es_0870239,0,0,0.5238552086048941,0.25022380743431966,0.07223929831835209,0.07433943207763896,0.07934225356479514
es_0711529,1,1,0.12489122036534184,0.3652938169569081,0.19400085093766536,0.21438603942511483,0.10142807231496984
es_0497282,4,3,0.024670164389880324,0.2331081596217813,0.06489581392105705,0.4475849178568372,0.2297409442104442
es_0081093,0,2,0.03220578349755122,0.3803489927504596,0.3998585423798593,0.12693762818708978,0.0606490531850402
es_0287390,1,0,0.7111608372944215,0.13546937556666597,0.04889974630906056,0.0537361393653355,0.05073390146451655
es_0725497,3,4,0.0014003261107646307,0.026553476417317888,0.06028076493165911,0.3121035266535562,0.5996619058867022
es_0951996,4,4,0.18351837354153772,0.2776359638930762,0.08164391837309774,0.1741988878350908,0.2830028563571976
es_0270698,2,1,0.018956972714434438,0.36296155962545673,0.3023217357858431,0.28014066128914666,0.0356190705851191
es_0222107,1,0,0.42772126264028804,0.3448342616654435,0.16174283010614615,0.04022713369202571,0.02547451189609657
es_0822541,3,4,0.03491430146572726,0.037072393418136104,0.03744603144021223,0.17609909847961666,0.7144681751963078
es_0478191,3,4,0.027464787927229693,0.059749735092463584,0.15556790396324977,0.25570179902178286,0.5015157739952741
es_0606593,2,2,0.022111338090701566,0.09544286049079258,0.5811480192920474,0.25387007434922915,0.04742770777722938
es_0066619,0,1,0.1992395791902351,0.40565913563734257,0.22212883773060926,0.09425414921459102,0.07871829822722205
es_0742035,3,4,0.015772298405139145,0.051612125336197634,0.1496147712137768,0.30511226440214384,0.47788854064274267
es_0699887,2,2,0.2071883272732571,0.21629916175501412,0.31026700707143257,0.20398203225985903,0.062263471640437315
es_0591987,1,1,0.12360115323804448,0.35299169753443105,0.23672990467793903,0.17985341406860028,0.10682383048098516
es_0837799,1,1,0.34182981934866125,0.3566403042372951,0.22299450483500718,0.04641265587818268,0.03212271570085372
es_0224738,3,3,0.027477578247765998,0.07864404359031145,0.17091820307310687,0.4576840114299972,0.26527616365881856
es_0893691,3,3,0.014988196576881538,0.09493984937735725,0.24062990260661338,0.3911395703985943,0.2583024810405535
es_0027301,1,0,0.4843922881628422,0.17046817647128618,0.23004978524184852,0.08714250613033662,0.0279472439936866
es_0662101,4,4,0.0028980805270215873,0.026802477527381123,0.06544606679138834,0.20990664266571496,0.6949467324884939
es_0554803,2,3,0.005688144301511242,0.12476175758264504,0.2838073871808958,0.37950361753471934,0.20623909340022858
es_0759129,4,4,0.008308245744027592,0.01643132771375753,0.04669189562294489,0.2842976988753274,0.6442708320439425
es_0834677,4,4,0.06992000751437294,0.16658770259305,0.09959769901691333,0.16570824648521015,0.4981863443904535
es_0798390,1,1,0.24017273574123657,0.5355346252224061,0.1117279744869722,0.06403997361841635,0.04852469093096888
es_0057920,0,2,0.051909443342516196,0.3099024401766866,0.45368512899139724,0.17482530345987984,0.009677684029520123
es_0223361,4,4,0.3064568123160152,0.08588900194702999,0.05839785041670316,0.08403411284017687,0.4652222224800748
es_0948735,2,1,0.2312669409783495,0.33139391756282477,0.22160934216966394,0.12437863017807256,0.09135116911108927
es_0455785,2,2,0.08636376873338691,0.28840572080290655,0.34909074707877336,0.1396412203581212,0.136498543026812
es_0316236,4,4,0.021973958185333174,0.17000356328216873,0.1543657464888463,0.12407783261557928,0.5295788994280726
es_0010625,2,4,0.0008404931848185297,0.014986587122673681,0.20221310523679742,0.3350163329932657,0.44694348146244467
es_0347841,1,0,0.40918456400654124,0.24276926621109904,0.17921455963894414,0.10345748133010517,0.06537412881331042
es_0232089,0,0,0.47293733589460174,0.223353210797961,0.16504588286584154,0.07700037472520244,0.06166319571639332
es_0914200,0,0,0.6159758466956051,0.2900512146536811,0.05132207575956095,0.024513298365085288,0.01813756452606751
es_0118403,3,4,0.16209910143202372,0.04993619241907211,0.07339478366202772,0.3143387437271349,0.4002311787597416
es_0565729,3,3,0.01026283414187026,0.07210510241120054,0.29727448615093766,0.4585621377381659,0.16179543955782566
es_0983651,0,0,0.3137083411437781,0.31366204654020946,0.2186487933358617,0.1070691821936715,0.046911636786479215
es_0150689,0,1,0.16066073365085667,0.37060272601770017,0.3037677307016241,0.12834036938566934,0.036628440244149636
es_0809121,3,4,0.03246265368374856,0.06762267625890875,0.11678396314857187,0.22326413942522158,0.5598665674835492
es_0072738,3,2,0.03073966871917353,0.24568631119174547,0.42193088500347314,0.2630193576881562,0.0386237773974517
es_0638359,4,4,0.0022957609490677966,0.02280148199310777,0.03156834168901238,0.3374894905244167,0.6058449248443953
es_0798114,3,2,0.03246696409599799,0.09247222163204541,0.401617092314836,0.3267878872170137,0.14665583474010685
es_0840324,3,1,0.05941488516041937,0.2974038715031485,0.24047389720541634,0.2700349890910922,0.13267235703992353
es_0945276,1,3,0.010757266712762153,0.0661595495919666,0.36780115411773173,0.43290846234007335,0.12237356723746615
es_0859398,2,3,0.04364480960573166,0.19008701037321898,0.24682377208185685,0.42600896794772714,0.09343543999146545
es_0884279,4,4,0.07225885824356412,0.13044957730358225,0.18863793575929305,0.1965207896557529,0.41213283903780773
es_0779182,3,4,0.05432659459277246,0.03910316511511441,0.07059138938977313,0.3958511790755148,0.4401276718268251
es_0482978,1,1,0.1027256193649885,0.5131326228870183,0.1924760415891463,0.15739096489221444,0.03427475126663241
es_0683472,2,1,0.06007155418917548,0.30116880584281924,0.150235755462966,0.205231019043936,0.28329286546110327
es_0700064,4,4,0.006703315151450414,0.02137976990340522,0.06264762358227952,0.32817630217390475,0.5810929891889601
es_0069822,2,2,0.07423792930495939,0.23088911206408938,0.3026541246134773,0.24922190709498643,0.1429969269224876
es_0461575,3,4,0.05722528760562001,0.06685908046782989,0.0437895713700684,0.17432457292636344,0.6578014876301184
es_0198569,3,3,0.16908737763129417,0.17315022967604382,0.30346905795432355,0.31244205784932494,0.04185127688901346
es_0849101,0,2,0.18860830692683114,0.2382199584040991,0.3580973753669482,0.13183875030602202,0.08323560899609954
es_0446487,3,4,0.04959578576972256,0.08700093846269989,0.16359763938087382,0.21495446120270406,0.48485117518399967
es_0054818,3,1,0.1434897032180606,0.3719137501114102,0.32168312546181194,0.0981802506803078,0.0647331705284095
es_0509335,2,2,0.0034028053062407056,0.2225516794124764,0.5244069235046668,0.23713311833654518,0.012505473440070974
es_0031538,3,4,0.0018046169628106348,0.017556386092311995,0.034059117109052975,0.272619058582378,0.6739608212534464
es_0428997,2,3,0.07084450569287244,0.11332684003283458,0.21893131240282276,0.3737031626386988,0.22319417923277146
es_0018099,2,1,0.2031304020791335,0.2694334757528745,0.2246015945930248,0.20761500186796336,0.09521952570700384
es_0170913,3,2,0.04628974621434842,0.1846118341540593,0.4170396164648992,0.27865405113068975,0.07340475203600341
es_0430845,2,2,0.06694485385094509,0.2525379915151019,0.49143994415926845,0.16636451442967864,0.02271269604500599
es_0278200,3,4,0.13331203918539208,0.07471565242798314,0.1509883998858134,0.2913211853660894,0.3496627231347219
es_0500517,0,2,0.029133967537541293,0.2334157017334077,0.3619782966420948,0.23808443367548254,0.13738760041147363
es_0844985,3,4,0.026468068659064165,0.07458107610768322,0.13898415890242044,0.37706984103463753,0.38289685529619455
es_0570357,0,0,0.334914213997134,0.26195296279650976,0.20655181336435113,0.09813148337775597,0.09844952646424916
es_0484324,4,1,0.290524353620902,0.4189314810685566,0.16503338537383994,0.08412428876002373,0.04138649117667781
es_0291902,3,2,0.1529118921825537,0.1086647949271063,0.2800757201925885,0.21426272681027939,0.24408486588747222
es_0476270,2,4,0.0012740178110716908,0.007378757355019226,0.1531609633569518,0.38824478451001426,0.44994147696694303
es_0521292,4,4,0.0438035404921565,0.08746690767702639,0.11813984694559439,0.2978319338562704,0.4527577710289523
es_0737144,4,1,0.2624670036551046,0.3173640494458502,0.28291165965718296,0.11040563278708262,0.02685165445477955
es_0796335,3,3,0.06109220815294466,0.20391810967787852,0.2564009284599118,0.3178154134057754,0.16077334030348972
es_0925394,4,4,0.025478900573235153,0.15693595909662367,0.1762276180938438,0.21973954741601798,0.4216179748202794
es_0550226,4,2,0.008556271768072589,0.13862628727856327,0.3896658231004567,0.3536288910145444,0.10952272683836302
es_0946142,3,2,0.043038236605226175,0.06465409875370241,0.34540265139719806,0.24265918698373645,0.30424582626013696
es_0321514,4,4,0.004920032228637367,0.053813559138218926,0.09652098212877017,0.22666024500370002,0.6180851815006736
es_0016441,1,0,0.610609072009758,0.2973067302975968,0.051139601682766836,0.030530592107218202,0.010414003902660183
es_0530078,3,4,0.00042874151680760524,0.01330718745332216,0.08145058779937162,0.37511146740632906,0.5297020158241695
es_0557598,1,1,0.18061029276087398,0.3039190361632649,0.2800972315115146,0.15372395421771434,0.08164948534663216
es_0518437,2,1,0.1943488708979612,0.3886117746390719,0.3584266118445335,0.05063950612527427,0.007973236493159062
es_0602792,1,4,0.00823027053239914,0.10631592556277081,0.17060558015375396,0.33234939490284626,0.3824988288482299
es_0517538,0,0,0.4839830548075703,0.3158539552657292,0.1492360125325422,0.03705658091833649,0.013870396475821885
es_0960703,2,0,0.5218184107064473,0.35988680722558314,0.07444324427933624,0.03143658436295967,0.012414953425673541
es_0971868,3,3,0.014729276110509892,0.17596711756056496,0.3173221712675878,0.38161175044105045,0.11036968462028689
es_0340869,1,1,0.2593380474531486,0.28457149995342307,0.24283003262804553,0.16416082518628589,0.049099594779096936
es_0031330,4,4,0.007756591177600605,0.09373992090710817,0.11039181064592762,0.29942330312285403,0.48868837414650945
es_0120827,0,0,0.5015132891364102,0.19507751769418763,0.19938796469161144,0.08352639888117763,0.02049482959661316
es_0296849,2,2,0.048363553048352256,0.21658417888259957,0.456307877353152,0.23020629299049186,0.048538097725404364
es_0802923,3,3,0.023167594193141454,0.09547783042918363,0.34960349404622704,0.49531192679726666,0.036439154534181284
es_0003115,2,1,0.11368328695601167,0.4946386709628895,0.19876950602275728,0.13785934086407395,0.05504919519426753
es_0559471,3,4,0.0008654352343073681,0.053959948575845115,0.1505002563332153,0.3124604655024458,0.4822138943541864
es_0223794,4,2,0.07918671395995927,0.29399439828347773,0.30226336394192954,0.26802776092515707,0.05652776288947643
es_0520104,4,4,0.02887471911648005,0.14302116269882909,0.06322194997530499,0.17998752666939638,0.5848946415399896
es_0408964,3,4,0.002622388413296299,0.02259744855382843,0.10321710439277602,0.42048174257508786,0.45108131606501134
es_0968612,2,1,0.26931946527783274,0.31185473969720856,0.21198815395760517,0.14842894113601868,0.05840869993133481
es_0012628,4,4,0.005071855998983315,0.014228980098716638,0.06733216628947841,0.3168129322063725,0.5965540654064492
es_0912641,3,3,0.013513164386652819,0.06672308168161267,0.13662442097533695,0.5646253525405392,0.21851398041585823
es_0129528,0,0,0.42765937292287876,0.36062048572650596,0.1640534560419664,0.029712400578142156,0.017954284730506653
es_0684989,3,2,0.04572334440837996,0.15428017218988038,0.3902650892027245,0.27348781817887835,0.13624357602013681
es_0653197,1,0,0.49026780662554836,0.3223407563506494,0.09512807584481006,0.04935878002592168,0.042904581153070484
es_0353968,2,1,0.08725439102838146,0.39683074782527644,0.22651259541797558,0.15631869387084807,0.1330835718575185
es_0954358,2,0,0.49263978553799725,0.2584163690676693,0.15970070519024143,0.049026762344239236,0.04021637785985278
es_0352074,3,4,0.007335407498740348,0.030685417317200248,0.12223990032131662,0.29545497737422877,0.544284297488514
es_0187541,3,3,0.01453354922925946,0.054431343122683926,0.23310691886334484,0.4772557302607314,0.22067245852398037
es_0575084,0,0,0.6056077154457118,0.11171808674322484,0.11102450642608583,0.07283140045227905,0.09881829093269848
es_0047716,0,0,0.3810642139683243,0.3188235763178937,0.12198362913480498,0.11892920178267063,0.05919937879630632
es_0641734,3,4,0.05220852606167078,0.15047537200649977,0.19581723264713347,0.27237353412308796,0.3291253351616081
es_0365626,0,4,0.10723225019692502,0.2807074210771189,0.18889220794056685,0.1078646811233892,0.315303439662
es_0020189,3,3,0.003798906853234558,0.01773446280342711,0.11365481370545516,0.4976503632602197,0.3671614533776636
es_0204554,2,1,0.22935370509398387,0.5377346475905855,0.11820635432334754,0.08506332510377826,0.02964196788830491
es_0360334,3,2,0.11890638339893748,0.25999913372872363,0.35074108426603817,0.13641757477557231,0.13393582383072838
es_0745524,4,4,0.0020856943364948887,0.0076499510801523885,0.048242446413733826,0.39949258371908125,0.5425293244505377
es_0446408,1,1,0.22132862364189232,0.3007446625545775,0.21977064681303266,0.18614531776369814,0.07201074922679944
es_0481551,2,0,0.5361939614713156,0.25973077679439943,0.07959824239377403,0.06613010121985571,0.05834691812065525
es_0822235,3,0,0.5946984776683907,0.2823351641112253,0.0401054639697767,0.04419555949700382,0.038665334753603404
es_0019360,2,2,0.014799463078222969,0.11714448119528109,0.40321017294144007,0.38361303921696255,0.08123284356809332
es_0826530,2,3,0.0067998752904459975,0.10433067717559422,0.3913394859858688,0.46984921238402205,0.027680749164069058
es_0784840,0,2,0.059685398350650086,0.3250985030623321,0.4627458792132268,0.14339710909373599,0.009073110280054964
es_0428510,4,4,0.007449236714593454,0.04708109559456335,0.043666505245856566,0.25767754545747534,0.6441256169875114
es_0834297,3,4,0.0011754067124589251,0.007446541814159609,0.04097472639035139,0.26606708736806584,0.6843362377149643
es_0377105,4,0,0.24818591938617826,0.1963016888001558,0.2103454457954574,0.10231407215929351,0.24285287385891502
es_0173632,0,0,0.5692279288617227,0.24180480388888115,0.0986201858537725,0.05757471760485862,0.032772363790765015
es_0791090,2,0,0.6842485415505537,0.18750972726162693,0.06965837064895766,0.03786572115696207,0.020717639381899817
es_0361345,0,0,0.635145032541411,0.25537143359085346,0.04999701371189473,0.0258124750438579,0.03367404511198291
es_0548191,1,1,0.17342640763688344,0.4387948080888077,0.15881300347795765,0.17770666141980498,0.051259119376546244
es_0911231,0,0,0.7001775065075961,0.15095920114222638,0.06872919436625127,0.05887822804222048,0.021255869941705703
es_0797692,1,1,0.31503386760893726,0.4291533589982187,0.076182058736628,0.1052692448014213,0.07436146985479464
es_0695942,4,4,0.034404268970929616,0.03711857516172924,0.14308412282057864,0.21324351323766347,0.572149519809099
es_0278533,0,0,0.5976934167289101,0.35168183117249435,0.03342299172918024,0.010911440904175642,0.006290319465239766
es_0192382,3,2,0.0019989693349713243,0.06959176807605141,0.527870047261845,0.3776644922558113,0.02287472307132091
es_0704584,2,1,0.10349057610699955,0.3518374546175961,0.24616072937001587,0.08230349883950502,0.21620774106588353
es_0001155,4,4,0.024190746014588475,0.15804067368851515,0.12482152468402041,0.3173491539989154,0.37559790161396067
es_0149069,1,0,0.30305099481319925,0.2466508837257463,0.16409336443842887,0.17135528376426495,0.11484947325836066
es_0760205,4,4,0.19302419076041175,0.15357105488233125,0.0499599719570973,0.16936763383608394,0.4340771485640758
es_0670902,0,0,0.5721223707715742,0.2545851331229743,0.08271532642998405,0.07254404238281922,0.01803312729264806
es_0117773,3,4,0.03735346721311075,0.0268224170572387,0.2740111093588497,0.25877835768909074,0.40303464868171
es_0967550,0,0,0.5407386513616054,0.2611768647928377,0.1503700898450068,0.03947948767734018,0.008234906323209976
es_0660025,3,4,0.071577625251508,0.06633797943825936,0.1668592299934869,0.2679141290890761,0.4273110362276696
es_0420798,1,1,0.3322401696700254,0.48776390451065,0.09990127244865765,0.05868555258477108,0.021409100785895717
es_0524659,0,1,0.23641705405675917,0.3857062225517498,0.23200068532849408,0.08929878496552826,0.056577253097468715
es_0392950,1,0,0.6769745919176533,0.20671612523427277,0.05836025356191058,0.032346909884835365,0.0256021194013279
es_0022294,4,4,0.052473597585762824,0.10972025362779807,0.048049035059450004,0.16877086970633332,0.6209862440206557
es_0266130,1,1,0.05053952571833183,0.4770777813664136,0.2640649131305672,0.18197179764496782,0.026345982139719514
es_0218861,1,2,0.027007064553977268,0.3138773304024153,0.48089421584762854,0.14965342341483348,0.0285679657811454
es_0767811,3,4,0.017119551637914475,0.0192081429807625,0.12540725960813814,0.2382802247427133,0.5999848210304716
es_0329071,4,4,0.0038450300763552747,0.029600315420929495,0.05659711329255494,0.22969922414091098,0.6802583170692493
es_0660371,3,3,0.006654706448648975,0.029894079714104453,0.11409489765723424,0.4921146925387799,0.35724162364123246
es_0059420,1,2,0.08459349623714703,0.22562999354382457,0.4495846180652411,0.21910898330011772,0.021082908853669462
es_0057233,3,3,0.005946264629249779,0.07145883985553265,0.3134266492285313,0.4694850027477603,0.13968324353892606
es_0880674,2,1,0.29197019124953016,0.4066137642263669,0.1538108537984658,0.10947203102821042,0.03813315969742681
es_0688689,2,2,0.001346692248254172,0.017163911132437305,0.4906266208028887,0.32647544480647167,0.16438733100994812
es_0991175,0,3,0.2537557604957507,0.12762105710635618,0.17081736832949115,0.3266682635250195,0.12113755054338242
es_0409134,1,2,0.10357801322522282,0.24884905499832896,0.25330300642522885,0.18809105979704815,0.2061788655541712
es_0470201,2,2,0.012795062604294813,0.19427471437063917,0.4483137445806612,0.29008077451639036,0.054535703928014434
es_0346500,1,3,0.05714873551617393,0.27104023613370565,0.24391936463578276,0.380861840758119,0.04702982295621867
es_0170873,1,1,0.15990114146409246,0.5873416525784891,0.10633117288847846,0.057031480012320016,0.08939455305661982
es_0898959,1,2,0.03743373582139953,0.3174706128627636,0.39621227191627334,0.2448218168775505,0.004061562522013104
es_0095772,1,1,0.12623867362798058,0.48491462254823503,0.2750569332807488,0.082272736178625,0.03151703436441047
es_0238822,3,3,0.029808649459228027,0.3375730783821387,0.19256653303013144,0.3668685567901746,0.07318318233832724
es_0144279,2,1,0.06129143179190264,0.4046225008465324,0.38654207944706653,0.08817104087051778,0.05937294704398051
es_0686452,3,3,0.03490559933347,0.24720153047559212,0.16105120403909579,0.31796313707582213,0.23887852907601995
es_0029795,0,0,0.3681903130300791,0.3454341972048933,0.10078235995676954,0.11543597946052009,0.07015715034773792
es_0285498,4,4,0.07454727473154187,0.12086617785462325,0.11657053485678541,0.32043730308277757,0.36757870947427185
es_0191337,0,1,0.3355230336626178,0.455360748895866,0.14340881826994334,0.04240242309620253,0.023304976075370406
es_0286494,2,1,0.2212255293057484,0.45575126018080664,0.26319263702545365,0.055481369214818235,0.004349204273173066
es_0147696,4,2,0.0036276667915443967,0.0530966731110577,0.454210184112647,0.35651659670738706,0.13254887927736375
es_0567851,4,4,0.030598340403600738,0.09965401220722045,0.08926110566852317,0.346210307597431,0.43427623412322464
es_0441312,1,2,0.009038628833806194,0.16199531540115458,0.4453974899836993,0.3431763253310055,0.040392240450334446
es_0602950,4,4,0.05684549351910758,0.07535586483294371,0.09243355594068178,0.15565442147177072,0.6197106642354961
es_0671469,4,4,0.014840755812742412,0.03976838752837543,0.13058955808199746,0.25219657032275655,0.5626047282541281
es_0502615,0,1,0.268832918908341,0.3557722096289395,0.15579197047515167,0.1367025258502002,0.08290037513736769
es_0946251,0,0,0.542374642690161,0.350247049219759,0.06127394259610468,0.03370046514095269,0.012403900353022593
es_0325794,0,0,0.6812470502222229,0.18459760948121054,0.07293132214548219,0.04958704995093128,0.01163696820015302
es_0740527,1,1,0.02189686892124117,0.41117755857762583,0.2768530762066454,0.263231205443168,0.0268412908513196
es_0639168,1,1,0.18571402569568246,0.40204673504891913,0.3181806096429545,0.06592321964990193,0.02813540996254211
es_0128745,0,1,0.16070474521223627,0.636047214023826,0.07941344066501978,0.05572305084842324,0.06811154925049481
es_0567956,4,3,0.1739080395471638,0.17548637677634546,0.07581162370378992,0.3187178146178459,0.25607614535485496
es_0755215,3,4,0.016412050990415605,0.09230162691079245,0.0581741211905865,0.2171427871981086,0.6159694137100968
es_0781216,2,0,0.6391786546646092,0.24983890839365577,0.03707099773232718,0.029149948554352843,0.04476149065505492
es_0844968,3,1,0.03721805525832496,0.4319500903737195,0.38249470922059053,0.11254244516102692,0.03579469998633809
es_0278753,2,0,0.5650467642295914,0.1772070273058918,0.15978957940376573,0.05011783610843532,0.047838792952315856
es_0292152,2,3,0.029646682460195112,0.08421287211199145,0.18088812787643888,0.3721250308708448,0.3331272866805298
es_0297513,1,2,0.08101263616260487,0.281529185647289,0.361827161830267,0.23158151815513986,0.04404949820469919
es_0987904,2,2,0.07665329836922441,0.22848479823910148,0.2851711347810234,0.19736723468807096,0.2123235339225797
es_0636736,3,2,0.007958650973205897,0.22184799679196696,0.4825041011019547,0.26818439648017767,0.019504854652694827
es_0051325,4,4,0.039729937783436406,0.029577304614637184,0.020704842269420896,0.22795133661136244,0.6820365787211431
es_0456002,1,1,0.2698846453100822,0.372236938298398,0.2023839378153232,0.11048321007104116,0.0450112685051554
es_0088478,2,3,0.01791399278726627,0.0526720933414603,0.3729991129346507,0.4201291819823826,0.13628561895424002
es_0303918,1,1,0.13929626708813853,0.5644693026272297,0.24760918104597707,0.0391527465768214,0.009472502661833266
es_0085687,0,0,0.49755744320846695,0.1764916987726981,0.09391966806125537,0.11170110307261658,0.12033008688496309
es_0320412,0,0,0.7602699243443066,0.0803481348393393,0.043612786984257,0.061445635727215994,0.054323518104881265
es_0000333,1,2,0.2030465100390236,0.28389884342608446,0.3275527417065926,0.12940779047688944,0.05609411435140984
es_0421878,2,0,0.3015309757990741,0.1946536476297205,0.10053333809108209,0.18144722956670453,0.22183480891341878
es_0875672,2,2,0.043523946221729906,0.10252736629860304,0.5104521329076315,0.27080897980639645,0.07268757476563907
es_0806862,1,1,0.2233006093294084,0.3223394244900494,0.22303938814559024,0.19053812996841368,0.04078244806653825
es_0932406,4,1,0.02743562086279816,0.4199050880730786,0.37083623211507655,0.15685936226449798,0.024963696684548654
es_0948169,3,3,0.0032831114649782694,0.031036524032813567,0.2822569663180751,0.42422796717070294,0.25919543101343
es_0159360,3,3,0.0007362576271487695,0.005601890927859702,0.16080993018804918,0.4806610306066685,0.3521908906502738
es_0267974,3,2,0.042590511916778075,0.2057273132987243,0.3802106594084762,0.33014518041690116,0.041326334959120324
es_0248705,2,1,0.27065944973288136,0.3012658418911684,0.2206690653169626,0.13909237175273145,0.06831327130625628
es_0777042,3,2,0.08779063490924673,0.27846589159930185,0.3491941080840114,0.21701002707158096,0.06753933833585911
es_0501698,0,0,0.3593345929647026,0.35023174164704685,0.11506759239348026,0.07739739811178463,0.09796867488298566
es_0684339,4,4,0.05104640013030616,0.029671413891924025,0.07915386453760406,0.2657310398160859,0.5743972816240798
es_0317961,3,4,0.006924712628030417,0.03334700779886626,0.11579744426232988,0.27660380090553505,0.5673270344052384
es_0694288,3,4,0.003279496676706855,0.030067261943665075,0.08037702216451323,0.3844216002406336,0.5018546189744812
es_0399428,0,1,0.14917535892589384,0.43177989622605606,0.28259762080993267,0.12047139988119626,0.015975724156921164
es_0026619,4,4,0.10500651294313183,0.11483048478674315,0.1319203491573079,0.30500497557314654,0.3432376775396706
es_0068670,2,3,0.1726467349368299,0.18422321503758737,0.24193905959450893,0.36776277515141437,0.033428215279659494
es_0218046,0,0,0.5335661709091207,0.31251435038163183,0.0918443953897829,0.05512935935401923,0.006945723965445377
es_0430381,0,1,0.16628869723922102,0.4338247013095623,0.2284401161957231,0.12458147850926951,0.046865006746224104
es_0744971,1,1,0.13312333163563195,0.38458462258950504,0.26023912751756784,0.17897556082843932,0.04307735742885584
es_0502189,0,1,0.3266768109427244,0.3359492230763377,0.20149823439640277,0.06474607963552294,0.0711296519490122
es_0388203,4,4,0.06435121472195239,0.07924969398554986,0.08402903301594693,0.17429528897284774,0.5980747693037032
es_0537842,2,2,0.0010998629123247748,0.1552394246526497,0.49951627958956646,0.27467548232249445,0.06946895052296452
es_0708102,4,4,0.015659295967214357,0.02408304357072179,0.047847935353974184,0.3899728199769307,0.522436905131159
es_0330835,4,2,0.0703855083335441,0.21583520566268297,0.33047195023317727,0.30172421152047757,0.08158312425011816
es_0152166,2,2,0.018732564445639942,0.2047710112242763,0.5439776151007317,0.20285934062565297,0.02965946860369899
es_0842680,4,4,0.13322667961518359,0.20530241410219272,0.09379382516277472,0.14447139460670685,0.42320568651314205
es_0349346,1,1,0.3246176594722838,0.4697791215472134,0.1727639007121164,0.027115984668019066,0.005723333600367321
es_0857126,1,1,0.25552548343043113,0.33689665381279993,0.22553306813247787,0.14074947598563697,0.041295318638654196
es_0372823,4,0,0.3328282649850924,0.1951064371710503,0.13184861377703763,0.09939760592473784,0.2408190781420819
es_0592490,1,1,0.2499134184556898,0.30140701921569646,0.27817461749330386,0.10186387033649764,0.06864107449881232
es_0154599,1,2,0.045776366573982916,0.14541143221913289,0.42341532279372346,0.33600152871894273,0.049395349694218126
es_0346169,4,2,0.025270986660187504,0.08213278151094693,0.46056857487420366,0.37484304800762436,0.057184608947037564
es_0560034,4,4,0.03212550385044901,0.07597820901236654,0.08397313120806477,0.16997748348801583,0.6379456724411039
es_0604678,1,1,0.23054837123053362,0.5323073193962988,0.16034214102967828,0.04586707175725217,0.030935096586237183
es_0854844,0,0,0.255347772343263,0.2241929912768182,0.2059834364690812,0.18569829774193025,0.12877750216890743
es_0305401,2,2,0.038440642369755286,0.25891577876464594,0.341013453870436,0.25516215999844755,0.1064679649967151
es_0923513,4,3,0.005503784410260161,0.0858899155939147,0.259872553792298,0.36737727644263257,0.28135646976089446
es_0760687,2,2,0.01834452699188941,0.16855017497267638,0.4593241097416548,0.3350989484970631,0.018682239796716307
es_0849634,1,1,0.10368352982858794,0.4870409566503657,0.2914183389185353,0.0889607202002174,0.02889645440229367
es_0188935,3,4,0.04749334215231428,0.08177312598982792,0.017834153844405357,0.24154734296809738,0.611352035045355
es_0145785,4,4,0.006446293842899286,0.040840788071810026,0.039450107802000686,0.17469752357446716,0.7385652867088229
es_0982869,3,4,0.11903836945787767,0.07532137683289188,0.0897207427843954,0.283604830148733,0.432314680776102
es_0164039,3,4,0.04404491815708643,0.08960586314067084,0.3073882035749966,0.15743682417798693,0.4015241909492591
es_0943339,2,2,0.01457673015929479,0.24797600093002997,0.31955995749257166,0.2645118273339472,0.1533754840841564
es_0783411,1,1,0.2326268969719621,0.30335972884691975,0.2910382409014546,0.12962250639548772,0.043352626884175946
es_0553019,0,0,0.6205099620027298,0.142164328181285,0.17271623794554275,0.05418942913449328,0.010420042735949202
es_0350457,0,0,0.5659242314692813,0.21516798283619706,0.1532724147706757,0.05622589731420363,0.00940947360964227
es_0451743,4,4,0.005618433215289855,0.036157299753751884,0.16787317751588032,0.34280662478211005,0.44754446473296794
es_0444100,2,2,0.15779527266749055,0.0985408013204417,0.4690920555642615,0.23946976971724682,0.035102100730559416
es_0939676,3,1,0.2717131485811716,0.3794060414976335,0.14950124534702697,0.08567553909025327,0.11370402548391467
es_0551228,1,0,0.5475093344597874,0.3006024550030548,0.13534292892561517,0.011567524221013216,0.004977757390529196
es_0632239,2,1,0.1776634853103935,0.3359466915106607,0.24174842247235132,0.13937905884397295,0.10526234186262166
es_0099227,2,1,0.10876694844399629,0.37798515867573,0.17109329067919532,0.2544382825047765,0.08771631969630198
es_0690993,4,4,0.002780311296499168,0.02748772669093011,0.09564632271714843,0.35540547108629694,0.5186801682091254
es_0283710,3,3,0.06609373800040994,0.2513494291675571,0.21957374945303276,0.32292817360939974,0.14005490976960044
es_0695846,2,1,0.14596492705927824,0.5069518880110044,0.24466649368225307,0.0651028705607676,0.037313820686696655
es_0978853,1,0,0.6424697550623621,0.18626767055152654,0.06585205428781295,0.04698264992372088,0.05842787017457739
es_0541746,3,4,0.004114116866963202,0.03465014084585714,0.11342231674605319,0.31849454302033925,0.5293188825207872
es_0196826,0,0,0.7529186740584021,0.11669409039871607,0.06137076816694341,0.04314971805579802,0.02586674932014053
es_0636975,2,3,0.006920349336335285,0.2416284307360991,0.354190716944878,0.3780254054279266,0.019235097554760862
es_0334278,4,0,0.3448745557948475,0.2966707307680453,0.1346798637971053,0.14498530533033302,0.07878954430966895
es_0628101,3,1,0.1703564175163267,0.23801085237974826,0.2143540188875787,0.15992110935449302,0.21735760186185335
es_0652860,1,1,0.32512832035757455,0.3387741312008126,0.11777449545828027,0.12730477999939183,0.09101827298394075
es_0201936,1,0,0.4820451695071971,0.3194099199689382,0.10837999149450435,0.0702546737696525,0.01991024525970785
es_0023262,0,0,0.5101312758145953,0.21446007008236814,0.09384623265118001,0.12029041033388874,0.06127201111796784
es_0900826,4,3,0.006199510217864232,0.14365172567745815,0.1922308051661835,0.4594744489317253,0.19844351000676888
es_0305504,1,1,0.13632844298312705,0.3814046695473241,0.3433287567609254,0.1235617505126955,0.015376380195928038
es_0447514,4,4,0.019174237342365376,0.07344316147644651,0.22779460368143284,0.22886435359269144,0.4507236439070638
es_0667659,4,4,0.015007031597341635,0.09726460919891922,0.07376731758558952,0.33222974118546195,0.4817313004326877
es_0636693,2,1,0.20445615101022221,0.3771978563366415,0.1888604715614563,0.134689962584587,0.09479555850709301
es_0145742,4,4,0.01492683155583686,0.036130295042730395,0.10614697336231071,0.2621666009012035,0.5806292991379185
es_0082608,1,0,0.5749700377030218,0.21667421863099018,0.10581621944298651,0.08268565628864999,0.019853867934351434
es_0247360,0,0,0.6056442732086873,0.28063429538905804,0.061827003831612416,0.03236886473043061,0.01952556284021164
es_0627885,4,4,0.009654812140634978,0.008763409437511326,0.042406076849998725,0.40484357313515157,0.5343321284367033
es_0535057,3,3,0.0021889908224893553,0.012765254604382294,0.15978594065399504,0.45043961959296175,0.37482019432617153
es_0174891,3,3,0.03192503863353345,0.15664376498914118,0.2720180094924803,0.3461271187840278,0.19328606810081733
es_0318003,2,2,0.09437259397269324,0.26072306785034194,0.5140613954239202,0.09836646519051388,0.03247647756253077
es_0433274,1,0,0.5017391175374631,0.28824427408797143,0.12490498071039724,0.06702720864556669,0.018084419018601486
es_0625684,3,4,0.014525600431245447,0.03250542129786514,0.11333095542410412,0.26319479970345333,0.576443223143332
es_0801610,2,1,0.038712285037308815,0.3154649728669946,0.24694969571403438,0.2861822707991662,0.11269077558249604
es_0823816,1,1,0.08252924386183187,0.2927812925829407,0.23355353514394855,0.2714758345421403,0.11966009386913849
es_0065047,3,1,0.2656747572779912,0.31399550290405953,0.12399704176861812,0.11582133353267762,0.18051136451665342
es_0531626,1,0,0.5240722874923424,0.3390952840753203,0.09540212009995251,0.029996333423893046,0.01143397490849173
es_0508350,4,4,0.011084939690112332,0.08706513363763788,0.19117506033046705,0.3195393818041549,0.3911354845376278
es_0281790,3,3,0.001775501463044217,0.010024623708499058,0.33386605957563054,0.4976222016912416,0.1567116135615846
es_0538920,2,4,0.11366818164525683,0.0613538707151051,0.10550425223423392,0.24934132756076002,0.4701323678446442
es_0362075,4,4,0.01002341263715438,0.02676117283624979,0.11216214908260198,0.3727887485583465,0.4782645168856474
es_0889338,4,4,0.0030980328278392595,0.015513902238162347,0.10692164132769102,0.23106344751817898,0.6434029760881284
es_0402570,0,0,0.7173547207978535,0.10619569354539708,0.09862436154549728,0.0532040124992693,0.02462121161198298
es_0298055,2,1,0.055610532902742135,0.36427555796502065,0.3098020897322292,0.20476371328144824,0.06554810611855971
es_0284228,3,4,0.005609172252709337,0.0235114099740601,0.06869664344618169,0.34857147254421267,0.5536113017828364
es_0714521,2,1,0.25450722218805266,0.3405568941034572,0.18086927063558772,0.15920143308054696,0.06486517999235554
es_0943982,2,2,0.05292201127676251,0.1563396129916091,0.5075832096378644,0.16429558953337914,0.11885957656038489
es_0486574,1,2,0.009685607898535046,0.10567274870459942,0.43519746802502957,0.24916634458593423,0.2002778307859019
es_0011036,3,4,0.004242799710582031,0.04180430198490129,0.12537600249595932,0.3286151292872498,0.49996176652130764
es_0665790,0,1,0.19366850800058666,0.3114612549549012,0.288768381672327,0.11511413315512053,0.09098772221706465
es_0047517,0,0,0.39765390714720444,0.3466946329337164,0.19032213005849372,0.059293185257140314,0.006036144603445035
es_0273388,0,0,0.41780898474762457,0.20293526441934912,0.12315093604322538,0.20714505706692518,0.04895975772287577
es_0913007,0,0,0.7347167269806508,0.126885396777159,0.06222629029623594,0.05334772409637719,0.022823861849577125
es_0958706,1,0,0.6040429385514285,0.24290657357359685,0.11340744913997669,0.020787540160238094,0.018855498574759894
es_0193923,2,2,0.14256887648465605,0.2137952045852646,0.42099226527296246,0.15991147652814433,0.06273217712897251
es_0931282,0,1,0.10653098983031022,0.4214180958321493,0.20267972182213398,0.14281801395461718,0.12655317856078926
es_0451931,1,1,0.22853846690996135,0.35355061489518336,0.252811422190639,0.12710245089940647,0.03799704510480981
es_0762460,1,1,0.44059371154988297,0.47885090396199476,0.04132581094824418,0.025142979600060917,0.014086593939817088
es_0080033,1,2,0.006777101711191165,0.12560187629516048,0.5187524414872737,0.30339591299299573,0.04547266751337884
es_0058016,1,1,0.28410136444489836,0.35471909336290375,0.14068676565472954,0.13230610899037235,0.08818666754709599
es_0713006,2,3,0.06692376985346138,0.11111168986369288,0.22586637860437117,0.3682018328073907,0.2278963288710838
es_0582063,0,0,0.5248161012452756,0.18718904257944904,0.16423867668741465,0.07625379711791898,0.04750238236994181
es_0708255,2,2,0.19757099169844441,0.33734892435177183,0.3374015790080901,0.10134205801766553,0.026336446924028162
es_0627827,3,3,0.00032239504485661875,0.010000937282694519,0.07788054420617421,0.4794345341770754,0.43236158928919927
es_0595617,2,1,0.11833754391237461,0.28474915888119073,0.21394300441328734,0.2534049542227879,0.12956533857035937
es_0646600,0,2,0.11106820250185656,0.2329965458899618,0.41460882374109354,0.20103790980802266,0.040288518059065546
es_0373018,2,3,0.041976454856115696,0.08923495945450881,0.3108549669448668,0.4404545487427162,0.11747907000179245
es_0605608,4,4,0.1514402542384246,0.10350504863502474,0.06931077078089978,0.23525991795870277,0.4404840083869481
es_0349203,0,0,0.6563843164312201,0.19022406676790937,0.10887165010443663,0.03687928605055865,0.007640680645875297
es_0821195,0,4,0.3186736215443601,0.10632540632887551,0.08870894731398046,0.11630138739980463,0.36999063741297933
es_0060302,2,2,0.007799017198552295,0.13683389771186058,0.45192270801079,0.36613443672025014,0.03730994035854705
es_0651621,2,1,0.16629645715625474,0.4482627036014197,0.2772096145101229,0.08756851002762671,0.020662714704576014
es_0526925,1,2,0.031474451416652297,0.375222630337468,0.44415739186368697,0.14556981383695633,0.0035757125452364224
es_0126226,1,0,0.4625173558016232,0.356069748138064,0.0580788459302367,0.05791722723780126,0.06541682289227477
es_0721755,0,0,0.5299027712301957,0.40831661921124934,0.03613418988710383,0.01696626122202461,0.008680158449426661
es_0077424,1,1,0.2877315882991469,0.48237364348601214,0.12861339919951664,0.0725464011451392,0.02873496787018514
es_0500181,1,0,0.40647887760536117,0.2520353086338257,0.0992256691694351,0.1513243980406654,0.0909357465507126
es_0331516,1,2,0.026411823457157285,0.35676991811140857,0.3603191632305519,0.19348920112005957,0.06300989408082262
es_0763770,2,2,0.052325362683771526,0.17671173042203145,0.5681890112588228,0.18689482900202747,0.015879066633346768
es_0783267,4,4,0.01613879755582589,0.0337300367632101,0.04823182502981258,0.1907865914875689,0.7111127491635825
es_0389828,0,0,0.4940219667861804,0.35370464727352807,0.11872984226314975,0.02167363169732983,0.011869911979811902
es_0133563,1,1,0.07313443025598751,0.39944635068317,0.2641964206863904,0.19014245004499924,0.07308034832945276
es_0731106,3,4,0.030897989759132348,0.06911082361652901,0.2788912438448213,0.2910967518709723,0.33000319090854513
es_0863492,0,0,0.5556514747334428,0.260237769175229,0.11704171394836682,0.053179057821966455,0.013889984320994937
es_0886072,2,1,0.06073476525806633,0.36985219024489013,0.32553184122895545,0.1629866784927351,0.08089452477535296
es_0359690,1,0,0.34260610435722183,0.30938928366356755,0.07941159559813055,0.23472434011274362,0.03386867626833642
es_0188075,3,3,0.10735807636545851,0.13599325861184897,0.20262881137525035,0.3450315008036119,0.20898835284383033
es_0811381,2,2,0.05816525262260883,0.2291012160945857,0.40672464482637893,0.22460824034450305,0.0814006461119235
es_0800760,1,0,0.5365612210981398,0.2455416672337174,0.08934416033353625,0.07815405104367106,0.05039890029093549
es_0537946,4,3,0.02384581103034807,0.08542202283321837,0.1694991972368792,0.45784432566352234,0.263388643236032
es_0737622,2,1,0.2663755980568379,0.3193878898450215,0.15517388189075074,0.09272403292065404,0.16633859728673578
es_0706241,4,4,0.02836528065616627,0.037581680795839914,0.21677299671473174,0.32984328582149697,0.38743675601176514
es_0262127,2,3,0.0009697343676341784,0.033114182897861555,0.24778141496376754,0.4808308203408858,0.23730384742985094
es_0455995,3,3,0.15957322740850985,0.1373371580890374,0.1483191782514587,0.3488372939653111,0.20593314228568294
es_0449248,4,3,0.07567299542559254,0.042328513419823965,0.24337682088740342,0.38356335256884805,0.2550583176983321
es_0592143,1,0,0.6239761684953271,0.17103141883481715,0.1344684581556733,0.028130418991280236,0.04239353552290213
es_0537752,1,1,0.31865287682725246,0.32809502883645986,0.1853126143626192,0.11450720820333726,0.053432271770331205
es_0715608,1,1,0.2931287260737299,0.35220541027632146,0.2349534896629853,0.08363337087332243,0.036079003113640894
