review_id,true_label,predicted_label,prob_0,prob_1,prob_2,prob_3,prob_4
es_0077478,1,0,0.2640963198077443,0.2638833031532572,0.16872418680999585,0.14240502321314985,0.16089116701584874
es_0682269,2,3,0.011724757451481526,0.04454675997515858,0.22308935494681492,0.6436187875026944,0.07702034012385107
es_0260689,0,0,0.7800365270177296,0.1172004960582973,0.056981147791193974,0.029786076614252335,0.015995752518525752
es_0566286,2,3,0.02607158019475119,0.16825163526019934,0.3301169621032418,0.43517711930262687,0.04038270313917876
es_0979893,4,2,0.1473156844801391,0.25900642974566074,0.2905586300826997,0.20122138401054598,0.10189787168096089
es_0717509,3,2,0.07534335626789074,0.3083868834782123,0.38396740998005197,0.17379085700386132,0.05851149326999036
es_0752315,2,1,0.21999115178814285,0.3373590440721656,0.20382836083359474,0.17523606362471766,0.06358537968137432
es_0144147,0,0,0.7089373058820757,0.14571633361117586,0.1008787849820535,0.02123832844500769,0.023229247079689687
es_0039263,2,4,0.010051888366834833,0.020629321158326885,0.09104621897049403,0.39756450341960053,0.48070806808474126
es_0203291,1,4,0.05687612461288538,0.15654409149647575,0.19188173817188614,0.27075625583252305,0.32394178988623173
es_0560599,0,1,0.2683408128840528,0.3237082314934722,0.19082555606380813,0.10926654567483478,0.10785885388383304
es_0430806,1,1,0.11546286047081106,0.33605575920530634,0.19595246203868869,0.2168526505690044,0.1356762677161913
es_0616494,2,2,0.05438035362119005,0.21175401686146605,0.5152926259927839,0.16262036636392813,0.05595263716063077
es_0531620,1,2,0.0953196726331066,0.2696023749045264,0.3880597596470193,0.14544127856050923,0.10157691425483896
es_0305457,0,0,0.5027706526955457,0.3336611191387316,0.08697085363698702,0.041679282070715966,0.03491809245802144
es_0951178,0,1,0.25507077975783143,0.32639887276131063,0.18517067272875098,0.12362169067079845,0.10973798408130785
es_0014960,1,3,0.06684285066723364,0.21254541405631952,0.2125288971759759,0.2928698933638652,0.21521294473660427
es_0909257,2,1,0.11107832086270837,0.2739223712554544,0.25374411983825546,0.18751828698432907,0.1737369010592505
es_0186429,1,3,0.21777391086658413,0.2314788099691647,0.16715662052305297,0.2545690227622898,0.12902163587890725
es_0990492,0,1,0.3163045126099163,0.3459483584876168,0.22410567807772921,0.0757084383221231,0.037933012502614126
es_0361121,2,3,0.07184084744781792,0.15185676853809432,0.10571607076951373,0.38938977561377014,0.28119653763080427
es_0495920,2,0,0.3807785423500326,0.2931299981163621,0.1753635018248226,0.09805566361965419,0.05267229408912843
es_0063164,2,4,0.04173101521372004,0.07131673777562687,0.20228587269483378,0.3398087926893911,0.3448575816264298
es_0466283,0,0,0.4522658485691916,0.1800534299788908,0.10927393085605253,0.13305082227626933,0.12535596831959578
es_0600972,2,3,0.06704007555191278,0.23848477403332372,0.2706334226735732,0.2707139855209919,0.15312774222019412
es_0476267,4,1,0.16845509825247945,0.23481247988951914,0.18279482904823893,0.20836057857347134,0.20557701423628894
es_0572541,4,4,0.054253514664698375,0.07621125386221164,0.13270220718591832,0.19511581465023636,0.541717209636938
es_0271706,0,0,0.5133635386118751,0.2860344686951535,0.13715419951019533,0.032968301801202464,0.03047949138157405
es_0005177,3,3,0.005967183965633108,0.018410100893019817,0.06904378345929892,0.4881840918306822,0.4183948398513696
es_0089003,4,3,0.0353919850297085,0.07019503821876573,0.1106734258460214,0.5538100690942896,0.22992948181121609
es_0375110,4,4,0.10648442892381346,0.09252247802172456,0.12805754124862595,0.1628788448590229,0.5100567069468098
es_0177963,1,3,0.10656347146129766,0.2076485787217719,0.22942819737029496,0.2883854156303264,0.16797433681630924
es_0065576,4,2,0.1218384888427427,0.234797993378214,0.35335682845725974,0.22815114631279576,0.06185554300898727
es_0111073,4,4,0.033643982640628414,0.07605214945306635,0.13927688004152713,0.2803988932711542,0.470628094593627
es_0885632,2,3,0.06346240908119544,0.128627025457037,0.28686001321462995,0.2876650941281024,0.23338545811903655
es_0281420,0,0,0.6925029044424678,0.13007525954376037,0.11686641827979896,0.037426575880610644,0.02312884185336291
es_0529016,3,2,0.07277092524624433,0.10555049682319279,0.30728453508525233,0.2874921310671925,0.22690191177811803
es_0048691,4,4,0.06659904021786564,0.16598092403303588,0.1535864031427282,0.28910258853553794,0.32473104407083075
es_0734219,4,4,0.19432730382424787,0.1279576740111321,0.19097968626214842,0.1691337046605689,0.3176016312418978
es_0002195,1,0,0.3770844296848861,0.34985457489720634,0.11570716920010725,0.07622024920233238,0.0811335770154663
es_0101721,1,0,0.2644551289382362,0.24754625836046104,0.18965190777399546,0.10896930180568523,0.18937740312162388
es_0330953,3,2,0.12464915642425595,0.2333203729149267,0.35709266021748554,0.2249132793231803,0.06002453112015042
es_0573093,0,0,0.5425742292623073,0.1621045609863886,0.16392255017637625,0.09820287065321336,0.033195788921713355
es_0828030,3,3,0.04948975018372109,0.14402373552969744,0.20398924741755992,0.40223678621352904,0.20026048065549562
es_0564872,3,0,0.2210596857632212,0.1863924717518177,0.1728140323455567,0.216660273364482,0.20307353677492518
es_0720608,0,0,0.5101467946756942,0.2025098952498029,0.14020451992335034,0.09847420062991938,0.048664589521229054
es_0423191,2,4,0.1920063735559883,0.13959804271783838,0.11930680127734031,0.2595391532238585,0.2895496292249742
es_0211743,1,2,0.15914384643551316,0.3403454811956082,0.34409955527781794,0.08468313160569672,0.07172798548536458
es_0240309,3,4,0.04995660042718294,0.10426009716462717,0.2561415294797799,0.26494500775706065,0.3246967651713509
es_0492562,0,1,0.310603864339796,0.3119533727568302,0.1361526914630153,0.1511852302753997,0.09010484116495603
es_0281953,3,3,0.11627916785396478,0.28654359688434855,0.20599336799702891,0.29680963104586416,0.09437423621879008
es_0384994,3,1,0.17529141040780152,0.2169752382770776,0.18238119409149686,0.21542722413093954,0.20992493309268184
es_0124262,2,2,0.0429142290756615,0.1819840150002349,0.5113926332754294,0.2141365803417813,0.049572542306890476
es_0033281,3,4,0.039732464595612076,0.10234814310307848,0.16547996946021207,0.24302094841832753,0.449418474422772
es_0222003,1,2,0.0785852299534439,0.2702208208348916,0.3529201815311149,0.15223660729430286,0.14603716038624448
es_0465083,2,0,0.32708934112636273,0.20386066408316608,0.16088326354354088,0.16552509078026093,0.1426416404666712
es_0234607,4,4,0.11426959043406562,0.19385604961546948,0.17905815101138126,0.19888826734197182,0.31392794159711396
es_0175975,3,3,0.00815016449638442,0.03792501054689267,0.23582897413410628,0.5459216714095011,0.17217417941311278
es_0657781,3,2,0.11797724958463525,0.21162633947031384,0.2967458614257702,0.2012429345995437,0.17240761491973905
es_0337075,0,0,0.4540968650331844,0.3713242474169567,0.08251629914253586,0.04454499875019453,0.04751758965713121
es_0259152,2,2,0.22966503561878537,0.23438540739323718,0.3838784013728423,0.11279412296233626,0.0392770326527975
es_0260272,1,1,0.18400241251399746,0.3464924937181815,0.3083672809957613,0.10131283675549879,0.05982497601656476
es_0635241,2,3,0.12417319994459242,0.2036512290525467,0.24408120877936673,0.2602167946656961,0.1678775675577989
es_0644804,3,2,0.1451247565256039,0.1114506726639891,0.29148778822827826,0.21661083434593048,0.23532594823619213
es_0397224,1,1,0.2032385167287251,0.33617636020565145,0.2802667430599207,0.12302799411281595,0.057290385892884925
es_0349725,2,2,0.038809378199917345,0.18198927755681288,0.3410970298659953,0.3183972119126566,0.11970710246461626
es_0676700,1,0,0.2784230290252283,0.26105638615278354,0.27823947506428165,0.09925135181140955,0.08302975794629583
es_0648620,2,2,0.051380464175151505,0.14080443732803402,0.2966620477855484,0.26746241523121944,0.24369063548004635
es_0677308,4,4,0.14271842482485647,0.18973781041316462,0.16959124484588498,0.2000150387898624,0.2979374811262368
es_0519596,1,1,0.31789756946091124,0.3228132045410506,0.1318328664232625,0.09688313890789504,0.13057322066688354
es_0100024,1,0,0.4072118672563302,0.2080170050767652,0.14584410402935244,0.10453065657945783,0.1343963670580955
es_0219723,0,1,0.22846786144463627,0.45019911872754576,0.18906260096709615,0.07461197352309985,0.0576584453376232
es_0353057,3,3,0.031746428448130096,0.11381369624278231,0.2791470794003782,0.3399089521237822,0.23538384378492955
es_0707591,0,1,0.13484580765817028,0.2742514753503135,0.27123688787548994,0.23492922172974845,0.08473660738627654
es_0991935,0,0,0.31500389645326027,0.2608313413523652,0.2147086407942342,0.13485173094720176,0.07460439045293718
es_0260027,4,3,0.02163309624830875,0.07619114841367318,0.24715179489571723,0.3971259652583925,0.2578979951839115
es_0293883,0,0,0.317527221754067,0.2485407155767206,0.22583239823621978,0.12851367582703974,0.07958598860595122
es_0177014,1,1,0.17634865339693703,0.3212731242680836,0.2727165478526424,0.1377010222477317,0.09196065223460799
es_0391694,0,0,0.3668946696734282,0.27958432029985114,0.12752997837057786,0.1256955042528146,0.1002955274033283
es_0424060,1,1,0.13744300119951677,0.40476296571230025,0.2680982782013565,0.11732569405921651,0.07237006082760813
es_0304330,0,0,0.6541343791687831,0.20805923715922245,0.09603601218472821,0.023978095651923843,0.017792275835348932
es_0357388,4,3,0.058134640646138803,0.09128737169435759,0.20063447149925237,0.3623725961756144,0.28757091998463735
es_0764025,4,3,0.061536496013761974,0.16261823445105333,0.1276196650114841,0.4143581862727139,0.23386741825098756
es_0277359,0,1,0.2318155717961814,0.2524816804797057,0.19506787573625797,0.16299436148747268,0.15764051050037964
es_0372621,1,1,0.18901292651010654,0.25297711948773927,0.1965173151502792,0.2226274042348785,0.13886523461699932
es_0170383,1,1,0.2866142717154396,0.388521817528923,0.2257785741623205,0.061533964592879346,0.03755137200043742
es_0925003,1,1,0.2071743102693375,0.2258481390596551,0.22003656672616886,0.21891531574941475,0.12802566819542124
es_0468689,1,1,0.12242078573117852,0.4645435529459907,0.16465284439981354,0.1345240510554673,0.11385876586755131
es_0116802,2,1,0.11105768427681838,0.30547958344175136,0.2456249989453557,0.12807257232220565,0.20976516101386455
es_0796276,4,4,0.007563036701010535,0.030655280030721266,0.07935842834455316,0.19191520147354635,0.6905080534501675
es_0911751,1,1,0.12546203187471983,0.4779031688690694,0.2614913256828284,0.10302498072222811,0.032118492851156824
es_0990178,0,0,0.9313464765235963,0.03039071357006453,0.014198043393717039,0.011654837084173775,0.012409929428442833
es_0443201,0,3,0.14177003714743586,0.24387402506751546,0.19061143508132694,0.2616482632579168,0.16209623944580662
es_0388824,1,1,0.06871995556955475,0.35047531522851505,0.19631436800810836,0.2785904101368783,0.1058999510569461
es_0444132,2,1,0.2706567751316895,0.3240197427412496,0.17512376015608475,0.14896939283283006,0.08123032913814913
es_0559198,1,2,0.21538705668379335,0.3030611865080744,0.33186576889783,0.1039670706801653,0.04571891723013538
es_0491548,0,0,0.5928950265574394,0.15629112181918683,0.09142139626996318,0.09247718217870174,0.06691527317470619
es_0998076,4,4,0.0922946501176866,0.12903395752210323,0.11483936252647951,0.21401967838032893,0.4498123514534047
es_0813986,2,1,0.11592322210703518,0.2665859609679085,0.23457162154536826,0.2663493704627352,0.11656982491694926
es_0371489,0,0,0.4622657234425796,0.3165543727059466,0.11600390369604009,0.059330409644584615,0.045845590510847446
es_0637355,4,4,0.010147883905041732,0.02984319133146305,0.0877085448862251,0.15605101774128569,0.7162493621359814
es_0710355,4,3,0.04139108738986111,0.0991107489306291,0.165202186189075,0.37849148842551605,0.3158044890649178
es_0749808,2,3,0.2033606211996352,0.19618732242614165,0.20905916927766846,0.22903379910881996,0.16235908798773246
es_0024126,2,2,0.08243940493789549,0.27580348009648165,0.4248542255671034,0.16292480562304712,0.05397808377547306
es_0997819,3,0,0.24024985207070132,0.11105760358584825,0.20838181568762817,0.2065353908929911,0.23377533776283416
es_0999306,2,0,0.4738231143252506,0.2127779586350671,0.21725799471070983,0.0611248035331888,0.03501612879577692
es_0955113,0,1,0.35002069103941835,0.37793270794770023,0.13085704533676018,0.08412849939248047,0.05706105628363802
es_0023377,4,4,0.0936287376938786,0.21215722710029353,0.1817242505314934,0.2288046889919797,0.2836850956823534
es_0926833,3,2,0.22616001256527454,0.19114990797962522,0.33105232332645995,0.17894482211644638,0.07269293401219243
es_0726451,1,1,0.16473817001377272,0.3228572248256609,0.2944324410364412,0.14111259577131666,0.07685956835280916
es_0020629,3,3,0.023430072528035077,0.05305172566884129,0.18389583369674448,0.4822523347408036,0.25737003336557024
es_0248324,4,4,0.023893501730563663,0.09165393179440685,0.1864320258578817,0.2472946942980416,0.4507258463191042
es_0688711,2,4,0.04984972831437753,0.18815781690874336,0.19052707086207735,0.25742862591243865,0.3140367580023642
es_0672635,3,3,0.053337016294421113,0.09386169487490552,0.1402336475180178,0.36157158973110626,0.350996051581552
es_0365259,0,0,0.6538392708265695,0.25128492030907607,0.07109477890173486,0.012449800635241795,0.011331229327378208
es_0064241,0,1,0.25106580200292317,0.3666756661980375,0.22525958206472219,0.08706958217300466,0.06992936756130912
es_0289023,1,0,0.2502167709440761,0.16502095526389357,0.21410413661978622,0.2128595296061398,0.15779860756610695
es_0931660,2,2,0.15209643933806263,0.23061441492347481,0.29341561289330764,0.23163139633972954,0.09224213650542694
es_0819875,0,0,0.4119001495314535,0.2732212756665994,0.09999386221114968,0.1134086916143459,0.10147602097644848
es_0722421,1,2,0.041375367203937204,0.15707958776703956,0.36847748561558813,0.3036053984361188,0.12946216097731522
es_0519637,0,0,0.3597645376681203,0.22469339500729388,0.19137502050265487,0.13401035777166934,0.09015668905026501
es_0275327,4,4,0.04563068370226207,0.11774362137882499,0.16838891033654838,0.17878487177514027,0.48945191280722306
es_0441158,1,1,0.17286071270112857,0.32790680422199187,0.22676595184661769,0.1843818550486415,0.08808467618161571
es_0671578,4,1,0.10431212942093576,0.29193563385092935,0.1952096003826642,0.24661157390315247,0.16193106244231917
es_0976849,1,2,0.14077070431422262,0.3001840405995407,0.3224440159509305,0.17672957763404673,0.05987166150125948
es_0648865,1,1,0.12718541350154305,0.35836328545969626,0.17117861745595114,0.19375967668327515,0.149513006899531
es_0416466,1,0,0.3883309873792592,0.29669421000084767,0.1465903935657165,0.08807092726385829,0.08031348179032122
es_0330304,2,2,0.09041861533908796,0.1984612462223821,0.41370374962889966,0.16301352648889433,0.1344028623207389
es_0351171,4,3,0.032983932250917364,0.09630021744724979,0.27271407043447093,0.36391735455326496,0.2340844253140979
es_0222480,1,2,0.2108625764511153,0.21472852517852578,0.2594883575352139,0.19678852641166109,0.1181320144234841
es_0843621,0,0,0.7554082432783685,0.12281467228472241,0.047990622772870785,0.050221302854777515,0.023565158809259346
es_0361187,4,4,0.04417310115117498,0.06176481515525734,0.09031028701950589,0.23279812160878613,0.5709536750652732
es_0346300,3,3,0.10766864092498699,0.11015644639098887,0.16634235308524076,0.32493978549002844,0.29089277410875486
es_0398829,3,2,0.02781919791140088,0.141722423541059,0.3697032546125439,0.3223052846114603,0.13844983932353913
es_0068480,2,1,0.11824166530298721,0.2837666207293847,0.2160416836878458,0.20056737904942096,0.18138265123036268
es_0983744,1,0,0.4520525187063443,0.2684737075733628,0.16321910841990328,0.06453976812702579,0.051714897173364104
es_0194048,4,4,0.03526409936150099,0.08563501604810268,0.15798545513896087,0.2813548854344193,0.43976054401701625
es_0254241,1,2,0.11719417736537285,0.2678028753955918,0.274333080759718,0.2249283158110519,0.11574155066826648
es_0975444,0,1,0.1902316309561241,0.34169551775122514,0.20233829901476627,0.15210392156269856,0.11363063071518605
es_0871302,4,4,0.026752210742502197,0.04247095854581654,0.08074951400723994,0.26954467670981913,0.5804826399946231
es_0882625,4,4,0.21053192631452722,0.030180002595408227,0.04911591579396836,0.08669223413911936,0.6234799211569766
es_0658436,1,3,0.10959378406704227,0.11702265034769624,0.14554001724581073,0.34155429040875335,0.286289257930694
es_0370280,3,3,0.042338101672906955,0.13610966548929002,0.15328515610397397,0.4771033036386696,0.19116377309516241
es_0145829,4,3,0.09122432835146221,0.23823087445992552,0.1875505129185326,0.26279091033993723,0.22020337393014341
es_0568424,1,2,0.0630696760043861,0.2249589262398136,0.35678454774495655,0.1943044525493497,0.1608823974614963
es_0531289,1,0,0.49728014484744903,0.2288604015260464,0.19523634024672804,0.04603533667583087,0.03258777670394568
es_0239785,2,3,0.049154586002061636,0.09613131742596391,0.20498073162505134,0.421294564704357,0.22843880024256627
es_0707995,4,4,0.042246488619652724,0.105007267039284,0.14436766275296328,0.23820913214195136,0.4701694494461471
es_0435484,2,1,0.18613335866731112,0.274111842023421,0.20561013019608224,0.20847671240996854,0.1256679567032142
es_0695487,2,2,0.21495991372733952,0.2126075081605505,0.3139436901503603,0.1923865442602578,0.06610234370149029
es_0544461,3,3,0.11630454394167938,0.13233759733918113,0.2146373016338766,0.3212964175283984,0.2154241395568661
es_0436386,3,3,0.008617795184978246,0.05205185993609551,0.16422926133142593,0.5462125544833492,0.2288885290641495
es_0926507,2,1,0.20214973899883398,0.32410506792164323,0.2533832908754044,0.12774013090316785,0.0926217713009472
es_0862121,4,4,0.0816080339420936,0.10015641286060079,0.11003559033043789,0.24147515697451735,0.46672480589235027
es_0843556,2,1,0.1396859091777331,0.3030440305293352,0.29797527817987357,0.14053757230303804,0.1187572098100212
es_0714788,1,0,0.5081392246384351,0.2396936164799854,0.1075297568347465,0.08028038844003867,0.0643570136067937
es_0102373,3,3,0.08087526393291945,0.14766664344785355,0.22883371730177224,0.27636986711324446,0.2662545082042104
es_0897553,4,4,0.09343634749467586,0.12559394488972186,0.1981424447010151,0.23013792373651384,0.3526893391780745
es_0678648,0,1,0.25896847144848967,0.3804023304002412,0.242286027685999,0.05193352670880817,0.06640964375646288
es_0810988,4,4,0.1279856529337801,0.15550648013381002,0.1470244776966673,0.23068291738610128,0.3388004718496396
es_0188644,1,1,0.39777396301025875,0.40035207590565236,0.12498116983036021,0.04823390482870492,0.02865888642502454
es_0420608,4,1,0.06178834156270805,0.29801969575824844,0.258292347630127,0.22786034959848314,0.15403926545043908
es_0284163,0,0,0.7779921705991628,0.15546897468361814,0.042096506767648305,0.010738853132429694,0.01370349481714263
es_0176170,1,0,0.6309816952936683,0.14687247476322157,0.12801928068993054,0.052925443115230245,0.04120110613794457
es_0198132,1,1,0.18521776880389065,0.429517121794024,0.26586557489012264,0.06545388835407734,0.05394564615788844
es_0667927,2,1,0.21158107168025078,0.3339737201771733,0.2070972941380512,0.13010761515735828,0.1172402988471651
es_0627420,4,3,0.04671106970733128,0.09278127399067154,0.18028606759093221,0.34762784578609585,0.33259374292497207
es_0776878,0,1,0.20703879800552183,0.2905629788073401,0.2757129488875663,0.13716196851992044,0.08952330577965138
es_0770111,0,0,0.8193179310610842,0.08507751814990201,0.04699061971803759,0.02309139875081062,0.02552253232016703
es_0585055,2,1,0.17311578145669104,0.30604966712689996,0.2943384333932413,0.15847429662010165,0.06802182140306556
es_0244282,0,0,0.47376277133150735,0.17698650403843225,0.129054183507356,0.10264364209134237,0.11755289903136247
es_0672699,3,3,0.07511091053267553,0.1777195569459225,0.30414734630379964,0.3101789399368007,0.13284324628080113
es_0430293,1,2,0.2175976834843104,0.2800585175831938,0.32716314664845153,0.1415987212601841,0.033581931023859514
es_0704864,2,3,0.03818607154950337,0.1722615806916072,0.2577717531935851,0.3426793712227682,0.18910122334253363
es_0993995,0,0,0.5534397382950235,0.21720273255155853,0.11363941931030629,0.06743105036185292,0.04828705948126225
es_0131245,1,2,0.056692579897406184,0.29143826089850733,0.3758684680394628,0.2287316295337932,0.04726906163082704
es_0345352,0,0,0.46956789412546895,0.22413679345605958,0.16146080651560513,0.07527570817271796,0.06955879773014646
es_0397902,2,3,0.0964249711643426,0.19562907786287154,0.23932013287250548,0.26471230423716635,0.2039135138631115
es_0680823,0,1,0.23492385792460319,0.45080783213053893,0.16358257909158122,0.07631181804818536,0.07437391280509167
es_0743914,1,0,0.23957393320610829,0.2296447784723583,0.21375278223947247,0.22731652530771365,0.08971198077434991
es_0221079,2,1,0.20516400473178353,0.2559292936523895,0.1969026289227946,0.19146754535438468,0.1505365273386494
es_0870441,1,1,0.06919807490588024,0.3628475702921154,0.2988863009665694,0.20245965655608555,0.06660839727934903
es_0015023,1,1,0.1452054162828101,0.2756037913892322,0.2608533187354539,0.22054645758586472,0.09779101600664246
es_0612116,4,4,0.02511911042880983,0.09019422027247773,0.1857438550069312,0.2899651631244846,0.4089776511672967
es_0194580,3,4,0.03886283081136058,0.11600268868452034,0.25367734553902616,0.24776833880864618,0.3436887961564488
es_0084563,4,0,0.38268286595594186,0.2450359401507342,0.1111133874855441,0.1495939272714695,0.11157387913631697
es_0154006,0,0,0.29722000497341794,0.2218430436925234,0.21727042691532386,0.17577102032138942,0.0878955040973483
es_0652022,0,0,0.5416748371034102,0.22067702294081884,0.08250762007523876,0.0798424013512714,0.0752981185292634
es_0518314,1,2,0.03251625333628186,0.19262393414243542,0.3622573160758769,0.3157764925347093,0.09682600391069796
es_0255005,0,0,0.8452890925665593,0.07971414720920719,0.0351667030606561,0.021629085527663853,0.018200971635914616
es_0084818,3,3,0.05402377191893908,0.09885474564791064,0.3028272840716116,0.4139805409558196,0.13031365740572154
es_0386000,2,4,0.17678425307521603,0.1736653036361226,0.20177352816463215,0.20840505256952785,0.23937186255449946
es_0931231,0,0,0.4613479996712114,0.2951386866240931,0.09558205002323178,0.08485946409504264,0.0630717995864162
es_0474977,4,4,0.13879456785566588,0.22436491724781865,0.19089272934418366,0.21041219006025902,0.2355355954920712
es_0755999,0,1,0.16008248946565176,0.3486409346644347,0.3155586091411449,0.10755241521004569,0.06816555151871993
es_0959925,3,4,0.13697194433028845,0.13639925987656107,0.13421247520920038,0.23944597550850213,0.35297034507544783
es_0848701,3,4,0.055847684410406016,0.09822193821452692,0.10998620000344425,0.3306784586591721,0.40526571871245426
es_0206668,3,3,0.09214795559179799,0.20393392231791183,0.2526867103977721,0.28024439124295086,0.17098702044956737
es_0018769,3,1,0.11295467593277775,0.312089828039251,0.26769350728704155,0.22165081653901839,0.08561117220191217
es_0959052,1,1,0.11876665909113288,0.3854034807283934,0.2758666423073895,0.10274527831216368,0.11721793956091804
es_0758628,2,2,0.0724589410311788,0.31383189660582844,0.3455268966769609,0.14914370393623044,0.11903856174980046
es_0537710,3,1,0.2732590383596523,0.379706648822925,0.19388038947190578,0.0949307512340283,0.05822317211148576
es_0699361,3,4,0.03720686053576138,0.06754700631964156,0.11834890407689393,0.2896122289185985,0.48728500014910736
es_0160706,1,1,0.3045193729817312,0.361712931701047,0.20945046499422548,0.08920123326544854,0.03511599705754859
es_0325508,3,3,0.02037080672747817,0.14809049974108837,0.3120210649315696,0.3211060939835664,0.19841153461629515
es_0345756,2,1,0.19312362203260144,0.2520776452740589,0.19646063210212633,0.2076252849796136,0.1507128156115963
es_0290320,1,0,0.25290971986626054,0.24214496360680418,0.20109128353503472,0.18167255321130157,0.12218147978059836
es_0842891,3,3,0.11673078855244072,0.156374669455169,0.27665387942294084,0.30046408445564726,0.149776578113803
es_0825016,3,4,0.09162662506577987,0.11471812918069124,0.10688116698080309,0.2288940157860747,0.45788006298665096
es_0990806,2,1,0.18678330683484595,0.3533757026392341,0.3004857721290437,0.12621886518918446,0.03313635320768888
es_0793039,0,0,0.3639085477994002,0.3023772403934168,0.20992438413609593,0.07805967808067592,0.0457301495904096
es_0673427,0,0,0.4214002605233154,0.3971908504475356,0.10493135696139108,0.04694209814993313,0.029535433917823078
es_0711026,2,4,0.059511863018021895,0.08857859443618708,0.1328285359803207,0.33739640947680544,0.38168459708866415
es_0209194,1,0,0.32523568494635635,0.22154317334657658,0.27327707583372207,0.1289249553892183,0.05101911048412417
es_0201153,4,3,0.057547916592616266,0.1128221933181006,0.2779242365814257,0.4035028867552143,0.14820276675264457
es_0758541,1,1,0.2616455947280079,0.3583988939881689,0.2417391107090713,0.08115884675912755,0.057057553815627896
es_0595093,2,2,0.06944155624905222,0.28380319419378325,0.3761519590955466,0.2093004178205857,0.06130287264102871
es_0303131,4,4,0.05277252240306634,0.08286471832845764,0.20123423208297206,0.28763657680281457,0.3754919503826926
es_0685903,0,0,0.2994558932816748,0.2537701838759137,0.20545969772172454,0.12566357874801165,0.11565064637267698
es_0998944,4,4,0.07519820169324073,0.1656830613374617,0.2340814862207762,0.23573076642751206,0.28930648432100714
es_0907908,4,4,0.15797610307924517,0.19438129325828998,0.21068762691327447,0.20578131066614658,0.23117366608304513
es_0102397,2,3,0.08528337784065258,0.17256961952312566,0.18227770144795155,0.32903675185907866,0.23083254932919142
es_0081938,1,2,0.1714312756671158,0.2756346720045394,0.2916949853876482,0.21372098054757097,0.04751808639312456
es_0099571,0,2,0.152690283904129,0.19900879712579653,0.25778337883439956,0.22814522517304495,0.16237231496263244
es_0886117,3,3,0.04647461510941169,0.2057612476171648,0.28290563647528666,0.3652474358670526,0.09961106493108295
es_0054172,1,2,0.06046587391881123,0.1820954786145963,0.47148519439744924,0.21385971590592287,0.07209373716322301
es_0345917,0,0,0.6292688467310124,0.2324302324111968,0.0767313936295125,0.030598676265785024,0.030970850962492042
es_0925068,2,1,0.2499704483905821,0.3477233015231721,0.2575981935575384,0.08623506920143854,0.058472987327273435
es_0138050,1,0,0.3228849101494496,0.14050056076263054,0.15926315704061172,0.2030816304257685,0.17426974162153752
es_0893736,1,1,0.220698661118261,0.2762195542096909,0.244922154992663,0.20522566401846576,0.05293396566091922
es_0738689,4,4,0.05950750593150347,0.06164691475531824,0.0886347068416733,0.28849019706344303,0.5017206754080608
es_0493852,2,2,0.048861362445068675,0.13355461246422093,0.4654270125511336,0.2312278271217789,0.1209291854177993
es_0082105,3,2,0.07818098238897905,0.12971053819448716,0.4622447937020932,0.22369093986524832,0.10617274584919424
es_0324344,4,4,0.10459772413353129,0.15855794772716908,0.16390084476046002,0.2621167269212364,0.3108267564576024
es_0109896,2,2,0.06557453295035978,0.16307335763704311,0.3769664617645068,0.30419656273686396,0.09018908491122367
es_0571803,2,2,0.11430641849227807,0.22940259764439255,0.4210600976827547,0.16874449008392758,0.06648639609664886
es_0497744,4,4,0.14670700916192728,0.09976380478808074,0.09230243463142956,0.27811199350983706,0.3831147579087228
es_0886101,0,0,0.8581440563337079,0.04950488742176912,0.03764914588048827,0.029232964852861372,0.025468945511170474
es_0157673,0,0,0.32041684048271063,0.2631076107161992,0.1909372270959519,0.146091373942581,0.07944694776255883
es_0771579,2,2,0.08265222599714657,0.24642815796700268,0.4410278183279643,0.13706310738890648,0.09282869031897824
es_0412213,2,1,0.22711632172357502,0.38808840372400466,0.2084438602502938,0.0882833773187777,0.08806803698334972
es_0905850,1,1,0.09032382439226562,0.30472399805474715,0.21352815364696875,0.24338249879086257,0.14804152511515578
es_0239783,2,2,0.15544526213178517,0.2273076121545684,0.2546137963401348,0.2267063606252732,0.13592696874823745
es_0621031,0,0,0.8838964968568042,0.06505191773525462,0.021226243614373815,0.014857325545731812,0.014968016247835374
es_0495835,3,2,0.047132185781282906,0.16035358246386286,0.4558479631580916,0.26835469269013507,0.0683115759066268
es_0044296,4,4,0.038290421410595694,0.0978115443464182,0.11592579389741034,0.3175943866741827,0.43037785367139336
es_0496948,1,2,0.190054731033683,0.26536397407553225,0.35011237930431777,0.1526737796417395,0.04179513594472557
es_0807151,0,2,0.12003445759394175,0.26526809388907574,0.3021918851905656,0.19193783030155828,0.12056773302485213
es_0577934,4,4,0.01882930698855045,0.03243935291868726,0.08526842603017944,0.2648451134463715,0.5986178006162123
es_0019676,1,1,0.23258458278111938,0.43467831927408396,0.19458675462599445,0.07887435759383371,0.05927598572496928
es_0128637,4,2,0.16779443444946648,0.22025087005044527,0.28822089135094453,0.20267533133336624,0.12105847281577385
es_0134657,0,0,0.795424986112044,0.09838378925393801,0.047383806197948374,0.030336558741093714,0.028470859694975422
es_0817696,4,4,0.09360693042538085,0.1012414331840996,0.12990670642795604,0.2639989569204208,0.41124597304214183
es_0518729,3,2,0.06103688456350678,0.13501458322093038,0.3262072139381925,0.3068817409421913,0.17085957733518467
es_0514048,3,2,0.18620845179300113,0.21276037003312812,0.22966452963404257,0.16955108762079166,0.20181556091903619
es_0770486,3,1,0.09617754841858296,0.32647008844382136,0.2534956643274824,0.2082170165624254,0.11563968224768688
es_0765351,0,0,0.49652498986237303,0.15362686196208414,0.1350689533099015,0.10528830736973556,0.10949088749590542
es_0958124,2,2,0.09772585106769363,0.23506090992811218,0.3659037452018632,0.18468802066267226,0.11662147313965596
es_0130792,4,4,0.06663925613505757,0.13230146864484435,0.17070599841986478,0.25568166071797094,0.37467161608226557
es_0703745,3,4,0.05055483178588901,0.05665917363952055,0.07828498681217023,0.34136601469208405,0.4731349930703385
es_0661308,4,0,0.3254028227271747,0.22702573144532828,0.20575002677383133,0.14782404187218973,0.09399737718147308
es_0515040,4,3,0.13471105118540236,0.14260433507934575,0.13737517459484386,0.337922952651286,0.24738648648912506
es_0532817,3,0,0.26910497317860355,0.18442789420192787,0.2127275172492391,0.1990689264581643,0.13467068891206768
es_0559590,0,1,0.22635475436770955,0.46535196378306154,0.1976690439863807,0.06605318449965156,0.04457105336319393
es_0934912,0,0,0.8618161387232175,0.05710832097940372,0.04075864483917518,0.021495452704861036,0.018821442753344707
es_0430632,4,3,0.0692788120908516,0.09734499309454851,0.14526974611372723,0.44936850761775154,0.23873794108311894
es_0110350,3,3,0.09156856066076488,0.16055477636726304,0.3162543586279689,0.3450935382544369,0.08652876608956696
es_0402097,0,0,0.3224309496386247,0.27867879313086974,0.21268164688285782,0.1030940797176969,0.08311453062995128
es_0411111,0,0,0.3007826570031873,0.24741971922484868,0.1887641586023718,0.11439582089574597,0.14863764427384735
es_0681217,0,2,0.09225240444520455,0.21767854970824976,0.42340998458175244,0.18510407676750693,0.08155498449728447
es_0736696,1,1,0.27134897509912403,0.4140695778183982,0.18915785685811376,0.07661295472582481,0.04881063549854163
es_0351794,1,1,0.2557821830083736,0.37907166672976933,0.22989899171994682,0.08738939130049256,0.04785776724141875
es_0066257,2,1,0.2603379898224974,0.2618258671835365,0.21620290159048955,0.18345870316876894,0.07817453823471048
es_0610908,1,0,0.2744799207218908,0.14647573170624,0.15028989740640666,0.21088392070204134,0.21787052946341917
es_0124255,0,0,0.42248097613806374,0.1643327254481299,0.16529574547316522,0.1487320351362207,0.09915851780441437
es_0604381,0,0,0.6968820976750143,0.152737678779641,0.07340714944100854,0.03667753337151665,0.040295540732817194
es_0787935,3,3,0.07813744611833798,0.1517110670400521,0.1871054597467223,0.3381104721623872,0.24493555493250008
es_0792860,2,3,0.09849283623741616,0.15555525944442486,0.2637816726511105,0.3457711679315167,0.1363990637355329
es_0438163,0,0,0.46177298612097695,0.31937544273927637,0.11946245223337172,0.05318915915749627,0.046199959748878305
es_0704937,1,1,0.1233349374507985,0.34989110247360633,0.3297225462893417,0.14103187093413871,0.05601954285211138
es_0128253,2,2,0.12267543285658455,0.3073879523490368,0.32812860705427754,0.14270858874916187,0.09909941899094117
es_0995809,4,4,0.061908429305309584,0.12004991811277307,0.11117108707167331,0.22339947409301905,0.48347109141722727
es_0854889,1,1,0.2946286699569886,0.35250300726801564,0.19348986320256936,0.08528313507878388,0.07409532449364106
es_0402708,4,4,0.03256090207922123,0.16157126642182212,0.19453370675975284,0.22317061877590386,0.3881635059633003
es_0744344,4,4,0.0851144272062852,0.15771803090961817,0.14109714518694771,0.284863452821795,0.3312069438753536
es_0917536,2,1,0.22427125641736223,0.35211337254336816,0.15910812985122177,0.1010988183656842,0.16340842282236304
es_0272459,3,3,0.018829211984360213,0.06328883503566894,0.10006077145146064,0.4608992529585601,0.35692192856994664
es_0605761,0,1,0.17465340601864263,0.3108494063492253,0.10841040260360456,0.19888933045012713,0.20719745457840189
es_0796132,4,4,0.06247881774705465,0.0849936303186276,0.08254742632984374,0.23705523982209753,0.5329248857823747
es_0357326,4,4,0.023983607432130464,0.048000182793777046,0.0926563502151494,0.22105486807349717,0.6143049914854445
es_0546789,0,0,0.4186050339391018,0.30468337042984944,0.12955980632366007,0.07531014130459256,0.07184164800279975
es_0170054,4,2,0.07276964780330611,0.18524897629828022,0.2818342045080509,0.18225435143336524,0.27789281995699877
es_0134891,2,2,0.19986348205470839,0.22500047730572587,0.29308910068303706,0.143875281567045,0.138171658389482
es_0107282,3,2,0.20533752266718466,0.12790290055084613,0.2559437707641406,0.1702772727882545,0.24053853322957275
es_0021537,3,0,0.2952125469308517,0.266685294457067,0.19137803408610748,0.14020365322419145,0.10652047130178341
es_0371031,3,0,0.3005858605532368,0.2263333593978147,0.21048992009697462,0.11146693476840988,0.1511239251835606
es_0208302,2,2,0.04110631542515526,0.20083611252122294,0.34201696544709465,0.28515683785370005,0.1308837687528295
es_0741980,3,4,0.07528244986612587,0.1814252724297159,0.19033268478314153,0.2554516848279297,0.2975079080930868
es_0499421,0,0,0.3724056079356531,0.23552365932464234,0.20855580456593664,0.13255789625789657,0.050957031915871275
es_0394317,1,3,0.06467674433584987,0.20681339082811886,0.30585105691105374,0.3482189768441249,0.0744398310808506
es_0940674,4,4,0.0842055793881457,0.11056822729523055,0.15080146506982142,0.31726076347970833,0.337163964767094
es_0304793,4,2,0.13371253981601616,0.2646380729550298,0.3525970192339131,0.14153810039204168,0.10751426760300505
es_0511325,2,4,0.03431815722398066,0.04549920813016649,0.21501380986780955,0.24393671569589945,0.4612321090821428
es_0775187,1,1,0.2662593667780637,0.4460288589107343,0.18957237671436425,0.07292007468326038,0.025219322913583215
es_0291972,0,2,0.22143398859332103,0.25303315198719933,0.34150058596358407,0.11526856722324152,0.06876370623265628
es_0938468,1,0,0.23984689596215775,0.2039779347320896,0.16241172299449497,0.18375668906890055,0.21000675724235796
es_0097546,1,0,0.3120716533268129,0.20414933146642497,0.2026705526109223,0.16673208351085111,0.11437637908498949
es_0882371,2,2,0.14218518656767162,0.22254132394005285,0.22969988940051214,0.20149130598966342,0.20408229410209855
es_0294775,2,2,0.11075220088728342,0.34312009107793184,0.41136281853591083,0.09580071446903202,0.03896417502984357
es_0534650,2,2,0.08822171581955777,0.24318294548595207,0.2923282027642774,0.28932682140394955,0.08694031452626379
es_0675730,1,1,0.15920989255608237,0.2734249750863854,0.2661293575298985,0.19130953370887563,0.10992624111876297
es_0065024,0,0,0.79628096606281,0.10704067965423142,0.051395182117409344,0.02809119880809136,0.017191973357459055
es_0897817,4,3,0.07964372809500998,0.057664797534241474,0.1385351562273074,0.37215164489403624,0.3520046732494064
es_0824164,1,0,0.31280929186483825,0.23074520839728044,0.14046058868057731,0.14123472791404607,0.1747501831432594
es_0381424,1,2,0.08398515176241637,0.189545520112066,0.36177619570511216,0.295012492197595,0.06968064022281077
es_0059394,3,3,0.04084881701875205,0.23022909620279733,0.3021175385876237,0.3407936280379004,0.08601092015292344
es_0739272,0,1,0.3467908422857461,0.38873991849199974,0.1301883347140295,0.08055947904301876,0.05372142546520272
es_0483991,4,4,0.06387494134995043,0.17798976940725342,0.126599926449147,0.2558564978487752,0.37567886494487074
es_0632661,2,1,0.26315224849702434,0.3462889756242689,0.17737787941415076,0.13281661372006048,0.08036428274449153
es_0257951,2,1,0.24008580195609538,0.39957019922615256,0.17472390313905392,0.1013484731854113,0.08427162249328939
es_0712995,4,4,0.013089499045297952,0.022272235841966432,0.07341391126235353,0.3537778371772556,0.5374465166731248
es_0844475,2,2,0.04930736600638689,0.17690296140587367,0.36531648002793893,0.32507663835451905,0.08339655420528196
es_0304184,3,3,0.08130931060099236,0.1348305023351024,0.16571600291600966,0.38353046885226155,0.2346137152956329
es_0304782,4,4,0.01013162489062345,0.01548721629243644,0.035649238025364086,0.17652640842708459,0.7622055123644921
es_0979457,3,3,0.09802590792213164,0.11312155934606126,0.19648612328700477,0.3876149325583751,0.20475147688643094
es_0716362,2,3,0.02000737549811751,0.1299602917083427,0.2731035129048797,0.4204829761696705,0.15644584371898834
es_0955849,2,3,0.07357267249866278,0.2746131067976309,0.27831165751867776,0.28538502543706157,0.0881175377479697
es_0377439,0,1,0.19454225579204018,0.33596847851340583,0.14885931584667864,0.14540805646741645,0.17522189338046032
es_0478123,3,3,0.03323805727736819,0.11342571535119345,0.1717989976297481,0.42831214857701133,0.2532250811646791
es_0010072,4,4,0.037798267062928305,0.10220609941241394,0.09412840318154062,0.1724738602298609,0.5933933701132574
es_0913267,1,2,0.19328399468880328,0.20113226359819472,0.30822152897047145,0.2195139378721975,0.07784827487033234
es_0993926,3,4,0.09029421852175301,0.1207081045372719,0.19748764465328125,0.2931774173742655,0.2983326149134269
es_0906723,4,4,0.21773128892263238,0.1751649686285086,0.12534800275428468,0.11170730078886779,0.37004843890570926
es_0181037,0,0,0.37005914753195285,0.3094419638692277,0.1204798433344065,0.12243678636279877,0.0775822589016152
es_0485235,3,2,0.08201222425578512,0.22934027231229492,0.2987330150954883,0.2618159113348997,0.12809857700153554
es_0889491,4,4,0.06056327036597716,0.1513825143565818,0.13931328959572917,0.2740542524419773,0.37468667323973276
es_0170691,3,4,0.1328556075643557,0.09838074697489986,0.08613660973693477,0.25812068262172094,0.4245063531020889
es_0480716,0,0,0.3747385838398295,0.2360536105660522,0.1930698008901646,0.11607533722671755,0.08006266747723834
es_0463211,2,3,0.09798867846853196,0.12937494988154483,0.19247793172307676,0.35780506772813453,0.2223533721987128
es_0344907,1,2,0.16417191958228858,0.19649799836793944,0.2627416549830437,0.19893333812853378,0.1776550889381951
es_0719223,1,0,0.37640760819303787,0.27419131682041126,0.13018853868677022,0.10825531558593021,0.1109572207138528
es_0493523,0,1,0.16223408110565274,0.43534654565830805,0.20490406480145645,0.12414279952835046,0.07337250890623372
es_0144980,2,2,0.0958889477945043,0.1995145797762676,0.3325248305381814,0.21500807303870234,0.1570635688523445
es_0209524,2,1,0.2062616910692958,0.26410054908482383,0.19230308003805402,0.1230339097539253,0.2143007700538975
es_0007325,0,0,0.5331579446691508,0.3301646776953066,0.06548675871913592,0.042110713553953696,0.029079905362455798
es_0321037,2,1,0.06759761294159991,0.32065095123477483,0.31591685225249216,0.14084967620805938,0.15498490736307183
es_0338932,3,3,0.028053380469278532,0.1276397126481007,0.17336005668764032,0.34800449827547697,0.32294235191950327
es_0935205,0,1,0.1201106942992118,0.27453439855622375,0.26664257495661886,0.23304670755580578,0.10566562463214141
es_0824620,1,1,0.10967837122042959,0.3258412506459153,0.31515343019327324,0.14805995697703786,0.10126699096334209
es_0067497,0,0,0.8654395100211218,0.0682117822118041,0.037834754460213345,0.01342896374118032,0.015084989565681804
es_0114295,0,0,0.4619860248366556,0.2922024998655004,0.14617660892071804,0.042817078541898236,0.05681778783523002
es_0023378,3,3,0.12049328998764433,0.15535855277401683,0.18676282637530642,0.3413337993890119,0.19605153147402304
es_0306105,4,4,0.01131180306406933,0.04892356052281503,0.16399681762951945,0.35278947408575784,0.4229783446978392
es_0725480,3,2,0.04208319097669255,0.11560512198587307,0.31298274301792,0.2875493586289612,0.24177958539055358
es_0478961,0,1,0.24006119551150792,0.3562438242819903,0.2221466795556416,0.10323671683682485,0.07831158381403296
es_0968785,0,0,0.40204356717293277,0.3285451968352214,0.13503066932676555,0.07929773612068813,0.055082830544390095
es_0709873,3,3,0.07247263180198912,0.14048671297500362,0.18933152511385043,0.33682804146223194,0.26088108864692217
es_0675755,2,2,0.14263253752630622,0.30695089850839885,0.4119933286340691,0.08933362403190345,0.04908961129931916
es_0418527,0,2,0.18397916763023017,0.2315574746292594,0.31363488567628933,0.14562189460625255,0.12520657745796732
es_0749598,1,1,0.341899176989524,0.40027157233886396,0.10856618700310618,0.06742840662549023,0.0818346570430144
es_0644590,1,1,0.18707978666902797,0.30793962194729557,0.17219379889645325,0.19313067616948723,0.13965611631773447
es_0240020,1,1,0.14805735826548974,0.31264639170706776,0.26530523891712493,0.1638507764454914,0.11014023466482646
es_0067329,3,3,0.031723141098805224,0.09848528426603617,0.20883293809803594,0.49248709173714317,0.16847154479998244
es_0995273,1,1,0.2527874391864245,0.297468372502803,0.21703011343748896,0.14361721877593242,0.0890968560973542
es_0114427,3,4,0.08217132958705464,0.2563349722027133,0.15361231851970414,0.2015436690511504,0.3063377106393776
es_0860940,0,0,0.4491219688680443,0.16623711949197545,0.1848876280168502,0.11094113493848629,0.08881214868464453
es_0926731,4,4,0.023461683936365926,0.05471529814482334,0.1743205699108382,0.31650982140964073,0.43099262659833354
es_0555368,4,4,0.035181012812818935,0.10777821868954018,0.23461941562201,0.29268998058928924,0.32973137228634136
es_0349088,2,2,0.0544889656530461,0.1663096267880482,0.429052363625561,0.2703680453825434,0.079780998550801
es_0624242,4,4,0.0675006893870739,0.12407357419017552,0.11459200493355642,0.20236385508783672,0.491469876401355
es_0818784,2,1,0.15408140441728702,0.26530258146432806,0.10491178881776445,0.21415271786642498,0.2615515074341971
es_0707566,1,1,0.18482723258365094,0.26884999991037395,0.2677904277072167,0.16587805516500012,0.1126542846337612
es_0386809,2,2,0.09244830847366552,0.20707326140935456,0.35104028051818786,0.23314879263258967,0.11628935696620175
es_0522445,2,3,0.03937409036561157,0.16055708623707826,0.2290919492409092,0.369809579282333,0.20116729487406848
es_0144567,1,1,0.04745347385011469,0.3458544585275358,0.3207894766495159,0.24542797036331376,0.040474620609516954
es_0336824,0,0,0.5342691211436038,0.34635928559754114,0.05400522908924664,0.03631972982964723,0.029046634339961647
es_0816541,1,2,0.1476529519777381,0.239641581426123,0.24630598622042066,0.2198597470620186,0.14653973331369938
es_0437534,1,1,0.12478095138260956,0.3944289093500154,0.18379472920476533,0.1819075792342222,0.11508783082838393
es_0657233,4,3,0.11299450505217747,0.21658718004036043,0.226060236973825,0.25592569917241126,0.18843237876121954
es_0941827,3,3,0.1915555204683199,0.20560662459756932,0.18270367283211125,0.28649024074757645,0.1336439413544219
es_0198286,1,1,0.09556050495069165,0.43012721667819154,0.17995965150159246,0.2106724083306596,0.08368021853886938
es_0117629,1,1,0.21128107104813462,0.23129879717062532,0.2261172284320435,0.21069946312447857,0.12060344022471793
es_0741364,4,4,0.22015174920240635,0.19427282309676477,0.15623435990789702,0.17798284920221866,0.25135821859071195
es_0236500,4,4,0.023450488058295867,0.0333094138093671,0.12014154201079322,0.35659238544842975,0.46650617067311145
es_0703242,3,3,0.007771152620488764,0.04256929171438927,0.2523947355054419,0.5476753011898007,0.14958951896987654
es_0253136,3,4,0.05198757781487451,0.15857466569027712,0.27218444782034507,0.24036306174595154,0.27689024692855485
es_0732282,3,3,0.09822175269312756,0.15328920388256834,0.20028649766001067,0.3994055391176643,0.14879700664662637
es_0005853,0,1,0.23278492981452592,0.2928529291599887,0.2035586057068174,0.1533369719953257,0.11746656332334338
es_0747911,4,4,0.014125293241074763,0.0630611995523891,0.1676656060192787,0.27503738441731773,0.4801105167699383
es_0376323,2,4,0.037541274455847144,0.06422272109920567,0.14381006916455816,0.36944916919222914,0.3849767660881617
es_0355455,0,1,0.29734494256458116,0.41974176380904854,0.11796411183513558,0.09537981696071895,0.06956936483051766
es_0627305,4,4,0.19057440610861878,0.13854745255707898,0.08663905874430294,0.23554833447393847,0.348690748116062
es_0654753,1,1,0.14222203204303496,0.3126701059301553,0.19793325549949914,0.18791392834327147,0.15926067818403788
es_0722171,3,3,0.11578432814837875,0.179323461415373,0.25767927767827326,0.26465421658920985,0.18255871616876698
es_0527449,1,1,0.17830281314768212,0.32312836846096205,0.27483870803861865,0.15847224621152098,0.06525786414121511
es_0770722,1,3,0.20271263534197448,0.1969773867137671,0.2145466250540771,0.21951340280643497,0.16624995008374596
es_0091861,1,3,0.03713586028951844,0.1846903307073604,0.270425141377391,0.2990818932378368,0.20866677438789558
es_0043207,0,0,0.36156835181909236,0.27676311791937597,0.2105680981054813,0.09242128082894562,0.058679151327104245
es_0887353,2,1,0.16119433257186253,0.3404407412022215,0.25505145291774994,0.1196785179789237,0.12363495532924469
es_0438094,3,3,0.06709081671930829,0.1122082222602562,0.12657719272048193,0.369281853726484,0.3248419145734661
es_0379701,3,4,0.004637066558980465,0.008590471462768225,0.026875579954418156,0.23331183066086802,0.7265850513629662
es_0479728,0,0,0.26280952354710335,0.22088081671100587,0.19014856188323714,0.1572993637171775,0.16886173414147637
es_0276660,3,3,0.016972000447059626,0.07641990691134433,0.20854687318066464,0.4271530941023062,0.270908125358626
es_0690942,3,4,0.12425831337362432,0.16311845519139703,0.2181587329577091,0.23525727916427638,0.2592072193129931
es_0452970,2,2,0.17555971489388858,0.29463589599557505,0.30039018870300227,0.13095309522476803,0.09846110518276889
es_0019844,4,4,0.04509430444591843,0.07858799859071235,0.08336434631424482,0.2541483370800669,0.538805013569061
es_0593368,1,2,0.2378611164129849,0.27588648541722927,0.2969773954088648,0.14048547366697073,0.04878952909395052
es_0313567,2,4,0.1403964029053855,0.1586713664791344,0.1661726910420355,0.2550224325680649,0.27973710700538057
es_0672759,2,2,0.1252387216697569,0.15761790981326365,0.3285410097238871,0.2556438906001109,0.1329584681929752
es_0552377,1,0,0.43563754473795363,0.19350409268518393,0.20024089987489974,0.09665649059724542,0.07396097210471965
es_0935231,4,3,0.023932761296652737,0.048790519618295204,0.21503879772070086,0.4331718302117415,0.2790660911526136
es_0241793,0,0,0.5795460456318928,0.21174860897231007,0.10661654192652678,0.05027358932041734,0.05181521414885104
es_0811721,0,0,0.6323959080567881,0.17223632252176466,0.0785292019040458,0.062252608726669226,0.05458595879072947
es_0330557,4,4,0.14993100442946242,0.21686556825320702,0.16353897055056416,0.18349677701701275,0.28616767974975615
es_0455650,4,4,0.10062180450803337,0.18227889674760983,0.1014800441937737,0.17811397920408167,0.4375052753464993
es_0738636,0,0,0.5089165748085717,0.135983890628895,0.15470406957282273,0.12519131877998094,0.07520414620973222
es_0583222,4,3,0.1032999533471889,0.17068105009459544,0.1805732506942934,0.2803201415012482,0.2651256043626743
es_0963605,2,2,0.11300870927434337,0.30130044390069616,0.3633784129737043,0.13367117126123068,0.0886412625900269
es_0153109,2,2,0.04423766730168962,0.23087789492287236,0.5156632661570133,0.14397553393366908,0.06524563768475788
es_0805029,3,4,0.01627470658727483,0.05431382251541892,0.25943966456740836,0.33168848972008325,0.33828331660982164
es_0817640,2,0,0.28887638054519144,0.24249947255493098,0.28874193317133773,0.13383592967524754,0.04604628405329562
es_0327221,3,4,0.04477308859793726,0.037920812424347104,0.04618479935572276,0.24612609748737602,0.624995202134617
es_0930172,2,1,0.166875962341678,0.2892790077922198,0.16546511502517958,0.23103589522411955,0.14734401961680266
es_0849831,2,4,0.10269074074656329,0.14916082245128282,0.15980727555574897,0.25653111815259905,0.3318100430938056
es_0795072,1,1,0.13596999689099787,0.2859914609194774,0.2420255928684094,0.18158688087152566,0.15442606844959075
es_0071966,2,2,0.07111435220207582,0.22570717526500486,0.3226670014427867,0.1803880300881437,0.2001234410019841
es_0325878,3,3,0.04172807736055054,0.19072464268104267,0.14658007188195976,0.32769795121803,0.2932692568584115
es_0285563,1,2,0.1247267008664839,0.32206262987024253,0.36010955096933683,0.13549583144233357,0.057605286851606236
es_0492511,1,1,0.1755450540568199,0.3444880876047897,0.25350837586999136,0.12289388639076777,0.10356459607763155
es_0376008,2,2,0.039923801165036625,0.2839702214296036,0.3429240455417539,0.24514690741302,0.08803502445058205
es_0585607,1,3,0.0813651261712493,0.1946380152462147,0.27663992837130463,0.3059473970988714,0.1414095331123581
es_0418208,1,0,0.25149033257291264,0.2053075358473633,0.19085536921711854,0.20587579644549187,0.1464709659171169
es_0638294,2,3,0.16740575971507188,0.20123524637302476,0.24118860259716093,0.255615543602057,0.13455484771268775
es_0802957,0,1,0.23374367311658337,0.3846176301710389,0.18065353180191535,0.12475646930272016,0.07622869560774498
es_0079907,3,2,0.08441481052904187,0.1724270152301109,0.3035006130609148,0.29764972476882634,0.14200783641110454
es_0964674,2,2,0.0765525253098796,0.2517212626618964,0.4058475781070178,0.15931164577222434,0.10656698814897846
es_0663482,1,1,0.27798967143199127,0.304841976994958,0.27427083983763084,0.0957822186185437,0.04711529311687648
es_0492141,4,4,0.159589271526896,0.17491364046390093,0.14819813860790546,0.17909950931969307,0.3381994400816087
es_0136454,2,3,0.05378329673654361,0.11182238311849925,0.34991329082700234,0.35389276490818244,0.1305882644097732
es_0739155,0,0,0.392686795530507,0.24001740072108357,0.13963226121758365,0.11332849698680085,0.11433504554402725
es_0645518,1,1,0.15141773691023924,0.310582777695744,0.27755158203087504,0.16148262174864106,0.09896528161449812
es_0079000,4,4,0.05985487864541892,0.09107888195560053,0.1084697377890362,0.2909704801118206,0.4496260214981265
es_0130490,3,4,0.048447227516466615,0.120833633213322,0.18582990827480272,0.26472090688818584,0.3801683241072236
es_0161280,4,1,0.2190088429768691,0.2265141081445189,0.1780391762319705,0.18337231985194738,0.19306555279469537
es_0504900,2,3,0.1135392179973321,0.22735414088271705,0.2054234411050807,0.27497510077685333,0.17870809923801656
es_0538036,1,0,0.5030920874988534,0.20462188024615702,0.20019487616942744,0.04259214212101451,0.04949901396454466
es_0781727,0,1,0.13369525663578524,0.3926224396339924,0.2821786891734462,0.09825317907204308,0.0932504354847321
es_0645542,1,2,0.11475747283229117,0.19415154096282453,0.3420503009152757,0.21292764808889328,0.1361130372007134
es_0800012,2,2,0.06763052324421012,0.30326302234916924,0.4614350086895016,0.12258678988368282,0.04508465583343983
es_0569194,3,1,0.18665313426373695,0.2767475515620738,0.15748272730625257,0.23471023426688395,0.14440635260105178
es_0538445,3,1,0.2290145180610698,0.31179936022892213,0.23584159016615516,0.13701941627856076,0.08632511526529037
es_0149979,3,3,0.12009377502907877,0.24032372107406394,0.2402392278696098,0.27492451756961844,0.1244187584576303
es_0277413,3,4,0.07672710144325409,0.13148769112653025,0.23330649125727537,0.20091838034373596,0.3575603358292058
es_0796635,3,3,0.00915679591567846,0.04415867663959751,0.21850832313061286,0.6683135376496301,0.059862666664481326
es_0666873,1,0,0.6369745325483629,0.12924239347734667,0.11369575724924041,0.06250172042944929,0.05758559629560047
es_0430199,4,4,0.015842701690486138,0.05211313235143873,0.09256927658500752,0.23271857807227986,0.6067563113007861
es_0701149,1,1,0.16152882702962607,0.4073353845136631,0.1604342551453449,0.14818296337764386,0.12251856993372423
es_0869647,4,3,0.02980184360493355,0.07787943799007195,0.14109934120923587,0.4321045648558997,0.3191148123398616
es_0746254,4,3,0.04380627902697713,0.1473399722916056,0.2287016288132156,0.30765296793759767,0.2724991519306043
es_0331668,0,0,0.3575900368438346,0.26203906235187463,0.1630320087775846,0.14326111580161657,0.07407777622508664
es_0328127,0,1,0.15009850681275658,0.32057940364441684,0.22516344580131017,0.20332991386952876,0.1008287298719898
es_0261159,1,2,0.06575323755312135,0.2753187672468944,0.3433407563978133,0.18116546793320573,0.13442177086896845
es_0404655,4,4,0.024541760097530143,0.04062506078972761,0.046061636062135924,0.2252876886199732,0.6634838544306348
es_0456614,0,0,0.7059381097047368,0.13305739338454362,0.06758799010769061,0.04989478791532478,0.043521718887707485
es_0320414,4,3,0.06587816040361895,0.23131004909337552,0.15306983047809714,0.3592733865022788,0.1904685735226355
es_0127791,1,3,0.15106081536273755,0.19810664909199166,0.20258862624007198,0.23128253689256648,0.21696137241262933
es_0845398,4,2,0.15292719950647912,0.2455796767238407,0.24698884035864999,0.16972517323125025,0.18477911017978052
es_0266168,4,1,0.2995446013861895,0.30582450568117725,0.16305125781249583,0.07808357572475708,0.15349605939537775
es_0950124,4,4,0.03402005542599106,0.06661976434549804,0.10498243964852323,0.2712764401592005,0.5231013004207862
es_0640875,1,2,0.11286189008224175,0.20113736169362523,0.36754760407002973,0.21115558742885307,0.10729755672524682
es_0886774,4,3,0.03780439994614032,0.17575074054316378,0.2184742724185962,0.4179156077436182,0.1500549793484859
es_0775586,2,3,0.031114765676967478,0.07848046344249868,0.22457858978538484,0.4912464878809658,0.17457969321418176
es_0858947,3,2,0.09443259940599465,0.18175602991962786,0.3166908717978317,0.2396337727267628,0.16748672614977964
es_0786371,4,4,0.03726191217713803,0.07437717822963558,0.10729469533621612,0.18827243558429763,0.5927937786727093
es_0661323,1,0,0.34555895346700766,0.33209333691157855,0.14194757631088126,0.09611757766818696,0.08428255564234681
es_0681562,2,2,0.2086957796336264,0.1893798919666972,0.2585957094662685,0.17978790617859755,0.16354071275481166
es_0794041,1,3,0.10177498098566445,0.1977202054614241,0.2192492780583877,0.2949149971976178,0.18634053829690259
es_0683170,2,2,0.14038167016902142,0.24098495600735403,0.24127875025457224,0.20822830120287186,0.1691263223661805
es_0355716,2,2,0.0810973673066612,0.1953791095126516,0.33751340439196886,0.23104954226202895,0.15496057652668757
es_0151717,4,3,0.05652503428083806,0.1285302957339451,0.1554289063584026,0.35155060376635555,0.3079651598604586
es_0485915,2,1,0.14204717682918683,0.2528098975835592,0.2218459877150695,0.21853672881548664,0.16476020905669414
es_0659118,4,4,0.07750272090970521,0.13351778817284649,0.08710275023848443,0.33786682251858474,0.3640099181603758
es_0870885,2,3,0.16565539238237664,0.18644636677316953,0.2049541906076991,0.2882262741339447,0.15471777610280965
es_0331977,4,4,0.04103741974194727,0.05725230401293809,0.19034997618298335,0.29751166962783065,0.4138486304343011
es_0340447,3,4,0.04295277882067605,0.08804673749004496,0.10692475152641402,0.16325068781375712,0.5988250443491074
es_0263496,4,3,0.02440475788030005,0.06542358448804772,0.08500519676273621,0.5160126726755919,0.3091537881933213
es_0413283,4,4,0.008537496449077468,0.022425542035337677,0.04089007273456441,0.1712653947166654,0.7568814940643526
es_0403406,4,4,0.05710380630655567,0.1311695134858884,0.148573709055844,0.3286711484044683,0.3344818227472429
es_0604982,3,4,0.08820351441403144,0.12961766838954286,0.14370350084474395,0.24610357478665174,0.39237174156502724
es_0662350,0,1,0.3548706020585351,0.3756395377496939,0.12090344498696941,0.10217600873305362,0.04641040647175345
es_0696586,0,0,0.2796267161524822,0.22190609198376293,0.16167467804874225,0.19604197870164747,0.14075053511336558
es_0508414,1,2,0.08390594528299902,0.21429335558507956,0.3788112866544128,0.19735487445830302,0.12563453801920746
es_0380697,3,0,0.4874960860073572,0.2388739926110286,0.13831830563487532,0.08599770398049843,0.04931391176624043
es_0498731,4,4,0.06564293872740264,0.12457451544815298,0.17917275342877692,0.25477758440779363,0.375832207987876
es_0513234,2,2,0.08256060210427653,0.21386071814195373,0.3638496971114662,0.24725561780091207,0.09247336484139063
es_0328280,2,4,0.06568758044612792,0.13066544015850007,0.17537949661689353,0.2866569627466724,0.3416105200318049
es_0256089,0,0,0.7284329489833588,0.10770256556708732,0.07337462400199536,0.05291181471737308,0.03757804673018309
es_0205189,3,2,0.052486494079964724,0.19912368359918414,0.3529000625110481,0.21025819669228252,0.1852315631175226
es_0560981,1,2,0.14995710496264777,0.23768126420100433,0.3578400474392363,0.1626226031687444,0.09189898022836615
es_0625612,1,3,0.08780031212545392,0.22537964296266744,0.25467159401684364,0.25637447738183844,0.17577397351319912
es_0285005,1,2,0.15560583014949972,0.2861097409833423,0.3310004391950395,0.10181793126895658,0.12546605840316422
es_0610152,1,1,0.2522297596787546,0.32311766101021455,0.20587528349470616,0.1610762297032993,0.05770106611302691
es_0210032,3,3,0.02866097504217741,0.051055312002689084,0.2133736649563669,0.4435879540752273,0.26332209392353967
es_0234172,0,1,0.17608106726268702,0.35275782835170716,0.29633043985364466,0.1030793966949103,0.07175126783705041
es_0285334,4,4,0.023128896314472014,0.0585211122466284,0.09390277507485635,0.25035209980245215,0.5740951165615891
es_0934149,2,0,0.2654884202918863,0.24152275481834992,0.19874854204759088,0.15730831757906727,0.1369319652631049
es_0952376,4,3,0.14200157674902994,0.2064442727142911,0.20377598352775148,0.30417764759532556,0.14360051941360275
es_0244105,1,1,0.2392166636828807,0.3353182961902013,0.22020791283806745,0.15387692593365507,0.051380201355194534
es_0237479,3,3,0.034209284230982955,0.14880967540845624,0.2479460483263749,0.29673175495448423,0.2723032370797047
es_0819519,2,2,0.024558309722796715,0.22742187294154304,0.4754600837707586,0.19442876822194136,0.07813096534296554
es_0367546,4,4,0.022614961314960498,0.04941312949869187,0.1137280516170911,0.3336141978270739,0.4806296597421816
es_0847567,2,2,0.08632996970450717,0.2083024555848811,0.326544871462283,0.22017915113001132,0.15864355211831807
es_0676947,1,1,0.13557124955185207,0.35782170316456186,0.2300851714206304,0.1656909377916331,0.11083093807132109
es_0846180,2,0,0.2880553376256118,0.19077351769135387,0.2559532102821552,0.187918885046684,0.07729904935419339
es_0999434,4,4,0.04158283287000517,0.14166503595220784,0.1674123561839332,0.2513580937613173,0.39798168123253885
es_0647244,0,0,0.882158555408274,0.05187323087974319,0.032076682935214415,0.020449927273266808,0.01344160350349999
es_0310606,4,4,0.05025655962849064,0.08955106213769175,0.10612267333570465,0.19917835261361627,0.5548913522844963
es_0310930,4,4,0.05895630715238146,0.0852939144929838,0.12844779659504463,0.31181929336071,0.4154826883988781
es_0295038,1,1,0.24420175588304918,0.3976790054762409,0.17253079828137463,0.13574525448580416,0.04984318587353303
es_0120302,3,3,0.06144980792271558,0.1110905029930206,0.32732278757210925,0.3804881591590086,0.11964874235314844
es_0608547,4,4,0.14263322074052834,0.12829776597646816,0.11198780621777871,0.3044320470473107,0.312649160017916
es_0881049,2,2,0.08597373694263219,0.2598558173565456,0.28938131390194044,0.2123193210003836,0.15246981079849686
es_0401645,0,0,0.7276040454726469,0.1469148593408034,0.05757834406923877,0.03062544741345879,0.037277303703851815
es_0998791,0,0,0.5612128183886692,0.19219008948357322,0.10337174500766297,0.07213732600219476,0.07108802111789768
es_0798886,1,2,0.1573213799190328,0.23658039252361224,0.2995054280501596,0.1758886947647968,0.13070410474239869
es_0862242,4,4,0.008912843747620391,0.032885091188436244,0.08322165409667144,0.3410118700023844,0.5339685409648864
es_0776698,1,2,0.1521840427298336,0.24895057911582638,0.28110740454414584,0.22894488229681909,0.08881309131337478
es_0018134,2,4,0.08663764359538968,0.1642269023585293,0.17492623918842556,0.2770470421962918,0.29716217266136535
es_0160914,3,3,0.06347677324755205,0.1393195593115053,0.1489564561391822,0.4465902251751377,0.20165698612662225
es_0817312,4,0,0.46485684514671116,0.2265117663952846,0.1412437828218864,0.11685924880691702,0.050528356829195195
es_0563795,1,0,0.5838319241738222,0.23135496593531402,0.08320239268872563,0.05075796187460003,0.05085275532753171
es_0362179,0,1,0.2012050252983081,0.4796552986542513,0.1690684758944024,0.08937017309825297,0.06070102705478393
es_0388601,3,3,0.015149890458050855,0.07622165956448865,0.21328329230418486,0.39503034658318714,0.30031481109009045
es_0288116,0,0,0.3405762556717155,0.29621413547328657,0.18007342219208927,0.10277151231100211,0.08036467435190409
es_0134855,4,1,0.21783077218601263,0.4507425191773697,0.17677809664919578,0.09052049276500188,0.06412811922242545
es_0429775,3,1,0.12709613879299167,0.30993679974455407,0.20359974208400147,0.23785006034708958,0.12151725903136393
es_0499703,3,3,0.043592475395858456,0.15359203350359044,0.09354347401519127,0.3720447947146167,0.3372272223707429
es_0534667,3,2,0.10146256423975142,0.16746650001665853,0.32136569913512647,0.30491894513014944,0.10478629147831722
es_0506243,2,2,0.011885687615785056,0.08100642187381825,0.4653514943279718,0.34446417924256834,0.09729221693985361
es_0605345,0,0,0.276584679176835,0.2669860146014301,0.22951319029988654,0.13569415218722924,0.09122196373462231
es_0762331,2,3,0.027719632705430344,0.2110902184620158,0.2870304068306514,0.3023995400053937,0.1717602019965081
es_0479284,4,4,0.03587846475626108,0.10473400080622881,0.09623887267198263,0.317002014402221,0.44614664736330845
es_0149648,0,0,0.3768440913925438,0.17179774677329976,0.1960851847184103,0.12972864847951962,0.12554432863622597
es_0043389,0,0,0.49913418352756395,0.2586678325552209,0.1356962239675488,0.05819074420449343,0.048311015745176294
es_0120076,0,0,0.4500944396575809,0.34983071049555864,0.1150489886592439,0.040704156800128045,0.044321704387488496
es_0063732,1,1,0.23619413195767164,0.3741972226347358,0.18709831874261404,0.12792018328240842,0.07459014338257101
es_0760311,1,3,0.14019696261418854,0.16909472283617663,0.16705454016288956,0.34126807317615676,0.182385701210588
es_0825275,4,3,0.16124822753020257,0.2126225327043906,0.1614924765099819,0.2593848749021619,0.20525188835326677
es_0728934,3,2,0.06168057765860991,0.2028536156200836,0.2941114489766727,0.2605995667566927,0.180754790987934
es_0654412,2,2,0.07072291496540302,0.17407152082153685,0.5287128362277566,0.16048565105010684,0.06600707693519824
es_0965276,4,4,0.15007239993218802,0.1733074674682714,0.16862635886852137,0.23173633622715856,0.27625743750385773
es_0524656,2,4,0.1391253798555356,0.11937467627181604,0.15854531178396206,0.2451199817888596,0.337834650299827
es_0665555,0,1,0.15359499773682395,0.35906325145624585,0.23245986712888186,0.147773923775698,0.10710795990235293
es_0512044,2,3,0.0682670851804046,0.17547361731406297,0.25622739378793685,0.3290917095790957,0.1709401941385021
es_0977736,0,0,0.5083558587090136,0.29968451775778754,0.12375299628429492,0.043012216599143414,0.025194410649757314
es_0752520,1,2,0.1497871926394769,0.23941340709751233,0.312580355959381,0.17680640069491965,0.12141264360870754
es_0811868,4,4,0.004183007860068672,0.010130586261755463,0.06104368788393202,0.42910693386475085,0.49553578412948973
es_0768337,4,4,0.1878473619887213,0.1809582062444574,0.15738194147518386,0.21277162889797607,0.2610408613936628
es_0703346,4,1,0.170940729676987,0.3301215269800354,0.15862748953861946,0.17255215813701147,0.16775809566734354
es_0921503,1,3,0.07343245658464903,0.2698146010053604,0.2085549222737061,0.3609614354394294,0.0872365846968536
es_0253501,2,2,0.1228687986971783,0.14099687416688234,0.2983198125925037,0.28905157854325236,0.14876293600018523
es_0761314,3,2,0.10747021190864336,0.27616672300609735,0.3158110226758971,0.15432115616927414,0.14623088624008945
es_0185611,4,4,0.04453087024625756,0.08266372896849025,0.10871681172881618,0.3273603825412741,0.43672820651516225
es_0476920,3,2,0.033304169737371145,0.22055274422725327,0.41364950228102,0.2776433621595522,0.05485022159480603
es_0411262,0,0,0.4308045672250166,0.302869297217938,0.15704760890134611,0.07039771103151267,0.03888081562418875
es_0612701,1,4,0.1436957080068125,0.1823784217220057,0.193028187701488,0.22394330847306126,0.2569543740966361
es_0697021,2,1,0.1657305556502945,0.3060303737999,0.1680157969758939,0.20511150090151806,0.15511177267238732
es_0306922,0,1,0.23284045856949565,0.31169600066779063,0.15366782263593912,0.12907196562042542,0.17272375250635064
es_0820483,0,0,0.49661785497253813,0.18693703729622993,0.13499564938805964,0.09402616801067351,0.08742329033250167
es_0878673,2,2,0.058136910844477585,0.18532768849648404,0.5755703493906941,0.13909769001967615,0.04186736124866704
es_0240898,4,4,0.07707470811086582,0.1338105574768201,0.20776321880600893,0.2795086951905662,0.3018428204157397
es_0322250,1,2,0.03367923585684494,0.17354829674875918,0.4085442874834752,0.23686922261547363,0.14735895729544513
es_0786202,4,1,0.15470931996838796,0.23261506586240052,0.22517565390878244,0.17235452320617742,0.21514543705425204
es_0293899,2,2,0.06035406805448125,0.2188328227050101,0.3982575513014638,0.1979233862000744,0.12463217173896914
es_0677272,0,0,0.4868460911546246,0.2533922570498071,0.13686957605604722,0.07857915858265759,0.04431291715686689
es_0589678,1,1,0.1831328524479666,0.3196252989140174,0.288571781138333,0.14228012014036462,0.06638994735931583
es_0183454,3,3,0.15754740334188141,0.22265191882136148,0.21242461461121037,0.257789677531369,0.14958638569417443
es_0410327,1,3,0.04879393138852755,0.24365158421029695,0.24969067259293198,0.30297352498326385,0.1548902868249818
es_0663002,4,4,0.09924944959113652,0.09010991997525397,0.17882365975151965,0.18672791494317054,0.445089055738921
es_0891063,2,1,0.1650874715066734,0.4021329865217354,0.1960844145208138,0.1611377651307181,0.07555736232005861
es_0505265,0,0,0.5674516635737977,0.2278773348712918,0.08115344048753005,0.05868648282713592,0.06483107824024195
es_0415133,2,3,0.025639686788046446,0.07895820049537403,0.29473181189378567,0.3724547887411453,0.22821551208164859
es_0483315,1,1,0.2865949380736387,0.29059231403605956,0.1751669970867837,0.13859604943804538,0.10904970136547422
es_0744513,2,4,0.05105741470728119,0.08754853677281825,0.16609903046943084,0.2161371018339713,0.47915791621649895
es_0444111,0,0,0.5988561950282537,0.23910171096855962,0.09180399466269262,0.028858930072276804,0.04137916926821716
es_0866583,4,4,0.10741680973289192,0.15446707545827593,0.18168381216958138,0.1640608425553462,0.392371460083903
es_0469230,4,4,0.1104731518834542,0.13625427579398064,0.20951739283807413,0.2350526038424217,0.30870257564207043
es_0416802,0,0,0.39620922898886585,0.34850947535315513,0.14870226849368764,0.06242342081543648,0.044155606348852544
es_0735717,0,0,0.7038035707600976,0.12890701408603014,0.08069911888846341,0.049169178046205964,0.037421118219203464
es_0147951,1,1,0.2500472360050384,0.3079774134608049,0.24691088386691515,0.11620258465290673,0.07886188201432873
es_0730103,3,3,0.01396589975397526,0.022878226528460745,0.13974889715224423,0.4679649067573804,0.3554420698079395
es_0734912,2,2,0.08947888876185496,0.2210120187086977,0.35680096686800655,0.1962233092076551,0.136484816453784
es_0494184,0,0,0.8381435125524557,0.06856725154202588,0.04026975492509356,0.03441158138592428,0.018607899594503062
es_0399448,2,2,0.04898792941161081,0.22078196577734505,0.32100194124143744,0.2704039173929286,0.13882424617667496
es_0254998,1,2,0.17948100460189778,0.222264793639756,0.24350980492692068,0.200845010836647,0.15389938599477404
es_0848007,4,4,0.007227106876270759,0.03263625223119384,0.0851501511723809,0.36452282723133067,0.5104636624888227
es_0643095,0,0,0.43619982776131766,0.20473081257841236,0.13086066592763065,0.1369955072588826,0.091213186473756
es_0095007,3,3,0.018386379566258902,0.17436103337997633,0.3303795912825975,0.33933948844375805,0.1375335073274035
es_0401000,4,4,0.07748034344280239,0.19218792344129618,0.1763610979785213,0.2594825208780872,0.29448811425929206
es_0701507,4,4,0.02001673142041926,0.07030049410033665,0.10584159124504028,0.3163513448500571,0.48748983838414567
es_0099779,1,2,0.07907922043024532,0.2362029480091502,0.31309432478101623,0.23855811247871192,0.13306539430087305
es_0674500,4,4,0.014449762576360187,0.025054064787296725,0.048607118851783315,0.3127246787386352,0.5991643750459233
es_0169968,4,4,0.0475442412996443,0.06792823766934443,0.1920222458473591,0.34197875311583875,0.3505265220678138
es_0761599,4,1,0.15816887140337152,0.2402682881528014,0.18028178205997505,0.19382455627108838,0.2274565021127622
es_0026904,3,1,0.07622107184562889,0.2964577592077508,0.24475100361647367,0.21548505390339617,0.16708511142675495
es_0546527,2,1,0.19441012958852946,0.3884604263046414,0.25867696073375224,0.08698452171061481,0.07146796166246343
es_0852224,1,1,0.15903880346290064,0.27230175385316935,0.2056530959023077,0.24022761127547534,0.12277873550614718
es_0858378,2,3,0.08965093463683237,0.2740557929753346,0.20625351349576723,0.3099187981695238,0.1201209607225389
es_0959179,2,1,0.11463060445414254,0.27693978583196494,0.2559332345997138,0.1610951734578333,0.1914012016563429
es_0551928,3,2,0.1277172541811524,0.28411548406681497,0.3266944712519569,0.1664012371551218,0.09507155334495299
es_0884091,0,0,0.46735178702388397,0.2679348310669924,0.11314269359056305,0.07754935763047302,0.07402133068809104
es_0282405,2,2,0.1291473304995608,0.26193370736155874,0.3155556976388164,0.20590773838325035,0.08745552611681684
es_0114047,0,0,0.30917072016472896,0.24194666966976666,0.2570479117102774,0.09328622158417849,0.09854847687104143
es_0004693,2,2,0.23769099006254948,0.2397994928983059,0.2542434510251491,0.22760167954103594,0.040664386472959974
es_0034893,0,1,0.25587117809431265,0.2620910892972612,0.16302950283371787,0.22162984434671135,0.09737838542799461
es_0553325,0,0,0.2859413046756536,0.25052049097091317,0.18302423671795034,0.16214466633698704,0.11836930129849417
es_0521974,0,1,0.16833480949884458,0.2793978898357173,0.22913645301625396,0.2258726263733934,0.09725822127578926
es_0219878,0,0,0.7932994111569912,0.0824987945352047,0.06612019040301867,0.034076470392637316,0.024005133512146223
es_0016786,4,3,0.03723292897397048,0.07131505899516949,0.12592983966939972,0.4019218445105172,0.3636003278509432
es_0606871,4,4,0.10259334716149536,0.09537082495651841,0.07970268675734404,0.1926855948900284,0.5296475462346111
es_0514803,3,4,0.03654584751397036,0.11334783755356731,0.11680532892801199,0.3213817989799476,0.41191918702450286
es_0750519,0,0,0.6371911264798676,0.18504295202120857,0.11473167603581218,0.03356276495905213,0.029471480504063893
es_0301472,2,2,0.09712043314701845,0.30685583663431915,0.34666836413807306,0.1940893794139561,0.055265986666630684
es_0809340,4,3,0.17155496132240922,0.16643901071578554,0.19051740724492572,0.2612085132414162,0.21028010747545972
es_0690678,0,0,0.5814706238794904,0.22544153431944824,0.08040682219635326,0.06726730155717928,0.04541371804752832
es_0084647,4,4,0.02800199414297771,0.0754259014150542,0.12848607459700595,0.24327635854901353,0.5248096712959496
es_0194280,1,1,0.16891720944589336,0.33785292525364674,0.23605638332552437,0.1584623569414484,0.09871112503348824
es_0805182,0,0,0.7778791865752799,0.10918510836582082,0.059520680552417646,0.02051987713776407,0.0328951473687171
es_0495526,1,2,0.09601117306907458,0.2450796515114172,0.43083019587520394,0.1654135989768491,0.06266538056745898
es_0510655,3,4,0.014097881896428202,0.02747733239496587,0.0651796653327705,0.41790255748766947,0.475342562888167
es_0705510,4,4,0.04016809527776829,0.05767369943037457,0.06627747174645258,0.36022944020382014,0.4756512933415847
es_0057653,0,0,0.6888643401286002,0.1410954043682624,0.0582638409214286,0.03863842298803891,0.07313799159366388
es_0768186,4,4,0.01783995908554089,0.020632812837085852,0.05272571735323596,0.3539015192968284,0.5548999914273074
es_0013924,4,4,0.08381810762221024,0.16003920075099773,0.15885271577000895,0.2403932031813097,0.35689677267547176
es_0717708,0,1,0.21224486782921737,0.26319294795875037,0.2526715648382813,0.14606309514244972,0.12582752423129884
es_0561910,1,0,0.25889781190670874,0.2201516165905864,0.24948258660563613,0.1599408066870782,0.11152717820998383
es_0950540,3,3,0.05744042532836963,0.13400988092133617,0.31052938575429007,0.3172549210360427,0.18076538695996344
es_0027177,3,2,0.1356762218170867,0.15823276273446354,0.2572884517998784,0.21719455204594618,0.2316080116026275
es_0377489,1,0,0.2804502043294633,0.2503831379909178,0.1460697225156709,0.11894911356525127,0.20414782159869663
es_0842698,2,2,0.2302538131528417,0.18952756758420705,0.23438226319633979,0.18658082007240417,0.15925553599420564
es_0495892,3,4,0.10171216694911889,0.14614678246683513,0.1580808457318065,0.23390641671152682,0.36015378814071564
es_0467947,4,4,0.0172150346708855,0.040844090752919116,0.09261168079184533,0.2382016221398688,0.6111275716444803
es_0423416,3,3,0.022361648582458038,0.0768642289155007,0.1522513805486086,0.4105743142545174,0.3379484276989165
es_0758989,3,2,0.20560768348362882,0.21852247460320856,0.3080148921800649,0.17946580055608785,0.08838914917701271
es_0049402,1,1,0.1429215094229555,0.38680764966219244,0.2926602919865551,0.11986867775145131,0.057741871176844144
es_0782781,2,1,0.12822392084229137,0.49111913788414063,0.19686737844582605,0.10450531107612877,0.07928425175160986
es_0500743,2,4,0.07302179242457943,0.08692066151611992,0.13958623527298825,0.302285472668972,0.3981858381173413
es_0702492,3,2,0.06401266908979371,0.16907129068400226,0.35350967080227286,0.28303433911606196,0.13037203030786945
es_0508548,0,0,0.4620969272667086,0.3601754468974052,0.09195137340051156,0.04522136011723241,0.04055489231814842
es_0042231,2,1,0.19262064872864523,0.24039066349972002,0.2274647108774606,0.20928608879083174,0.13023788810334555
es_0643994,3,3,0.04918128248798308,0.11408123750267324,0.13340450179201818,0.370231843463475,0.33310113475385134
es_0453939,3,3,0.003914672325564,0.017011682788444435,0.07336769098518169,0.6203323042249042,0.28537364967590745
es_0600458,4,4,0.030663649378664483,0.06939017399056456,0.09937015289157755,0.31405874256844396,0.48651728117074977
es_0709280,2,2,0.06824404886652785,0.22058046181045246,0.3737933901962919,0.24161353552002396,0.09576856360670492
es_0642289,3,3,0.03457480615612615,0.09849196498761387,0.2056092679286623,0.37566278272515385,0.2856611782024441
es_0242949,3,3,0.07442534784819459,0.14979244253732663,0.26602455884910065,0.29490449946145453,0.2148531513039235
es_0138711,4,4,0.037390439954203006,0.061392027638934275,0.09485339103787467,0.38036697859867835,0.42599716277030747
es_0139203,0,0,0.5150525813798699,0.24242261232161746,0.10089138023118542,0.07668346282786319,0.06494996323946158
es_0752205,2,1,0.09641709125390827,0.3904190964072523,0.27219279152335185,0.16180430158073444,0.07916671923475473
es_0974286,3,0,0.42423512798489504,0.18722199919168164,0.14364894600632808,0.12199236059427429,0.12290156622282424
es_0486376,2,0,0.3067795513636128,0.22476489699720006,0.21100277512655038,0.12458595448638518,0.13286682202625433
es_0659894,1,1,0.1137765318744215,0.41838041784315777,0.26757902139386325,0.15359893392687504,0.0466650949616825
es_0280071,4,1,0.21158278138742032,0.2369701474231142,0.20177607206556095,0.16845043307793484,0.18122056604596626
es_0373511,2,4,0.09119670852552496,0.10977577770749354,0.12323203728535273,0.2480754212172223,0.42772005526440654
es_0846274,0,1,0.2132718491328962,0.3043743696122088,0.22038803412723976,0.11943864426140327,0.1425271028662521
es_0845408,1,1,0.14067957612303597,0.31867744470277426,0.24086113445966134,0.17864127414630715,0.12114057056822496
es_0982518,4,3,0.06965589138625757,0.14527937930620252,0.24583570805299415,0.3605212875522047,0.17870773370234244
es_0681489,2,0,0.441879430084212,0.22338142048119572,0.15342046354496372,0.1143043728587558,0.06701431303087649
es_0265202,1,0,0.34021356195826785,0.2538784719613462,0.1836778865454055,0.14825012130199347,0.07397995823298505
es_0209571,1,2,0.07222517173168785,0.20000350274938464,0.3314606861280436,0.25169665395072394,0.14461398544015905
es_0414167,2,3,0.11164749906346562,0.23099977846777686,0.28309967007759035,0.2934585392233744,0.08079451316779064
es_0014812,4,4,0.18034863370482707,0.22444053733950464,0.13425432402194143,0.17689482016829342,0.28406168476543253
es_0943704,4,3,0.10646412524105732,0.15741571015208256,0.1758431763422659,0.280580064848985,0.2796969234156089
es_0676362,4,3,0.061476864133977724,0.09634208037954,0.1497463599345866,0.4362951690334819,0.2561395265184144
es_0984526,1,1,0.1529191095359392,0.3789349258438895,0.2343549515777437,0.10057857671940204,0.1332124363230261
es_0078893,0,0,0.840489147881694,0.11510771919892683,0.026055357191325217,0.009041743196212655,0.009306032531842043
es_0927306,0,0,0.30867041324632133,0.18920594718943992,0.20625545411736873,0.18823213624767007,0.107636049199201
es_0195765,3,4,0.05073390160355196,0.14783513629034903,0.17606546925217137,0.29986289092031654,0.32550260193361324
es_0970744,1,0,0.32388825136542676,0.2892591823253226,0.17229840215331538,0.12757049839227871,0.08698366576365449
es_0101265,4,4,0.049520343835909565,0.05647483721553062,0.09025359649008521,0.1926939899591385,0.6110572324993363
es_0900627,4,4,0.05732561379075168,0.06540570570038204,0.10897704894010617,0.2560697186414068,0.5122219129273516
es_0222616,1,2,0.10264789825181894,0.2167862167652936,0.39692803077248856,0.173576661400089,0.1100611928103075
es_0526258,3,3,0.06558107445986731,0.12720200005307813,0.25577623077814793,0.3123004889324615,0.23914020577644443
es_0140320,0,1,0.22203496632319136,0.27973877989851365,0.23768912169340226,0.1128367130846182,0.14770041900027114
es_0995892,0,0,0.5442802576632493,0.17296060319519133,0.15264415330752412,0.08461004335156193,0.04550494248247405
es_0491108,0,0,0.585782501173599,0.1855463061611954,0.10840893502110742,0.06596434015736546,0.054297917486730046
es_0671755,3,3,0.036848063533621654,0.14053684673100492,0.31488065185677167,0.4213711357889556,0.08636330208964775
es_0274011,4,1,0.271648190157991,0.29284203416010257,0.12424696076478499,0.1397376341403427,0.1715251807767753
es_0255838,3,4,0.07707594780267209,0.08210227331872594,0.15893398076275916,0.21803424902940338,0.4638535490864388
es_0109266,0,2,0.140701760853777,0.2895126692030403,0.29484069907397553,0.1735712467814411,0.10137362408776023
es_0654208,2,2,0.12568661164706724,0.19279732786811196,0.34691911839172684,0.2433243366716829,0.09127260542140954
es_0896667,3,3,0.045439104540362055,0.1002880166956925,0.28625039021528853,0.3072577119344444,0.2607647766142119
es_0325479,4,4,0.028061045275340864,0.03374834281249788,0.034238933905024166,0.1916214719125931,0.7123302060945464
es_0393713,3,3,0.08299226016858771,0.10775066314127661,0.2933260223912599,0.36558398785729285,0.1503470664415835
es_0290267,1,0,0.35409855878459956,0.31428907805040074,0.11165400284556597,0.09423121722890829,0.1257271430905314
es_0316127,1,1,0.1722973272037109,0.2429736018048238,0.22671420724445315,0.21866262666791428,0.1393522370790981
es_0726739,0,1,0.2110885716996186,0.4783599976563289,0.14290393725445505,0.11169318696834976,0.05595430642125189
es_0047736,0,0,0.4669097819003126,0.3075524151984943,0.12092972095716235,0.058224502498683654,0.04638357944534498
es_0264945,0,2,0.2234078880025267,0.2068408570178623,0.23240682841369512,0.1572925627202452,0.18005186384566774
es_0349988,3,4,0.10242280118640004,0.1536694639399891,0.26295786797529574,0.1961962038448645,0.2847536630534485
es_0112777,0,1,0.0630286601561643,0.3599373360298922,0.35518770932243326,0.12632720174620507,0.09551909274530578
es_0686238,3,4,0.15219582973588802,0.1547379645829094,0.15184707511835469,0.22128650731816624,0.3199326232446833
es_0879230,1,2,0.0802655058069344,0.2968541070345659,0.30507573860681475,0.2453287889807824,0.07247585957089633
es_0854453,1,2,0.1692711475666703,0.21258529627750394,0.27537215640951535,0.2049268758528162,0.13784452389349633
es_0986778,0,1,0.20307794708983834,0.30122168725978077,0.1955426368244398,0.14072376202381254,0.15943396680212496
es_0473535,1,1,0.31589486119716403,0.37909513454042587,0.17510758817234262,0.07132514333537084,0.058577272754683204
es_0801676,4,4,0.04554126721221535,0.0480636289400966,0.06792872176503001,0.41521621483668697,0.42325016724597025
es_0049694,3,3,0.082786151576334,0.15720851574194877,0.2841564176341579,0.28909711410213806,0.18675180094542249
es_0981043,1,2,0.2771309307047426,0.30860898049703583,0.3267972835127896,0.05779307894283573,0.029669726342594103
es_0946980,0,0,0.4697755622186613,0.22398497034461828,0.13597690515216523,0.07049687583196428,0.09976568645258754
es_0435824,2,1,0.18537635736324223,0.2810949781572702,0.24294087970231046,0.16809956421185115,0.12248822056532771
es_0986672,2,1,0.12036508343568939,0.47849568042266,0.19527098198519047,0.13717608319554983,0.06869217096091317
es_0529879,2,3,0.07669574912562747,0.23477052258411896,0.19286788981329855,0.2859955244617039,0.20967031401525224
es_0276990,3,4,0.015668917521349655,0.02534195038859027,0.09882026781298126,0.2834479053262123,0.5767209589508661
es_0832494,1,2,0.07439516273888969,0.2865230220941396,0.2987940064317321,0.23062428630555704,0.10966352242968086
es_0489200,1,0,0.43923296199273276,0.19204100121377626,0.18721725487600693,0.12661361225698123,0.054895169660505484
es_0278840,4,3,0.0658030234118687,0.264919675065626,0.22958792018609375,0.29197014413846506,0.14771923719794314
es_0323341,4,3,0.08470855556721978,0.10235399966225185,0.16599392785287134,0.40069403047079233,0.24624948644686692
es_0173776,1,1,0.2877264192234605,0.3103661367154491,0.1512632875714127,0.1297895452038278,0.12085461128585241
es_0682965,2,1,0.12481744244847155,0.3969696947327018,0.2680753048044121,0.11898793253785257,0.09114962547656454
es_0475425,3,3,0.12848653013698405,0.2725907541006262,0.22770521100921462,0.2750312638459966,0.09618624090717923
es_0299458,3,4,0.07643241678685656,0.058762188827983494,0.07925602516905896,0.20226710548358023,0.5832822637325225
es_0037748,4,4,0.052745431970075696,0.09785247862098552,0.16943588755014033,0.3273290066668996,0.35263719519189846
es_0075991,3,2,0.05233371928744411,0.2457468975449202,0.3003842683118163,0.2721181862908451,0.12941692856497375
es_0845675,0,1,0.18935787037028132,0.35821156783007896,0.25803100794091155,0.11835144883430697,0.07604810502442101
es_0351691,4,1,0.21837320023658993,0.2377115521579693,0.15505408256087005,0.22251279787278905,0.16634836717178436
es_0651313,0,0,0.6602595974977821,0.11069395980281586,0.09773987880554387,0.07409741927661782,0.05720914461724207
es_0600551,1,0,0.3200237730282552,0.2765201811562575,0.20062201169935362,0.12378767351731063,0.0790463605988272
es_0609960,4,4,0.1634328185393907,0.17321401862399205,0.18557423984317145,0.17568594121564363,0.30209298177780247
es_0479148,2,2,0.1266273203440513,0.23092907307339583,0.3113561935272573,0.22610964342915263,0.10497776962614402
es_0825252,3,1,0.15907487681645976,0.30609730094123994,0.2387990913124004,0.18105562801934716,0.1149731029105497
es_0272687,4,4,0.056549528026140064,0.0789044279724464,0.11427774902989629,0.2269987086805033,0.5232695862910131
es_0073579,3,3,0.10877962766107062,0.1335046216982245,0.07259719511318337,0.36075623296269826,0.3243623225648244
es_0490186,0,2,0.15649698351288097,0.23527233297279415,0.2884648451267123,0.2185209476209394,0.10124489076667181
es_0852593,0,0,0.7884906309718267,0.12417387488210313,0.049015315889396636,0.019624437763977227,0.018695740492701556
es_0431163,4,4,0.1227782633452229,0.10360351528157338,0.09345960586468999,0.26735412038310197,0.4128044951254123
es_0749303,3,4,0.027253785838485874,0.05506513041773451,0.1520707144170519,0.34601750741650206,0.41959286191022294
es_0802320,4,4,0.06419217182358436,0.0764215651817794,0.03783371967593786,0.15953566740021152,0.6620168759184887
es_0528338,3,3,0.04446534355813089,0.14912627609559728,0.3083683125193798,0.38856384443839137,0.10947622338850152
es_0508357,0,1,0.3033795447131646,0.4302921769972406,0.12592958030311235,0.08905930488449275,0.051339393101987124
es_0826152,2,2,0.2278725477790089,0.2922728822865864,0.3027821145928842,0.09705243089597784,0.08002002444554208
es_0478096,0,0,0.6035492522981708,0.2311932950315753,0.10975526400405629,0.0270371633242772,0.028465025341918124
es_0162537,1,1,0.1386437360270276,0.341434204327862,0.31004061418923384,0.16980911056212525,0.040072334893755585
es_0750636,3,2,0.13726204052106067,0.22548447132278152,0.23137454302032492,0.19234555279457646,0.21353339234125732
es_0464709,1,0,0.3493473556480711,0.29094193837184223,0.20750455922937136,0.07118623781832858,0.08101990893238463
es_0635348,2,3,0.03781454577287167,0.13101584633218286,0.20648052844953654,0.37189272760292597,0.25279635184248056
es_0312449,3,4,0.034171234190737795,0.0878390586339691,0.08990475757768679,0.3255544895539095,0.46253046004369625
es_0195440,3,3,0.026603945065107566,0.09413370776750096,0.20558236695693588,0.48715662895609835,0.186523351254356
es_0836973,4,3,0.039200281145475246,0.1877410170473389,0.2026167283680633,0.30807384133441973,0.26236813210469967
es_0465237,1,1,0.27307338780875184,0.35334098165657896,0.1874276714522107,0.12204241148174418,0.0641155476007142
es_0250735,3,3,0.008557101835685824,0.030801657489320403,0.18730274434248997,0.40541738409022027,0.3679211122422821
es_0666662,2,1,0.16847695504812407,0.3272713651901818,0.2911667096556355,0.14004428584914497,0.07304068425691154
es_0204145,4,3,0.12343363309592642,0.15404293203225317,0.1754992062440123,0.28333036385469634,0.2636938647731133
es_0131834,1,1,0.1457379733489856,0.32979401812672066,0.26060484448219107,0.20043607457475732,0.06342708946734361
es_0432239,1,2,0.13170367957881446,0.31610252897267,0.3919057179811387,0.10861350728045695,0.051674566186920595
es_0656187,3,3,0.009582343021624034,0.02215771420575679,0.19843770690612111,0.6007787897993833,0.16904344606711583
es_0321983,2,1,0.10128723531534362,0.3425615666247447,0.3349451242513897,0.1538367517301457,0.06736932207837801
es_0171170,2,4,0.028714098879120686,0.048332621194607656,0.07557861372057195,0.18533591320497383,0.662038753000728
es_0408677,2,2,0.1341299682685354,0.1676060640040219,0.3734494142873632,0.2090918247998113,0.1157227286402707
es_0552485,1,0,0.38282375626190857,0.36357242965311265,0.17218289576595083,0.051133574959321346,0.03028734335970566
es_0895187,2,4,0.22027187273507792,0.19632928081568057,0.12758788864005943,0.16607612735354169,0.28973483045563725
es_0615755,3,3,0.03942766915302505,0.08697253745649576,0.17357319684392117,0.4185705862508778,0.281456010295682
es_0008300,0,1,0.1302160634268747,0.32830994797423574,0.32459272331877986,0.13691167416208044,0.07996959111802869
es_0517865,0,0,0.4710832476391219,0.32468363188339616,0.11503274715552629,0.05275649998156716,0.036443873340390884
es_0097280,2,1,0.25803690780095295,0.2785619969618046,0.19726960913874897,0.10050143209271445,0.16563005400577602
es_0332997,4,4,0.016311799356428944,0.055765319122489075,0.09173279234499307,0.28416108270315327,0.5520290064729373
es_0725851,0,2,0.06732802687482264,0.27196152233424914,0.28671971028295923,0.1920497415312466,0.18194099897672064
es_0630658,0,0,0.3845997480690642,0.24966109037813203,0.18216267476269146,0.09449391387435623,0.0890825729157566
es_0235312,4,3,0.021847211765295863,0.062160486204072225,0.13034465186807911,0.3989025119592352,0.3867451382033169
es_0020371,4,4,0.10915586618717751,0.09516037873944867,0.1273896661837304,0.2527902739171488,0.4155038149724938
es_0008619,1,1,0.15357990377060288,0.3366517583482386,0.25144888559261874,0.11975422639659788,0.1385652258919406
es_0038735,3,1,0.11437642685464526,0.4212682931415673,0.15606030652965955,0.23284163879211203,0.07545333468201751
es_0442078,4,4,0.018662030133350258,0.07421613560489872,0.09069129295558043,0.22783336311480662,0.5885971781913645
es_0888452,0,1,0.21313149749761726,0.37068723087555966,0.2061401295185538,0.12186379398025338,0.08817734812801259
es_0211578,3,4,0.05361724231916646,0.09021334627894399,0.11295578341011697,0.35117953031420907,0.39203409767756314
es_0822706,1,1,0.33305087456151616,0.36279228205359904,0.1530098223136484,0.08580183664511144,0.06534518442611936
es_0857538,0,1,0.19492998180051374,0.2697653426433254,0.269240517687052,0.14774491753836236,0.1183192403307448
es_0128768,2,2,0.1286017555618402,0.2953256452309402,0.31627509699025924,0.1686097376299494,0.09118776458701215
es_0289576,4,3,0.008334370850868928,0.027555128869201514,0.1228822255889324,0.4970856622711655,0.3441426124198319
es_0292941,0,1,0.22445586084999297,0.3426256256647422,0.1632295846777224,0.13443245847515042,0.13525647033239518
es_0551323,4,2,0.25323264795801276,0.19107277653578258,0.2758431472617985,0.19603780707704502,0.08381362116736142
es_0482616,4,0,0.34833580152925586,0.14368317649635126,0.10964170748551688,0.21568958463630822,0.1826497298525646
es_0090956,3,3,0.08481225863878995,0.12543946980928394,0.19576985364271285,0.3766123603188464,0.21736605759037209
es_0773266,1,2,0.14300654843363622,0.244347733769389,0.2966521214885258,0.16583680042539717,0.1501567958830551
es_0254760,3,3,0.1273755426250077,0.22159185647867408,0.21170203334921547,0.30566739954857136,0.1336631679985284
es_0053602,2,1,0.20631443262564297,0.34272419274552657,0.2659998975189197,0.11534479804000769,0.06961667906990586
es_0970930,1,0,0.30162941096208723,0.2830802988479007,0.297682718648528,0.06637726058323429,0.05123031095824967
es_0576947,3,2,0.053516697117125034,0.12224740360409046,0.2838987757015416,0.2705518696113732,0.26978525396587205
es_0231095,2,2,0.0644654412437903,0.20604511886774926,0.3289904156635339,0.2837565521030932,0.1167424721218365
es_0082212,3,4,0.05888255337472195,0.051179306897224476,0.13040412008228006,0.23372578812464506,0.5258082315211262
es_0021765,4,4,0.13799664406948642,0.17423342352556756,0.21303823577674946,0.2159734314700225,0.2587582651581748
es_0570211,1,0,0.4180598057231481,0.2098947898149426,0.16439761830494182,0.11313841559758778,0.09450937055937778
es_0073650,3,3,0.01034993909595305,0.021787092242555227,0.09881880174023808,0.5738746427208837,0.2951695242003719
es_0415450,4,4,0.11220208334633411,0.09849090616228459,0.14100820655984345,0.14447454932176507,0.5038242546097734
es_0287932,1,0,0.3428694222067314,0.21769145871393633,0.16591909645498956,0.14224029926418408,0.13127972336015736
es_0995199,1,2,0.07780152217697608,0.21587957668780694,0.3378950590569803,0.2172194274345286,0.15120441464370984
es_0461833,3,3,0.037534033799574755,0.13211540675899652,0.23672100706505692,0.33897922222914717,0.2546503301472239
es_0063355,2,1,0.07253485202959362,0.28931662092464977,0.21996885601863492,0.2757534697357537,0.1424262012913679
es_0351133,0,0,0.6619814719809484,0.21977849006061087,0.0694852124418765,0.030767803583614136,0.0179870219329527
es_0272437,2,1,0.25595248566918627,0.40098573519522385,0.1914632488385753,0.08745164983584575,0.06414688046116719
es_0377750,0,0,0.642147380340187,0.20491424837126102,0.09409400759660805,0.03817001215971082,0.020674351532231725
es_0460966,3,4,0.03991292963809419,0.040644021858920826,0.09448734526302162,0.11513635166080237,0.709819351579162
es_0178697,2,3,0.07998508677127038,0.13274997684841308,0.17924855103556867,0.327550003427506,0.28046638191723827
es_0926926,1,1,0.17664119027722783,0.3327341815743419,0.27471651609796377,0.14315395805816963,0.07275415399230054
es_0692282,4,4,0.09037780188226448,0.07776747108669811,0.04883450649222826,0.1154974696762047,0.6675227508626052
es_0970561,2,3,0.08971156552549509,0.20703336555819093,0.2535727102150907,0.2568935359598424,0.19278882274138234
es_0116859,4,4,0.043598247126167916,0.09871462132919236,0.12520279186932584,0.2456784026466003,0.4868059370287159
es_0823952,1,2,0.0803442722027023,0.20055948567421653,0.29510134984649355,0.27826063382690025,0.14573425844968402
es_0577451,0,0,0.6708617267827742,0.19559101082899485,0.06716038334161355,0.035010983264052734,0.031375895782563515
es_0504585,4,4,0.07110532304411911,0.11945860981944613,0.16725990399720403,0.2836413588743444,0.3585348042648836
es_0987215,1,2,0.0594990621654566,0.24860698142509413,0.38956206624124934,0.21574977791374317,0.08658211225445503
es_0412547,3,2,0.10543829924484625,0.1618161412370947,0.47204222531426854,0.1922206764198595,0.06848265778392819
es_0833993,1,2,0.17590655302473832,0.2621541819610214,0.27215110727552255,0.17631701512888742,0.11347114260983349
es_0550838,1,2,0.14708285705529378,0.2533080135795901,0.28951642677013945,0.21079218142131725,0.09930052117365658
es_0450058,4,4,0.13926156212065843,0.187397682872161,0.16177636331527784,0.24864345461467732,0.2629209370772248
es_0359684,3,4,0.025541742382804267,0.019374860936845806,0.03671867656879486,0.2112285162132764,0.7071362038982753
es_0718566,3,3,0.08904224311326668,0.1835995197395855,0.20191704266036048,0.26685257628686715,0.2585886181999191
es_0030303,4,4,0.021453242787894688,0.061675764772118,0.17241945112327678,0.3302388956657835,0.41421264565092414
es_0871912,4,4,0.1146942008546577,0.14363638108871918,0.16319409587901956,0.23217472468163788,0.34630059749596304
es_0449854,0,0,0.5411366743039117,0.27524829138389095,0.12741586188158446,0.039428969240890524,0.01677020318972392
es_0613378,1,0,0.44298264940984683,0.30729301464728387,0.09517424724614432,0.08182682590707621,0.0727232627896472
es_0863593,3,3,0.026351704025677013,0.08058937552034871,0.1460210683902446,0.44852479419830593,0.29851305786542337
es_0764221,0,0,0.29970773739144746,0.23491336046051903,0.17338043875461584,0.16909097125656866,0.12290749213685036
es_0262641,3,3,0.062414991197226995,0.1549850152253666,0.20845398243736746,0.29204132620692097,0.2821046849331173
es_0084908,4,3,0.2118812027193041,0.20500619110195875,0.15127967170302306,0.23786142320603582,0.1939715112696728
es_0566130,0,1,0.13368398851963217,0.25937009754244633,0.253460710822185,0.23847944834023652,0.11500575477550065
es_0244997,1,1,0.24578383684992436,0.3877259796269837,0.18921796130910976,0.11650513731114163,0.060767084902837526
es_0532750,4,4,0.0805973175236353,0.12535694623503119,0.17964117030530904,0.27975986106369916,0.334644704872327
es_0042591,2,1,0.09464144753370723,0.37296755520090635,0.26940260246032627,0.19804502158099482,0.06494337322405933
es_0805580,4,3,0.0204340610062429,0.06376074891394343,0.19279380103011734,0.41236058366741607,0.3106508053822833
es_0297591,3,4,0.09258361478012618,0.09566084496947301,0.12030453792598349,0.20515555018622306,0.48629545213819614
es_0676480,3,2,0.07734542998407856,0.1863007224578759,0.31651034920888915,0.16936945291425098,0.2504740454349074
es_0223145,3,4,0.008453645590349536,0.023350195663263563,0.0826584578669095,0.24880055834577855,0.6367371425337015
es_0057020,0,1,0.2055704986928611,0.2559719639906688,0.2082996421084598,0.22023513045880744,0.10992276474920364
es_0582916,2,3,0.08666769079207358,0.14818680091338915,0.21445042380553903,0.32947414757315496,0.22122093691584277
es_0183987,1,0,0.31346852094261746,0.2780697945273183,0.21731574275242355,0.12322760684639866,0.06791833493124406
es_0263597,3,3,0.022717230628851934,0.06731338353493896,0.1866414299834281,0.41977939947640525,0.30354855637637407
es_0148864,0,0,0.8734773820608132,0.0869908906932831,0.021253813604600696,0.009914780152346727,0.008363133488955907
es_0760489,2,2,0.1389689334863893,0.29293277477811425,0.3409985602111082,0.1524877567056165,0.07461197481876727
es_0921047,0,0,0.4327912798932118,0.18328203876563298,0.15925026428123623,0.08309605487035762,0.1415803621895628
es_0972389,2,2,0.07286570467594206,0.24339211080025935,0.28752152696300076,0.22564413173003312,0.17057652583076421
es_0299383,0,1,0.21644598127276177,0.34319477800181597,0.17080171271457278,0.13740869306907333,0.13214883494177931
es_0712928,1,2,0.18661030203151568,0.16915675926319249,0.3064813108561924,0.2197300899133516,0.11802153793575067
es_0988659,4,3,0.10541952682081601,0.15153735521788225,0.10487630376365141,0.35957315763612496,0.27859365656152735
es_0015474,3,1,0.20751960645967235,0.2524481960539817,0.20219512284064745,0.15096618743975904,0.18687088720593928
es_0682095,2,2,0.049543187679194654,0.1273086864396694,0.5591285796949995,0.2076238906917993,0.05639565549433404
es_0453459,0,0,0.33140922256827493,0.26783495502094723,0.21234057698669187,0.08614290489478713,0.10227234052929839
es_0966494,3,3,0.07318425666442328,0.17660972076610976,0.22653032015436142,0.33311110003802624,0.19056460237708217
es_0127012,1,0,0.41100612360313526,0.22519220218646707,0.23785257314062971,0.07563726980151474,0.0503118312682503
es_0230269,1,2,0.14213784383153885,0.27278742316880544,0.2750869808579369,0.2004945589189402,0.10949319322277624
es_0030995,4,3,0.013302382437030746,0.0360447689667652,0.10992771053974848,0.47448465071381796,0.3662404873426392
es_0894288,4,3,0.036100073699209784,0.08618182931554785,0.11850283182538204,0.4632236888688401,0.2959915762910205
es_0118723,1,2,0.10394239766843938,0.2444816327885495,0.3472012827154273,0.1744503926061564,0.12992429422142832
es_0469799,2,1,0.22609842664747437,0.27277876596816575,0.16281059642445694,0.16684655694507036,0.17146565401482936
es_0367112,4,4,0.19420194729170032,0.14143393086731557,0.14286392353311786,0.1844738097199186,0.3370263885879465
es_0930419,1,1,0.22622774921586838,0.42443765195348715,0.1636853539120257,0.15361401882864958,0.0320352260899713
es_0204353,2,3,0.01777380212571227,0.08898694556422573,0.353101206403855,0.4069394709583387,0.13319857494786727
es_0071724,1,1,0.19876738230764832,0.38744658869314313,0.2214244787176058,0.10617656802850357,0.0861849822531006
es_0475763,2,3,0.12662247396359763,0.22023704896956162,0.18893356596181535,0.24117634319017653,0.22303056791485132
es_0952010,0,1,0.27085392952948323,0.3095747012812206,0.2496383505229457,0.08188268476339557,0.08805033390295643
es_0659661,0,2,0.1746923856788684,0.23673035740799267,0.3042297614402235,0.21922002893397655,0.0651274665389363
es_0299905,1,0,0.443509884252297,0.1559832164780796,0.1304491304778916,0.1412026809000731,0.12885508789165662
es_0662224,0,2,0.18936942538777038,0.29599624460565543,0.3536355279968995,0.09673212418362465,0.06426667782604682
es_0172255,3,3,0.04731175870307487,0.10978470438092613,0.11969504499586868,0.4923025371046121,0.23090595481551826
es_0184591,0,2,0.09167722714461853,0.2229154262534158,0.2678183181474822,0.22095245458251403,0.1966365738719684
es_0333187,0,0,0.26665437953744514,0.24150910821462304,0.20823416931417002,0.13828985132466448,0.1453124916090973
es_0451603,3,2,0.03503104338114241,0.15952772422118822,0.3529338140936136,0.26643664083756496,0.18607077746648815
es_0587958,3,2,0.035414523489140926,0.20468357044973445,0.3210312710774517,0.3032878181846994,0.13558281679897663
es_0749452,2,4,0.05709816836049117,0.10773998114236961,0.1486958433284979,0.33752128489661254,0.34894472227203194
es_0582397,4,4,0.08133688251793214,0.0858354695616605,0.10352978390831931,0.16953074753235717,0.5597671164797281
es_0329084,4,4,0.07082120844529279,0.1056415453814061,0.24836894137144389,0.2784957038093702,0.29667260099248655
es_0277199,0,0,0.6222143761757865,0.17211891359626172,0.09549078969365436,0.060807072892374955,0.049368847641924334
es_0040033,2,2,0.12188698332963353,0.2656789154658241,0.3812427065133214,0.14875198665632608,0.08243940803489128
es_0407089,2,1,0.18749926931651198,0.29322668920426254,0.2663293896462662,0.17621796798849812,0.07672668384446243
es_0511992,1,1,0.2180415127336509,0.2378530364448525,0.2148210567097293,0.23019162274886396,0.09909277136290419
es_0665144,2,1,0.14909567547265423,0.26557483156785794,0.23955388623995483,0.200878079127715,0.14489752759182076
es_0599061,4,4,0.01557187203961752,0.017202187197440384,0.044555549909745085,0.29879211793189536,0.6238782729213004
es_0512941,4,4,0.02867886130169587,0.1084547306562615,0.12210777460772149,0.33575536661802985,0.4050032668162891
es_0074366,0,1,0.2692836204412421,0.35924562015933265,0.18025068914898953,0.08989952061788047,0.10132054963255693
es_0016148,0,1,0.1926743887935614,0.400982577655348,0.21163215618913123,0.11414199519586289,0.080568882166091
es_0644551,0,0,0.518862623779824,0.23365640741666316,0.11028189211346538,0.09382336252376472,0.043375714166281984
es_0863141,1,2,0.1841655717232063,0.320239360836002,0.3425997149797897,0.09592567335453595,0.05706967910646256
es_0681899,0,0,0.5138027954003825,0.2892645803237554,0.0794586081169157,0.0541330047825934,0.06334101137635254
es_0834411,4,3,0.0664890195455914,0.07288981681644267,0.16486845701918426,0.40443023809536965,0.2913224685234152
es_0782797,0,1,0.30464417621490897,0.32643956643578265,0.21303172340746868,0.08134528941149084,0.07453924453034541
es_0542202,0,1,0.25758708550525233,0.3608995570528304,0.21488882276514168,0.11826728752744202,0.048357247149334925
es_0280206,2,3,0.02904068702116907,0.09796273011786528,0.24906137353819194,0.5209841423890021,0.10295106693377037
es_0802019,4,3,0.10164653253213198,0.22037580758331796,0.17036576359915562,0.2582259319295911,0.24938596435580634
es_0282952,0,0,0.5604066405121962,0.23441878611829714,0.08379440265590367,0.05433177206869816,0.06704839864490718
es_0439547,3,4,0.06238822443297315,0.13256717939373924,0.13008188369221502,0.3179427028880776,0.3570200095929948
es_0682919,0,1,0.2848829995281333,0.3473162883599808,0.16538401134398897,0.12727226075158346,0.07514444001631325
es_0063804,0,0,0.686953113883715,0.1519109397660042,0.06243901391660656,0.04862088171576372,0.05007605071791336
es_0847270,4,0,0.2571225991586655,0.1565483093276349,0.25359786581475663,0.19560117012687733,0.13713005557206603
es_0702094,1,1,0.09734863416642207,0.38428785301066504,0.30204852854098146,0.16049540226571976,0.05581958201621033
es_0729268,4,4,0.09509587091181945,0.16978178127626975,0.11509779661862472,0.26010277091528705,0.3599217802780001
es_0725040,1,1,0.14259882731679224,0.3373586002868201,0.3241094280316331,0.12320595710768747,0.0727271872570653
es_0089933,2,3,0.029621113034084472,0.12260966479860357,0.3319545386988977,0.34124279877089186,0.1745718846975235
es_0031258,1,1,0.2235557647950063,0.49725813836144905,0.16260770533971494,0.07915440421676796,0.037423987287065315
es_0014968,4,4,0.046397376284200355,0.07305211126309118,0.15255682471846232,0.2860236841316123,0.4419700036026337
es_0851547,2,2,0.05898433571407739,0.25072250036797383,0.3356984143566668,0.2682276346385658,0.08636711492272205
es_0159724,4,4,0.0034901827176090825,0.010414449583684385,0.023194674967595023,0.1642917747008737,0.7986089180302345
es_0913679,4,4,0.0555957343578923,0.04750052675145721,0.1194306480988463,0.2633402529661604,0.5141328378256407
es_0654367,3,4,0.042339558340779224,0.06174758018467396,0.13151705391252455,0.31939339465326894,0.4450024129087542
es_0593785,4,4,0.09761191575808854,0.1042943394869701,0.0959909234845351,0.3282024473234595,0.37390037394694864
es_0519815,1,4,0.04773701302513903,0.16578064113347568,0.2221764132442477,0.2012803886254936,0.3630255439716454
es_0418752,4,4,0.08581890007264667,0.17343271256464152,0.20582817812162224,0.23843545144156797,0.29648475779952066
es_0483984,3,3,0.04652498812829793,0.23580498301090327,0.18940556505365125,0.3046867499071542,0.2235777138999932
es_0040668,0,2,0.08278845932451898,0.26334861090435213,0.44993524622549574,0.1554101796311524,0.04851750391447783
es_0494099,1,1,0.19659785437344882,0.4043827891769055,0.21359624412537312,0.09958500122158881,0.08583811110268634
es_0851969,2,1,0.13159452429338495,0.3548563543253581,0.2345228324791514,0.16242947009317482,0.11659681880892536
es_0468371,1,2,0.08978189163444744,0.20058701629679496,0.300735836835834,0.2532619185864618,0.15563333664646506
es_0662514,3,4,0.09172714655057898,0.15983756995299903,0.1688650897618991,0.27252547528073945,0.3070447184537867
es_0668633,1,2,0.13996682552832476,0.24121559691555755,0.37317604429206,0.1682915663171037,0.07734996694695578
es_0876802,1,2,0.1040726134397442,0.26451326415244786,0.27971592977518844,0.2535018356772823,0.09819635695533627
es_0309279,3,2,0.08994829717637465,0.18226393905291952,0.2681926811440566,0.2503517440643961,0.20924333856225438
es_0728609,2,2,0.12899523108647384,0.2533888671040865,0.37090570918889204,0.19000585474635154,0.05670433787419296
es_0562366,2,2,0.23119073994772318,0.20280939628554245,0.32235488397731005,0.12347606452991397,0.12016891525951157
es_0445582,2,3,0.07883360713948519,0.262247963477995,0.24178596515026649,0.30386513893238415,0.11326732529987138
es_0536356,0,0,0.2719128799429489,0.17347161836204703,0.21979477732492536,0.1558997643891525,0.17892095998092825
es_0841914,2,1,0.31314271162725876,0.38944371252370324,0.17203189020649837,0.07350485145987747,0.05187683418266398
es_0442472,2,3,0.10044950683498656,0.17472701449236816,0.26290739859399215,0.2834404634594099,0.1784756166192425
es_0836931,2,2,0.07610547586588744,0.24644565492292303,0.24668179289653536,0.2025387857882268,0.22822829052642649
es_0910257,2,3,0.051605166278803974,0.2347417068179777,0.2837266819312046,0.30697656931759476,0.122949875654418
es_0116925,2,2,0.047562817317505265,0.3047293692804063,0.41914494598024477,0.15778149455435606,0.07078137286748122
es_0516528,1,4,0.03482710108566355,0.2107209372812431,0.18938606732922253,0.26551626491011826,0.29954962939375535
es_0204189,0,0,0.4120702358087009,0.21102655716528376,0.12894698331416987,0.1321343640354862,0.11582185967635984
es_0469410,0,0,0.8317723684571736,0.10006839289820782,0.03366801348442346,0.021206845729706228,0.01328437943049031
es_0542661,0,1,0.2410640242652405,0.24491287486422664,0.22497878802527443,0.1971788641530752,0.09186544869218279
es_0245855,3,1,0.169983954026846,0.31244825434086254,0.20897864426264728,0.18636256656677716,0.12222658080286897
es_0844145,2,2,0.05416442023184261,0.2758156200095388,0.3833448533435786,0.2173709471131369,0.06930415930190302
es_0734575,3,2,0.1884193189927158,0.1992779231594296,0.26788228803158276,0.1996131937833268,0.14480727603294855
es_0463376,0,0,0.8719822183979627,0.06685625357297313,0.037356305680486236,0.011758609758781022,0.01204661258979982
es_0766057,0,1,0.21491555757150896,0.32220523635807247,0.21021426252507724,0.1571070903516196,0.09555785319372385
es_0407649,4,4,0.02710259546764887,0.10831672785835361,0.0937727884984158,0.29726002265325696,0.47354786552232875
es_0538273,4,4,0.005640800715733418,0.01507342074564635,0.04901806460385693,0.23052328287113372,0.6997444310636287
es_0651716,3,4,0.05757820789895989,0.13010744707603364,0.2314878264215831,0.2677920206263077,0.31303449797711386
es_0336069,0,0,0.35375018222645443,0.3427917269425401,0.15924144057471457,0.08862989510680226,0.05558675514949375
es_0549368,0,0,0.40153386727924606,0.31300928082166657,0.20485038279818568,0.04989531756738439,0.030711151533518555
es_0891437,2,0,0.2607810374980545,0.19453537520109815,0.19288945141257952,0.16256968985252454,0.18922444603574282
es_0652461,4,3,0.01721104670223604,0.1264831380463122,0.3166965699539314,0.38951932947420076,0.15008991582331752
es_0564289,0,0,0.45405773645137587,0.32596473844757157,0.1395010882681522,0.046162839522179505,0.03431359731071944
es_0608243,0,0,0.3211528706270548,0.2814501372021643,0.268817769600777,0.07482084904911522,0.05375837352088808
es_0037097,2,3,0.10336741790814755,0.17392831689751942,0.2307896401069445,0.3287757531412417,0.16313887194614496
es_0052453,1,2,0.02644716237386276,0.08286228396826273,0.42618176487134246,0.35658516753834,0.1079236212481907
es_0178498,0,0,0.42141978749065423,0.2625627056554172,0.08961082095627854,0.09782426541861598,0.1285824204790361
es_0978354,3,2,0.20734343625719412,0.23897356913924767,0.2561791463193329,0.20101918010557157,0.09648466817864973
es_0943199,0,0,0.8853299223884155,0.0621021709338697,0.027952812432934338,0.014618678272262788,0.009996415972520241
es_0084539,0,0,0.6805321184723542,0.22265937118823212,0.05455029700669594,0.02164714154746025,0.02061107178526049
es_0761473,1,1,0.11477498033622649,0.242920136637888,0.2302922970145214,0.2008857321932436,0.21112685381812377
es_0284264,0,0,0.907700856685004,0.03637507287476937,0.025819250404208502,0.012333986288739258,0.017770833747275817
es_0717381,3,4,0.013486267715541862,0.06570082180820204,0.2185321835386933,0.34715594114354326,0.355124785794021
es_0700456,0,0,0.4658327259120633,0.28909844148886027,0.1061031238166728,0.08030472335272462,0.05866098542968064
es_0597369,3,0,0.2926092956293124,0.2299415215029149,0.18123211682544918,0.1981931827773773,0.09802388326494009
es_0533162,3,2,0.04291119465597023,0.12754296982562938,0.4496614147558698,0.2820868536170858,0.09779756714544251
es_0855839,2,0,0.4010282104818523,0.27326096524660465,0.15247115583157103,0.07249211496619185,0.10074755347378056
es_0252167,4,4,0.07713920158555772,0.11452302801011786,0.10927406027397557,0.20910275881322146,0.4899609513171277
es_0794613,2,2,0.09164002252279366,0.211513390383227,0.40062270360358376,0.22362693065217243,0.07259695283821962
es_0200507,4,4,0.02343114150517997,0.05461843589912051,0.05228664216221581,0.21598365224434396,0.6536801281891407
es_0166834,0,2,0.17996010606982035,0.2208806625391717,0.37448888247419654,0.10684090172590875,0.11782944719090306
es_0954220,1,1,0.19185244983051244,0.36468348093453057,0.23557818518838078,0.12757871831044912,0.08030716573612115
es_0139605,0,1,0.17914929314353453,0.34899898182323263,0.25630846252875017,0.17251030681992713,0.04303295568455702
es_0770612,0,1,0.2830679471710871,0.3867442225528837,0.17739503611768878,0.09794419797217067,0.054848596186173194
es_0164844,2,3,0.08974177670926643,0.1927214266531105,0.23071608859501777,0.3557031038139413,0.13111760422866267
es_0795548,2,2,0.15683194241890572,0.2805324313807128,0.33925505490645574,0.10645749802435457,0.11692307326957666
es_0552191,3,3,0.026341850638303032,0.1419788542699947,0.18710407579645263,0.4220542812169704,0.22252093807827825
es_0263156,4,4,0.1251153397252796,0.1754067571458334,0.17469323930972233,0.22617814259578706,0.29860652122337844
es_0211776,3,4,0.023213457868760504,0.04228259163702846,0.1536841155993601,0.3456355212462951,0.43518431364855553
es_0394358,3,2,0.034111981049559065,0.1694776764266832,0.3657967311303927,0.35173119084757404,0.07888242054579195
es_0247933,0,0,0.40988565644910274,0.2532052548661455,0.18445018296458487,0.07260861533327241,0.07985029038689441
es_0898029,3,4,0.09430937944547688,0.1579514438229148,0.15322150766788126,0.22203872859303322,0.37247894047069324
es_0464472,2,1,0.17573486209315367,0.28689584722681577,0.25854234608109633,0.2161297191205027,0.06269722547843809
es_0095998,4,4,0.08299729627459253,0.22743644760320966,0.17881734699089452,0.2248647220311597,0.2858841871001381
es_0760188,3,4,0.08760620801945548,0.14412157240390464,0.19557416828305446,0.26137030800877287,0.31132774328481333
es_0296863,1,1,0.1780612948386652,0.31265451684406836,0.25949948759578334,0.18403828984875634,0.06574641087272946
es_0882961,3,1,0.10819173750877316,0.31756556456187374,0.31326271004557876,0.1671576444090842,0.09382234347468921
es_0271113,2,2,0.08302081139218376,0.2707479288620897,0.2804162709919119,0.2363311429847999,0.1294838457690135
es_0284095,3,4,0.16129589328791952,0.21571583338967543,0.16509341211028963,0.21725959480782783,0.24063526640428193
es_0010196,1,2,0.06438505165127237,0.361899281174578,0.42825167067591663,0.08117692355867064,0.06428707293956677
es_0504978,1,0,0.2816088835229907,0.22537715562660077,0.1950286787392391,0.16560371333638227,0.13238156877478524
es_0282547,4,4,0.07046026900177486,0.07539018581974703,0.09681436900921504,0.2664241784949068,0.4909109976743569
es_0726761,1,1,0.14834024117660102,0.37718943485804146,0.1834213497871423,0.1859927611321336,0.10505621304608112
es_0777944,1,2,0.13529763451389681,0.149107443750415,0.300134812554979,0.25960819644125155,0.1558519127394562
es_0541820,2,2,0.0662037579742867,0.1776309308657809,0.3864426272290994,0.2342285520634251,0.13549413186740478
es_0428800,4,4,0.0051750549306094455,0.012920219498567078,0.03965312482647364,0.18452679725876783,0.7577248034855836
es_0770446,2,3,0.04953485117497302,0.14069388190251755,0.3197410889375847,0.36471292505715025,0.1253172529277743
es_0864431,1,0,0.4931626623561303,0.15798185018873523,0.12482844672789636,0.10984365963279863,0.11418338109444007
es_0379520,1,2,0.17456784925398083,0.28404998153355565,0.3350952395741696,0.09365857787994643,0.11262835175834816
es_0356295,3,4,0.06790690967559727,0.10344231231165972,0.17088637785931862,0.21353606308058995,0.4442283370728336
es_0728445,0,0,0.69314447179473,0.10905979095132066,0.08896525389919371,0.05759398620179013,0.051236497152966055
es_0142974,2,1,0.12870994791459386,0.3735083128493109,0.20441449161413275,0.21023283299532738,0.08313441462663577
es_0891869,4,2,0.08798143295627889,0.2364582860891482,0.30035033481027995,0.2739261891074655,0.1012837570368287
es_0653524,2,2,0.17185960969311284,0.26482833833089325,0.33392605791062524,0.17319084745262248,0.0561951466127447
es_0484181,4,3,0.0034724437894032767,0.017163563500710334,0.11829669894509456,0.4473938557147729,0.4136734380500201
es_0461554,2,1,0.3285853968253175,0.35290838435003163,0.16370391325888828,0.09411776816375853,0.06068453740200469
es_0310633,2,3,0.04650247357398604,0.16828128054817565,0.18099770777022228,0.3087189998090996,0.29549953829851894
es_0717974,0,0,0.7442286548529552,0.15201418250090865,0.05093803566347697,0.022254973372399425,0.030564153610257796
es_0939870,0,1,0.23488353250642277,0.2754823128546398,0.17975540181022567,0.156033669560422,0.15384508326829066
es_0877256,0,0,0.6122631452694862,0.1674745418060605,0.09395268977126799,0.05585330612571764,0.07045631702747049
es_0983290,1,3,0.1397976804962218,0.20516621218881473,0.16101259784766467,0.29324658448472063,0.20077692498257677
es_0627898,0,0,0.3036704361676156,0.27501165629762,0.17351673272790302,0.15437276848042433,0.09342840632643687
es_0379155,0,2,0.1414218444349437,0.24127574374198243,0.3205155059443553,0.1790027374737612,0.11778416840495763
es_0673352,2,0,0.5309484643783597,0.3199402193585117,0.08629122107143501,0.039080257713953646,0.02373983747774675
es_0677877,3,3,0.01766608410657126,0.02781699113551583,0.1818200342692669,0.40791356167306153,0.3647833288155848
es_0226618,3,2,0.08293643651002146,0.23900423409658478,0.29624981289012486,0.28933676940525416,0.0924727470980151
es_0222031,3,4,0.03360005031249725,0.04137320564356601,0.08518141712211003,0.33044171468058675,0.5094036122412393
es_0140187,3,3,0.09064737950885185,0.21099091369859532,0.1502784396878719,0.2955993132412168,0.2524839538634638
es_0225513,0,0,0.4925570758708806,0.14310304649903635,0.1409708809961991,0.10138774627648468,0.12198125035740263
es_0746627,3,2,0.009566765611813598,0.05528914430160596,0.4584289165328891,0.4291075846910249,0.04760758886266999
es_0023062,0,0,0.4218873904690741,0.22173529222068566,0.15333212986489636,0.12346897751526488,0.07957620993007969
es_0659251,3,3,0.044669824835421895,0.07260621430884082,0.18382839825419245,0.40165743153893957,0.29723813106260477
es_0637329,2,2,0.13953243796692788,0.27650949784631224,0.3021115560759224,0.15505230413420648,0.12679420397663194
es_0280565,0,2,0.14588777515366522,0.27779767090243807,0.2830862581284237,0.17015745281248942,0.123070843002983
es_0571163,3,0,0.3988480926363303,0.18026629645146672,0.21474970716324174,0.11074504806752072,0.09539085568143796
es_0437101,0,2,0.12474711782964949,0.3454657872515608,0.36249997554697067,0.12433622214416176,0.042950897227657464
es_0971595,4,1,0.18399689951233594,0.256543401160983,0.20500167676425254,0.13138873633650175,0.22306928622592512
es_0087549,2,2,0.13463739211939504,0.18984367381210457,0.2514099770549772,0.22202488855857602,0.20208406845494697
es_0620506,4,3,0.07460356881383917,0.14143247545127388,0.24406084023438973,0.35990840979206434,0.17999470570843243
es_0666209,0,0,0.5227484640334725,0.2517703252054303,0.11858314213861822,0.06216385581986973,0.044734212802607816
es_0552117,1,1,0.24104850055476376,0.3636583704921505,0.19180441286482042,0.1293146766902431,0.07417403939802038
es_0685546,4,4,0.047362629745349785,0.07322826137548369,0.12047996902308579,0.27556106688843623,0.483368072967644
es_0306361,2,0,0.3377821985602885,0.2578447981479575,0.16180706235220485,0.11650664790112017,0.12605929303842767
es_0587066,3,2,0.07234284622996023,0.2249346482143963,0.3684784313045816,0.24708721477948056,0.08715685947158508
es_0726771,3,4,0.023464745604287518,0.09755114798672088,0.16485287770356138,0.2102229647082639,0.5039082639971653
es_0678159,1,1,0.17170142842015856,0.33237489551185384,0.3213325468098087,0.11401597748316948,0.06057515177500362
es_0398084,4,2,0.05430665890474936,0.10743270196705229,0.34834274810321364,0.29146568867384776,0.19845220235113634
es_0689380,4,4,0.04513875933852867,0.11658116232168525,0.2173729567399418,0.3055801020065213,0.3153270195933229
es_0589866,4,3,0.09789849392882641,0.11282806472260218,0.309793912997444,0.34108832322447746,0.13839120512664926
es_0973457,1,1,0.11501454057038142,0.4029718643838944,0.30963378078164355,0.11225105962740692,0.060128754636675864
es_0591891,1,1,0.192216839157657,0.39513210616751665,0.23249961363781513,0.1122655295671902,0.0678859114698171
es_0836431,2,3,0.02469273555339986,0.07982384590980797,0.266764748698221,0.4169354298301803,0.2117832400083877
es_0094616,0,0,0.7950732093412347,0.09839773974465471,0.03715170181552088,0.023072259962583223,0.04630508913600501
es_0361198,4,4,0.069070612465132,0.0806757056595709,0.09880919607101418,0.22968568447734616,0.5217588013269351
es_0040914,3,2,0.0821426633847384,0.19778071627250404,0.30058856103488885,0.29823090717268086,0.12125715213519009
es_0725194,3,4,0.07369322428920541,0.0929683789072077,0.28256383000473156,0.24562509772642546,0.30514946907243096
es_0652840,2,3,0.07810916882709223,0.24194482024319508,0.281566988546502,0.2922065969079402,0.10617242547526765
es_0069650,2,2,0.02766947110466522,0.122459979935059,0.4429291860457232,0.28533398943195476,0.12160737348259504
es_0557928,3,2,0.1376730087076049,0.22564251890014667,0.24061156959491853,0.2062298665251656,0.18984303627216326
es_0457693,3,3,0.20680832810492722,0.20511329301141273,0.1865688976792503,0.2343799370677422,0.16712954413666878
es_0069596,1,1,0.36398687136557684,0.45437235337142634,0.11408946109133948,0.036571738346383595,0.030979575825271718
es_0292940,4,3,0.013434365397049843,0.09986954572496391,0.24097969016027404,0.39029221720154855,0.25542418151616264
es_0065094,4,4,0.06754159130692525,0.08607236530702032,0.17293233120421347,0.1721872663532759,0.5012664458285714
es_0665809,2,2,0.0550425827781703,0.2115562242073532,0.3130151336438549,0.27432351802048327,0.14606254135013985
es_0805061,3,4,0.060138794832773707,0.07726903069556622,0.10968255601693123,0.1986115229166225,0.5542980955381072
es_0526677,2,0,0.5097127556937735,0.21642264012605125,0.14642696437442507,0.07191472233813591,0.055522917467614855
es_0542450,3,4,0.023874196840040395,0.06483285901070752,0.15355823593271223,0.3534131365610455,0.4043215716554927
es_0255691,3,2,0.12661714004700636,0.20056264470588095,0.31934561391227473,0.19008262687709826,0.16339197445774103
es_0907329,4,4,0.19233171331142604,0.19547303823700915,0.16728065052639454,0.15691588242824808,0.28799871549691813
es_0807089,4,3,0.03124666920658087,0.16629172792813363,0.3140753887605402,0.3140996760512647,0.17428653805348382
es_0479319,4,3,0.08508999115434096,0.15458312619712516,0.2982848869738266,0.30057175706373346,0.16147023861097712
es_0812270,3,2,0.08109919567882921,0.15882550502662027,0.4043579605275056,0.23570081980170882,0.1200165189653365
es_0225971,1,1,0.12532510240277586,0.29346541990612895,0.2260711526984803,0.2732659650158558,0.08187235997676148
es_0881477,1,1,0.22188356295588837,0.4113382188302353,0.18235124733489472,0.09319865622056764,0.09122831465841717
es_0656080,0,0,0.3632537115499262,0.3380747370496244,0.1537413826284029,0.0692196241912215,0.07571054458082371
es_0252177,3,4,0.06383344051309488,0.17016186911976972,0.13504916357567145,0.27780235766520966,0.35315316912625366
es_0049584,1,0,0.31032690586798484,0.25018331448350384,0.22303793039672562,0.12137276781775724,0.09507908143402424
es_0672295,3,2,0.06813820759882017,0.24328059769264654,0.35564043049110766,0.257521018164257,0.07541974605316888
es_0034214,1,2,0.09042506998517198,0.1625672940214093,0.30530094881033026,0.26090628741378113,0.18080039976930606
es_0984523,2,3,0.06984387165158444,0.1592612099029634,0.28229123749831453,0.3162953531158448,0.17230832783129282
es_0210039,1,0,0.5003372710896251,0.33699555681010246,0.11737874828583832,0.028573492520604333,0.01671493129383126
es_0053360,3,2,0.20364229522969832,0.2058581402669024,0.2661701387783288,0.12285410349482055,0.2014753222302487
es_0385862,4,3,0.09453768642105886,0.11606403382849807,0.147043445907552,0.3323333893715708,0.3100214444713138
es_0878643,2,1,0.16299660244745898,0.3811593984982371,0.2252234372187846,0.14474500283263675,0.0858755590028792
es_0135947,1,1,0.15449839245065514,0.34371657983226717,0.31316457797704844,0.09730223580786687,0.09131821393216774
es_0853891,4,0,0.37351338091862685,0.15215622898901127,0.22021891009321243,0.12440915483213064,0.12970232516701596
es_0625749,4,1,0.16329975182448353,0.3322259598382396,0.19317022110476395,0.21519085444632108,0.09611321278618827
es_0171151,2,1,0.21105857298825462,0.236222269680036,0.2225085735572486,0.20850969800425087,0.12170088577020843
es_0020615,2,3,0.07006608869648157,0.09506002598464312,0.2460288225087886,0.36270513775514496,0.22613992505493993
es_0224003,2,4,0.06976502468751535,0.0709438350916364,0.1343210395753585,0.24047590649262546,0.4844941941528618
es_0773793,0,0,0.414152228914816,0.308163119375099,0.1620379521802226,0.08205552959402534,0.03359116993583627
es_0887965,1,1,0.12984582739048706,0.3648108874388109,0.2226511603211716,0.16760173308441678,0.11509039176511536
es_0251092,1,0,0.3280068114846736,0.2205456068300741,0.20824252427816936,0.15288567369378528,0.09031938371329976
es_0772531,2,3,0.10072027637578605,0.23111283713572905,0.24670631767008297,0.27640418621492197,0.1450563826034784
es_0416912,2,0,0.2610419989055484,0.24078880036988098,0.2371042427692426,0.1515842596618065,0.10948069829352376
es_0641653,1,1,0.20454322134784156,0.35921696992945745,0.19363442753890223,0.106175129640069,0.13643025154372668
es_0862696,3,2,0.12907750332738913,0.27130315070941574,0.30843421975633395,0.15596410383313294,0.13522102237372813
es_0668220,0,0,0.35099799472311516,0.3429407032997696,0.17562902311448475,0.07911945236162117,0.051312826501007665
es_0205952,4,3,0.0465260091330173,0.1762943388906566,0.27241968809449363,0.3402675219916998,0.16449244189013082
es_0470959,0,0,0.6373478199756808,0.21917975269523626,0.07105597713708786,0.041775961658547446,0.030640488533444366
es_0477448,0,1,0.18058673334714623,0.29672985203215624,0.21939819731268134,0.13462140404741668,0.16866381326060167
es_0539732,2,3,0.09449056712722759,0.17378441042864745,0.27422664742113717,0.3026134242757955,0.15488495074719127
es_0991313,1,0,0.5383208327992921,0.2692165104818214,0.10029513138781365,0.054759051798305786,0.037408473532767536
es_0267908,3,1,0.20332624454941647,0.3060243499885899,0.2764084148738095,0.1252504843610711,0.08899050622711062
es_0223766,4,4,0.18012497537556887,0.1651661869541697,0.17845620943542567,0.19984500091002194,0.2764076273248106
es_0518903,4,4,0.010789353252625245,0.033752893585773866,0.060144148875836904,0.24107880908328522,0.6542347952024816
es_0900017,2,2,0.042638142774881385,0.1357518923012002,0.37604390916133096,0.28939986299839526,0.15616619276419186
es_0195628,2,2,0.15688694206716008,0.25151496181149235,0.2853388674580466,0.17877804225659977,0.12748118640670256
es_0515811,2,2,0.11022620313167523,0.24942144029109128,0.3382283649704359,0.19652224651268269,0.10560174509411592
es_0379661,0,1,0.382726124133311,0.43372217907668903,0.10875139408343679,0.045946024485772785,0.028854278220791757
es_0436162,4,4,0.025839714243259638,0.030073662433967665,0.04755586795183532,0.12972520767250617,0.7668055476984343
es_0513514,0,3,0.2016378797456402,0.20480523878807416,0.18649395927503423,0.2192788342217013,0.18778408796955176
es_0676307,4,2,0.05372429965675615,0.13893683484908137,0.3831923334128191,0.3668629173408053,0.05728361474054018
es_0459641,3,4,0.04493529840790849,0.06768111045807121,0.1778553972023247,0.34193675179114696,0.3675914421405504
es_0868425,1,1,0.13954409544562232,0.3939936619450661,0.1893138968612482,0.13910680218856508,0.13804154355949966
es_0628406,0,0,0.4314982779490548,0.24675655791445758,0.20071438455598548,0.06539875632614557,0.0556320232543541
es_0180032,0,0,0.5630132349204228,0.1735503903123846,0.11007582614371077,0.08869123178767001,0.06466931683581052
es_0520964,3,3,0.007136774659919161,0.03974263435790723,0.16809556614995189,0.4836941160168669,0.30133090881535374
es_0891412,3,4,0.02308489136287996,0.024507193585393282,0.07933766344085043,0.3998497438955594,0.4732205077153175
es_0312999,3,2,0.0321216196838729,0.06438800677120761,0.3929868994069921,0.3471661968056071,0.16333727733232176
es_0489129,2,4,0.16488923793035162,0.13428232196228707,0.12103049186825135,0.2100410610599056,0.3697568871792053
es_0165754,1,2,0.058971986229667296,0.23201318364755139,0.3390109943823033,0.22999504781947464,0.14000878792100474
es_0705373,4,3,0.0732114969028067,0.25929038379074854,0.17121675022893207,0.3167259059389911,0.17955546313852105
es_0733386,0,0,0.308941700973023,0.26602117494303334,0.21469829772038704,0.12037823798841414,0.08996058837514444
es_0321819,1,1,0.16866842658531156,0.23814847020333318,0.22840779869597577,0.21412916448146327,0.15064614003391633
es_0690099,0,0,0.42340819848529404,0.1833952149623298,0.16141985394211955,0.11216233059466418,0.11961440201559187
es_0752083,3,3,0.012729900017142868,0.025922044523295405,0.15696670331591628,0.43502005636101343,0.3693612957826304
es_0182813,3,2,0.14625434383961275,0.20332994904692234,0.2626609341660406,0.2352148253174051,0.1525399476300222
es_0398617,0,0,0.39046030643560997,0.31708137688486265,0.14243713003341968,0.09172339945218919,0.05829778719391606
es_0167781,0,2,0.09836095071479836,0.29308456512932285,0.33902410283304213,0.14393590886165938,0.12559447246117506
es_0101736,2,2,0.037114126002493655,0.15469102735414714,0.3682205665157325,0.25881857895134175,0.18115570117628263
es_0682411,1,2,0.06164031471050947,0.19752467282953975,0.4837157531056692,0.16155393295187012,0.09556532640240904
es_0006073,3,3,0.08012880341983476,0.12092432658660732,0.1861687187249902,0.46026032184753074,0.15251782942103553
es_0095948,1,0,0.3840174736186946,0.17578178649693954,0.3135179744352564,0.08384081298183903,0.042841952467272515
es_0100301,0,1,0.1293898904221112,0.31681239052106913,0.2692264782143153,0.16403593499055977,0.12053530585194581
es_0539669,2,2,0.10163117655674277,0.16935662093623466,0.39703843410163264,0.20085554811305964,0.13111822029232972
es_0443060,3,3,0.05989044614579661,0.1043453885983298,0.23614793724996602,0.33133806109585406,0.26827816691005835
es_0221892,3,3,0.02789053649457675,0.104499194913686,0.2904346868489076,0.33676877609499173,0.24040680564783587
es_0898303,4,4,0.014415297429129639,0.029711974291131572,0.06560988453990847,0.1963903856823647,0.6938724580574626
es_0768447,4,4,0.12201160866679757,0.1674722283248675,0.1748221197004926,0.2517333247470139,0.28396071856082766
es_0038836,1,1,0.2226691875000016,0.35459680212685246,0.2077376289773366,0.13029268872829627,0.0847036926675077
es_0277824,3,3,0.018236170633213016,0.046407106484148516,0.30119990684710346,0.37655861653299183,0.2575981995025456
es_0936482,2,2,0.14027118261559654,0.3589575206753295,0.372154441764707,0.09772098687932544,0.030895868065041923
es_0729194,2,1,0.1223145821458904,0.40541476979878865,0.20736193611850684,0.11968522842603864,0.1452234835107802
es_0702913,2,1,0.06078826732728365,0.3383157001452505,0.2517053349272671,0.2793449359142785,0.06984576168591496
es_0456974,3,4,0.0050427702453627364,0.023244257942000388,0.05266407902518107,0.30725987867483384,0.6117890141126228
es_0402990,3,4,0.0729441087596398,0.18785340600047873,0.2564181112659659,0.17334426817895635,0.3094401057949629
es_0039491,3,2,0.07293494883814627,0.14662564971457087,0.37742282588451126,0.35373211397846477,0.049284461584307264
es_0692604,1,1,0.1249330611698794,0.3223173339303344,0.16228939784605845,0.25372673087804315,0.13673347617568674
es_0535822,4,4,0.2104580355005546,0.1660349005659458,0.20037718719261668,0.18376317586458865,0.23936670087629655
es_0120955,3,4,0.018611845392870596,0.09075661461942369,0.23517541675074569,0.3111836956589667,0.3442724275779966
es_0055185,4,4,0.024717189632265754,0.08537481269974544,0.16939254442082324,0.23807074350142554,0.4824447097457367
es_0215390,2,2,0.04847805235501267,0.11574725808637584,0.47420213259409905,0.3014131247776324,0.06015943218687933
es_0951073,0,0,0.7673178022886653,0.0626837229767106,0.06205304794669625,0.05028195422725116,0.057663472560676866
es_0853805,0,0,0.8308869243903065,0.09026248807172946,0.04252844458878567,0.023094525966795423,0.013227616982381991
es_0602650,0,0,0.4001155148199074,0.2409121384658022,0.20075099573223718,0.09555098566265947,0.06267036531939614
es_0461671,0,0,0.3737450189492041,0.319125128248385,0.17103495499411853,0.08060824724072474,0.05548665056756437
es_0892106,3,3,0.16889905913032194,0.1953135606220389,0.2131442303199733,0.21938208095003572,0.2032610689776272
es_0101423,4,4,0.05175790490726327,0.07705683058152397,0.09054971227543303,0.15799025026926122,0.6226453019665157
es_0742127,2,2,0.037864688334238755,0.14119866715530238,0.37574640060864406,0.3198816583113784,0.1253085855904369
es_0627362,3,2,0.05883480308478276,0.13291851869659146,0.328858756982185,0.2353383651968092,0.24404955603963338
es_0957639,4,4,0.08905447532539464,0.12492909294181247,0.1725275178096045,0.1731190353608751,0.4403698785623147
es_0570178,0,0,0.55522508838436,0.18187585394675146,0.133770854836736,0.07811130365472381,0.05101689917743014
es_0947992,1,1,0.22617901851677377,0.2474997899120386,0.19839477066802744,0.16767425164287664,0.1602521692602863
es_0516169,3,3,0.04029161156848391,0.15849924506295446,0.23853568773513092,0.35407961064213994,0.20859384499129166
es_0835462,1,1,0.09059788079328372,0.3124285837186407,0.2565073863101435,0.1882105691843654,0.15225557999356817
es_0436330,4,4,0.04616441768335767,0.10239079372224003,0.14217163837210703,0.293768698232921,0.41550445198937414
es_0310222,0,0,0.49650923794706847,0.2743007153099301,0.10024836847320504,0.0884796701008836,0.04046200816891057
es_0184670,0,0,0.29251852643288906,0.28410878566808095,0.17679869901478723,0.11392131653854908,0.13265267234569317
es_0958794,2,1,0.1272318860683506,0.32467814142131046,0.25288584209086823,0.1545727527604412,0.14063137765902253
es_0205814,4,4,0.02884184117273408,0.05937383602959031,0.09961085430431761,0.2626029427230483,0.5495705257703107
es_0902382,4,3,0.05909133829004602,0.11307472383011952,0.17153814057824182,0.3769111810163501,0.27938461628524247
es_0884700,3,3,0.03419559429733994,0.0709812660186076,0.12371859492612948,0.4376795168547857,0.33342502790313844
es_0296268,0,1,0.23665337003919767,0.2821369995763945,0.24754580671730403,0.13505867541119934,0.0986051482559049
es_0559295,0,1,0.27573462162876206,0.34988293140602933,0.24412702362867772,0.07609316557447596,0.05416225776205308
es_0928331,3,4,0.08769497072628431,0.18015251990917405,0.14020877781873392,0.27783367872947534,0.3141100528163328
es_0341050,2,3,0.10092836142777148,0.22549642433564118,0.2283459596241092,0.3484299222508257,0.09679933236164928
es_0126612,4,3,0.056361175313438504,0.1499394095325295,0.14441006748890675,0.3340220701321833,0.3152672775329466
es_0770096,0,1,0.21994314112923594,0.35205310851074206,0.21653709010552724,0.12749491378623337,0.08397174646825822
es_0324314,4,4,0.06207293633615415,0.05303473204045502,0.06280481331179165,0.2298118005896252,0.5922757177219726
es_0782043,3,3,0.014211381144487339,0.02797521958531714,0.08415189815362309,0.47356142825159125,0.40010007286498
es_0014346,1,1,0.21472365385675443,0.34759329797415456,0.29504375408542904,0.07097350389453297,0.07166579018912853
es_0067702,2,2,0.10667898991121481,0.2770681529831347,0.35525612177002996,0.19219004972493386,0.06880668561069042
es_0198555,3,2,0.08323445075183601,0.15421789365306837,0.33876408400387314,0.1534944612356767,0.27028911035554803
es_0647231,3,3,0.027714168552756397,0.08683134672551894,0.16215191137215906,0.4022581833327471,0.32104439001681834
es_0948396,0,0,0.6820151776645335,0.13823013594166034,0.08278371875245635,0.044789101195988064,0.052181866445358244
es_0870239,0,0,0.3348899394558167,0.3031359079995381,0.12139720771715366,0.12633679888304572,0.11424014594444983
es_0711529,1,1,0.22989418278874973,0.30856294699493597,0.17951559944895826,0.1873906694823069,0.09463660128505078
es_0497282,4,3,0.05598415738190944,0.22676707146079603,0.10806473236832782,0.4154057636420343,0.19377827514693313
es_0081093,0,2,0.16392557580666933,0.3137870838771094,0.3213081707136439,0.11842738245504932,0.08255178714752473
es_0287390,1,0,0.763722489048873,0.11197090245491433,0.04652898761357537,0.036122548005862884,0.04165507287677397
es_0725497,3,4,0.023320194821965012,0.09523002519832693,0.12395366187246662,0.281164826733546,0.47633129137369284
es_0951996,4,1,0.17433359995532957,0.26131875859457554,0.1393425074164852,0.1794833930049051,0.2455217410287035
es_0270698,2,3,0.04835373793394279,0.23913276043856815,0.290545457360485,0.3145422655459994,0.10742577872100159
es_0222107,1,1,0.2930340847135784,0.36523802149952994,0.17459312792890955,0.09236660397720554,0.07476816188077545
es_0822541,3,4,0.08796561991849279,0.09071296454722212,0.0996445551168476,0.23634568597388972,0.4853311744435488
es_0478191,3,4,0.05045302927095944,0.1027037689510482,0.15795260040025483,0.2346103332559556,0.4542802681217787
es_0606593,2,2,0.062322111086649694,0.11731192996330436,0.44650027016394306,0.23841533549315844,0.1354503532929468
es_0066619,0,1,0.2726996356949344,0.35062415617583986,0.16801683204774026,0.1054344905454999,0.10322488553598204
es_0742035,3,4,0.03726090456660992,0.09782907199589011,0.16857157168049208,0.28856303547557255,0.4077754162814389
es_0699887,2,1,0.2450013320195257,0.30790165895966687,0.23097493027520827,0.13494513513713077,0.08117694360846614
es_0591987,1,1,0.1555722567819168,0.31571184013116255,0.22914107499919234,0.16209770724713402,0.13747712084059485
es_0837799,1,1,0.29121698154516446,0.3646708510592843,0.18106709993358086,0.06630725083966961,0.09673781662230224
es_0224738,3,3,0.06373257109331978,0.14038378559217835,0.21470269823131227,0.3714739096078112,0.20970703547538047
es_0893691,3,3,0.042191829958524524,0.07970150706883612,0.18972142595303254,0.4031635908898169,0.28522164612979156
es_0027301,1,0,0.28564193949589334,0.22740121331112803,0.21926095987534752,0.16206163394205003,0.10563425337558069
es_0662101,4,4,0.028377665764784697,0.05825746053321183,0.0842341278584655,0.1744646389336775,0.65466610690986
es_0554803,2,3,0.032205008754576825,0.13330987980384154,0.23535155928489648,0.4015102662227425,0.19762328593393977
es_0759129,4,4,0.028073543643147895,0.05654064540185393,0.09314810705406136,0.3134076396036914,0.5088300642972472
es_0834677,4,4,0.06343696397838659,0.1314916967597471,0.12674606003865216,0.2240522372013992,0.45427304202181235
es_0798390,1,1,0.24478868713785007,0.3998966471666852,0.16436267477020097,0.09780825555062579,0.09314373537464009
es_0057920,0,2,0.06819964563507108,0.25639397611982245,0.400267153066876,0.20755324531275512,0.06758597986547227
es_0223361,4,4,0.23966025903115162,0.12947863037214224,0.10260011492809173,0.12748372015920503,0.40077727550940967
es_0948735,2,2,0.18660445407174028,0.17493539044029244,0.2356753214205878,0.20355038873318626,0.19923444533419482
es_0455785,2,2,0.09081406524068464,0.25539355152872784,0.2767230104652611,0.20359624304081006,0.17347312972451318
es_0316236,4,4,0.045110063394401205,0.16040050463182187,0.13924660526867805,0.21085127875299223,0.4443915479521037
es_0010625,2,3,0.021277795220701463,0.06022253708223928,0.23160197574462282,0.37214862577492624,0.3147490661775107
es_0347841,1,0,0.3426403428975617,0.19431949767586848,0.21783346709786816,0.1513573873352994,0.09384930499340421
es_0232089,0,0,0.3955596462687842,0.11065462539892854,0.15562758567464705,0.15681517477795953,0.18134296787968057
es_0914200,0,0,0.5528047117374736,0.2616664513024441,0.09250666847243445,0.04278812745356869,0.05023404103408024
es_0118403,3,4,0.10419598538082332,0.08176822572165078,0.12765997591036532,0.3133406551783875,0.37303515780877194
es_0565729,3,3,0.03421643445936878,0.11297735751940853,0.2936348303699594,0.38384070720393665,0.1753306704473284
es_0983651,0,1,0.23501481054757303,0.30768248599697023,0.23276926605524562,0.14054022543495912,0.08399321196524902
es_0150689,0,2,0.15684307200123035,0.25263336636836176,0.3589704617581361,0.13653049676338308,0.09502260310888667
es_0809121,3,4,0.06880362222886577,0.16686754074158683,0.1875286438001352,0.22653834705607623,0.3502618461733338
es_0072738,3,2,0.09920876604022244,0.23082809248232866,0.35217553852830247,0.22647293143898856,0.09131467151015672
es_0638359,4,4,0.018628678859918046,0.06018218730043451,0.07568255965847387,0.25476672088642266,0.5907398532947506
es_0798114,3,2,0.05058702718486095,0.14495980928188423,0.3940253529803779,0.27221829199449693,0.13820951855837746
es_0840324,3,3,0.07137932293390542,0.19682854141222347,0.24268623082459637,0.30094804794131197,0.18815785688796502
es_0945276,1,2,0.061007772990163904,0.1304126277956088,0.3842286577726989,0.2964725023341311,0.12787843910739996
es_0859398,2,3,0.13922766632248057,0.2052505572235624,0.1979452875998176,0.27754194307363905,0.18003454578049785
es_0884279,4,4,0.09452124836087662,0.15513146917371246,0.19649894538086302,0.227484581759166,0.32636375532537926
es_0779182,3,4,0.08015678290617133,0.08713798649535735,0.09068428607728483,0.3034097449177538,0.43861119960343153
es_0482978,1,1,0.1778317614665555,0.36646074158867137,0.20039367751318293,0.18184452338044005,0.07346929605115217
es_0683472,2,1,0.09603202708807043,0.29534481480478303,0.21305128193200337,0.218687589080975,0.17688428709417006
es_0700064,4,4,0.02943381347827151,0.05935156901458597,0.0992151777095945,0.3097041742397236,0.5022952655578209
es_0069822,2,2,0.1129214212281524,0.24822967298764886,0.2635759884534255,0.20206998080025437,0.1732029365305185
es_0461575,3,4,0.09042648550571905,0.11434407995578709,0.11086055369946571,0.17189151881299358,0.5124773620260328
es_0198569,3,3,0.13537211639039204,0.20099628106340242,0.25149939735057225,0.30416247906089056,0.10796972613474146
es_0849101,0,2,0.22524168724622004,0.24275774509210837,0.2763351198268866,0.14461120201301714,0.11105424582176719
es_0446487,3,4,0.09564245975938168,0.18677981686494813,0.24676509432251942,0.19610385189989707,0.27470877715325204
es_0054818,3,1,0.22947461869638391,0.31336648565683456,0.2664437447316047,0.0975341243085437,0.0931810266066296
es_0509335,2,2,0.030662409998135246,0.27225332687465637,0.40011306274321445,0.24394590740641867,0.053025292977574245
es_0031538,3,4,0.01839328551112361,0.034807205290007824,0.0712750624212954,0.20387165771916382,0.6716527890584114
es_0428997,2,3,0.12591091705042193,0.1329107720021615,0.20602024586176845,0.37191469280360184,0.16324337228204414
es_0018099,2,3,0.23401090889331808,0.20284141177632167,0.18857652827653495,0.24655457548999662,0.12801657556382573
es_0170913,3,2,0.07453891573215775,0.2546893524828968,0.29222825964148774,0.2453649047220476,0.13317856742140688
es_0430845,2,2,0.14231010836885388,0.29518720216219807,0.3200827719819785,0.1818488845858991,0.0605710329010721
es_0278200,3,3,0.17200060177062584,0.14310008134095215,0.17410596206467693,0.29874158327075045,0.21205177155299193
es_0500517,0,3,0.10797010260983127,0.252748243760233,0.2309718475233258,0.25373449196279063,0.15457531414381764
es_0844985,3,4,0.054359062060253226,0.09999203814091681,0.16771980999644254,0.29712456245763436,0.3808045273447498
es_0570357,0,3,0.1826981371013807,0.1525283389795407,0.22194166046893443,0.25889090685500304,0.18394095659513995
es_0484324,4,1,0.1478309407045495,0.2645862597345153,0.2604646016557906,0.20646185769336534,0.1206563402117763
es_0291902,3,2,0.17897242632435967,0.18871699049120882,0.25174060632098727,0.19227952932341227,0.18829044754003263
es_0476270,2,3,0.043771722337134084,0.08609800075026931,0.2731414378876927,0.38499314879062374,0.21199569023427925
es_0521292,4,4,0.10383238857827438,0.1340951980702268,0.1145016527046725,0.24662952903219335,0.4009412316146323
es_0737144,4,1,0.2302400543204327,0.260949760609263,0.19046559655142214,0.16442977121593458,0.15391481730294784
es_0796335,3,3,0.07265387686725736,0.14909368427451064,0.22049780455951026,0.3240490458807371,0.23370558841798508
es_0925394,4,4,0.06442937373445362,0.16124636268287212,0.25241641553544836,0.22473421181139736,0.2971736362358267
es_0550226,4,3,0.06961944978047399,0.11683728618531702,0.22224876741611738,0.3585302079413894,0.2327642886767041
es_0946142,3,2,0.06603056063460602,0.10822447175215971,0.330797989405049,0.28736024490560613,0.20758673330257976
es_0321514,4,4,0.038011257254313806,0.12733298792997388,0.20311235238340916,0.23050216472306817,0.4010412377092354
es_0016441,1,0,0.5336447593543941,0.264219340987708,0.07394318175819882,0.0734632782428911,0.05472943965680939
es_0530078,3,4,0.007418528997558737,0.0612562864871132,0.15412306563119435,0.34417585936059436,0.43302625952353724
es_0557598,1,1,0.23582369677825116,0.2837846637735899,0.18606862248241662,0.12550212699543573,0.16882088997030714
es_0518437,2,2,0.10961659746093552,0.3022158271017472,0.43478615164270573,0.10796311288588223,0.04541831090872966
es_0602792,1,4,0.04395035497834818,0.14753474074568607,0.2226723726391927,0.28890501999095247,0.29693751164582166
es_0517538,0,0,0.417272348514495,0.3480079680473606,0.16714537199676055,0.04429988245684541,0.023274428984541184
es_0960703,2,1,0.34762708437443257,0.366606167689388,0.14541088064642552,0.07795938229229395,0.062396484997457646
es_0971868,3,3,0.060662862006040465,0.21868740618242505,0.2877726110419248,0.3008608005948513,0.1320163201747558
es_0340869,1,1,0.2350567387015371,0.28599785239868264,0.19452235154483974,0.15657434603606454,0.12784871131887438
es_0031330,4,3,0.0552035683194766,0.1804525777283208,0.23513091222967583,0.27040185016473717,0.25881109155779225
es_0120827,0,0,0.4314940723292866,0.23419996993789688,0.15858883764874152,0.11192383623264715,0.06379328385142466
es_0296849,2,2,0.083532743275509,0.26693573837495294,0.34862709484677373,0.23066208151335105,0.07024234198941505
es_0802923,3,3,0.06292551886502619,0.15304818337894008,0.293979705150374,0.39481737135372375,0.09522922125193391
es_0003115,2,1,0.10578298727845345,0.41636158773157383,0.19840785594545438,0.1905501231292943,0.08889744591522833
es_0559471,3,3,0.019761518085671347,0.09919516336853584,0.19349677503487797,0.38587396750981473,0.3016725760010976
es_0223794,4,3,0.12190851126603088,0.23030910959415998,0.2600458989784692,0.26762614858508216,0.12011033157626026
es_0520104,4,4,0.11490728293918094,0.14086170121739017,0.10817769228847768,0.24458644396218077,0.39146687959276777
es_0408964,3,3,0.0375539838154471,0.09451658164345367,0.16894769980195837,0.4119855574690141,0.28699617727012955
es_0968612,2,1,0.20256912865251203,0.2641205862700203,0.2274674973780926,0.16820868334942213,0.13763410434995196
es_0012628,4,4,0.03870890876158606,0.05059707785692734,0.09957217817443545,0.31804475669861376,0.49307707850843563
es_0912641,3,3,0.09606198229967632,0.1502542807558059,0.21532188667346136,0.36703378874626236,0.1713280615247946
es_0129528,0,0,0.37363495136876196,0.3197896207177367,0.15657325192711335,0.0722121272885731,0.07779004869781184
es_0684989,3,2,0.0559010282879065,0.1662935620126819,0.3508963997458372,0.25957525152112426,0.16733375843244785
es_0653197,1,0,0.4556433936956006,0.33804640350893134,0.10285440702783043,0.04761090883212431,0.0558448869355197
es_0353968,2,1,0.13952083432654347,0.33675062532325795,0.23449263769040493,0.1583410808370893,0.1308948218227069
es_0954358,2,0,0.3332183309761956,0.3002681915148434,0.20575353053033577,0.09037239849003702,0.07038754848858571
es_0352074,3,4,0.026663640904939733,0.06128943027333691,0.1696667395755754,0.3270900610705594,0.41529012817558847
es_0187541,3,3,0.049026572501269086,0.09753121675030312,0.2578143804609669,0.4352406629544153,0.16038716733304326
es_0575084,0,0,0.4126807006223027,0.19436904484201062,0.1370017750211149,0.11659430094317212,0.13935417857140017
es_0047716,0,1,0.2152595267948046,0.3054434393039644,0.191386430497936,0.1821753099802513,0.10573529342304674
es_0641734,3,3,0.11092229807806206,0.18128760894291596,0.21628472250832634,0.25367491642541573,0.2378304540452802
es_0365626,0,1,0.21603176218101944,0.2776447480912066,0.1602306944785684,0.1119030479284712,0.23418974732073206
es_0020189,3,3,0.01815507868920764,0.03749554733875238,0.11950638036390158,0.5212845111585898,0.303558482449549
es_0204554,2,1,0.2074036326328298,0.34798215637667496,0.1881380863337732,0.15247355996468967,0.10400256469203809
es_0360334,3,2,0.13977340764769172,0.27162292759979667,0.32300638214988314,0.141262651890529,0.1243346307121019
es_0745524,4,4,0.012026163390400265,0.018041853634218574,0.045310490107168075,0.320413423051875,0.6042080698163393
es_0446408,1,0,0.3101033189701347,0.21629124113610085,0.17662954690217075,0.16927741567344814,0.12769847731814896
es_0481551,2,0,0.34157880749322295,0.26231349893406397,0.12329509957269263,0.12493195534833385,0.1478806386516877
es_0822235,3,0,0.46091422003475585,0.3044618856933506,0.09344762293135578,0.06371220969802732,0.07746406164250709
es_0019360,2,2,0.06168711108648593,0.19682350405335003,0.31692881226113934,0.3139048953221153,0.110655677276909
es_0826530,2,3,0.03536710045089798,0.12189045393816285,0.3823900706692996,0.40223994332124524,0.05811243162039153
es_0784840,0,1,0.131098939546245,0.32383357291158893,0.30158126706347893,0.18639202116874315,0.05709419930994091
es_0428510,4,4,0.013726711077503242,0.05956711073422933,0.08422251345944066,0.2238710651190696,0.6186125996097551
es_0834297,3,4,0.014232469864859529,0.03483471696151172,0.0856922862849223,0.22011655244139974,0.6451239744473066
es_0377105,4,4,0.22252613659645068,0.19567792269804574,0.20412389754801094,0.12903040381373812,0.24864163934375788
es_0173632,0,0,0.46988487296699316,0.23818193585456884,0.11149252030673995,0.10652335722868336,0.07391731364301432
es_0791090,2,0,0.7846005849791039,0.10625961906983863,0.06061131447538781,0.028224672542778835,0.02030380893289195
es_0361345,0,0,0.7039022930432904,0.19821398736642723,0.0453604086110009,0.024172627515421274,0.028350683463857777
es_0548191,1,1,0.1714710422999323,0.386905823162128,0.2140784190043847,0.14270033536566942,0.08484438016788784
es_0911231,0,0,0.7546270708296553,0.09397842068865925,0.06267795765243607,0.051520684922377956,0.037195865906870684
es_0797692,1,1,0.22346948746660003,0.36222247684931264,0.14375973295887565,0.1498935518827458,0.12065475084245914
es_0695942,4,4,0.07721948136384443,0.10011079668608477,0.25539588810888614,0.2612082077341916,0.306065626106995
es_0278533,0,0,0.5653196589800703,0.2796491668211719,0.09130862041000418,0.033293575759803594,0.03042897802895152
es_0192382,3,2,0.023695292510764018,0.13187080156783754,0.45790249769409874,0.3102211349379885,0.07631027328931067
es_0704584,2,4,0.09386896933096545,0.20352738123141376,0.248141464148873,0.18443019962771073,0.2700319856610339
es_0001155,4,3,0.12271494912693824,0.14410132566362957,0.15975405845101429,0.30168137016192487,0.2717482965964932
es_0149069,1,1,0.19280339031683064,0.2826911815395569,0.20042501823065437,0.18030556075967846,0.1437748491532791
es_0760205,4,4,0.13476257994193738,0.13243102116742403,0.1048919060572988,0.29862766196525814,0.3292868308680847
es_0670902,0,0,0.6298744452644296,0.18143896645322094,0.08449607444289832,0.06694324244866907,0.03724727139077844
es_0117773,3,4,0.10359393184855921,0.08287617992462946,0.241075143581631,0.21448722441623919,0.35796752022894157
es_0967550,0,0,0.37299909975433604,0.2682873764592899,0.21712455046982262,0.09430051888198329,0.047288454434566356
es_0660025,3,3,0.07036773358473644,0.09153575432855023,0.2006842045176344,0.3213122244050242,0.31610008316405336
es_0420798,1,1,0.21993336927253182,0.30981870824528135,0.19764156667499677,0.17818609455884432,0.09442026124834244
es_0524659,0,0,0.4089369546730139,0.25461823428667446,0.1542303130664733,0.09597923686391803,0.08623526110992348
es_0392950,1,0,0.798092447995763,0.10766740691010655,0.04457825598518047,0.021277821689919856,0.028384067419025237
es_0022294,4,4,0.10455937455657925,0.15591084710565017,0.11655094883007255,0.2360396631655146,0.38693916634218173
es_0266130,1,1,0.12486204940061986,0.3222899710470577,0.2899346332347088,0.20676804209091842,0.05614530422669637
es_0218861,1,2,0.11454217503928082,0.3429184306518686,0.3634690688213952,0.12125203191405595,0.05781829357340156
es_0767811,3,4,0.03417734264923907,0.04193297534909524,0.12562371862603236,0.26892283596276756,0.5293431274128644
es_0329071,4,4,0.02162378532045673,0.04819150245928329,0.08268620765952728,0.22529600753719756,0.6222024970235361
es_0660371,3,3,0.0392878071565542,0.07824785078535994,0.14756046171935022,0.42335777595196883,0.3115461043867673
es_0059420,1,2,0.08965554944467315,0.24225492700326512,0.3271457589166452,0.25955975531420844,0.08138400932120839
es_0057233,3,3,0.03141848303541431,0.10529208904452651,0.2903577528161068,0.38450847821230855,0.18842319689164042
es_0880674,2,1,0.25268651370698175,0.2892106935102492,0.22430250368060425,0.14316123899015623,0.090639050112012
es_0688689,2,2,0.02035031318568506,0.059499194023050254,0.435847664292932,0.33006130212506163,0.1542415263732709
es_0991175,0,3,0.17760584990353667,0.18102982215091765,0.20680764051931494,0.28479404847599016,0.14976263895024133
es_0409134,1,2,0.19637415124499272,0.23046761259493306,0.2616767871358762,0.1971255573170436,0.11435589170715489
es_0470201,2,2,0.06794148304415329,0.16836514737930505,0.39898777501448257,0.28293312589644903,0.08177246866561177
es_0346500,1,3,0.0943281377242539,0.15504199526028578,0.20163254500138456,0.4179014812182969,0.1310958407957789
es_0170873,1,1,0.19469013430251658,0.5346513682795195,0.13027876823674645,0.07101132662764523,0.06936840255357218
es_0898959,1,2,0.046051118555312555,0.18423374563050002,0.41391330073413257,0.30620999414589856,0.04959184093415439
es_0095772,1,1,0.11717347920153075,0.3206344271114311,0.2802566366896202,0.16080610268359663,0.12112935431381955
es_0238822,3,3,0.05213532329416259,0.28844870547958595,0.191931114302638,0.37916846208662297,0.08831639483699191
es_0144279,2,1,0.1130701826169407,0.32055301177864554,0.3057076022025531,0.12084514776855473,0.13982405563330827
es_0686452,3,3,0.06331109250468044,0.17918833400203,0.17673804726033515,0.3085379235811551,0.2722246026517965
es_0029795,0,1,0.20132280714668926,0.3334182971200812,0.17397234250604354,0.15460484614589773,0.13668170708128694
es_0285498,4,3,0.11182644420009878,0.14916481860926112,0.14998197038158004,0.31502322614873746,0.2740035406603238
es_0191337,0,1,0.35706174756229686,0.3757447414454639,0.1522732261319631,0.06383980135920418,0.05108048350107198
es_0286494,2,1,0.28836194045256025,0.44137630175792675,0.19151641179971476,0.05689623823989694,0.021849107749902695
es_0147696,4,3,0.019798397435933573,0.08378000844675848,0.23845903800418405,0.42892829206208766,0.22903426405103622
es_0567851,4,3,0.03449762136702938,0.09836973809974994,0.12218222079013455,0.3793467073182926,0.3656037124247958
es_0441312,1,2,0.04168981538382352,0.1797187627795945,0.3616491536349682,0.30524509106230074,0.1116971771393119
es_0602950,4,4,0.10376831545052573,0.1225597995234268,0.1549686202300182,0.18526326889223838,0.4334399959037936
es_0671469,4,4,0.06254109480172647,0.12979964614074016,0.19155601173928719,0.2301216992015755,0.3859815481166691
es_0502615,0,1,0.26299271078651354,0.31010656073252535,0.1715349172474237,0.14969891997906035,0.10566689125447638
es_0946251,0,1,0.35721416315341414,0.367371212876055,0.14229514298423038,0.07668510789440924,0.056434373091894335
es_0325794,0,0,0.7931125299071774,0.09701781173325674,0.05044588963272313,0.037914069017098054,0.021509699709743767
es_0740527,1,1,0.06408670841070613,0.34236170340901617,0.22709712440089047,0.2707060081510722,0.09574845562832082
es_0639168,1,2,0.19182550198682788,0.2898423248002218,0.3668811878546197,0.10327351844860318,0.04817746690972863
es_0128745,0,1,0.22515839784200964,0.4719794253737181,0.12614219475009125,0.08835950722196169,0.08836047481221952
es_0567956,4,1,0.17825777096820278,0.2650608822723371,0.14444913003813087,0.2560820820358265,0.15615013468550337
es_0755215,3,4,0.03035088267214404,0.08042243415579016,0.09418821080815512,0.24407406548474664,0.5509644068791656
es_0781216,2,0,0.4309034841340819,0.32286396189072725,0.11794460016026671,0.05283126270575408,0.07545669110916982
es_0844968,3,2,0.07704699994232746,0.30212208102647015,0.3384133448787094,0.1759723658722379,0.10644520828024837
es_0278753,2,0,0.45918993001424646,0.240388586842146,0.17835014501608307,0.05979037754502175,0.06228096058250412
es_0292152,2,3,0.060713615382738215,0.08753598263108005,0.21354391422536723,0.33673332852014637,0.3014731592406712
es_0297513,1,2,0.15546272322347313,0.2240984386954516,0.29652235407564004,0.2319071694753788,0.09200931453005666
es_0987904,2,4,0.07049589996126458,0.1514962609328204,0.25561326045059013,0.25880432641103013,0.2635902522442935
es_0636736,3,2,0.0336949109893909,0.17796818979722206,0.4516159213667961,0.25951999549933247,0.07720098234726043
es_0051325,4,4,0.10389437987233091,0.09539966339241956,0.0792234900409217,0.29434683143353124,0.427135635260797
es_0456002,1,1,0.21994350863534692,0.3492980988394081,0.20559998707804364,0.14161759241114444,0.08354081303605847
es_0088478,2,3,0.042831557153883544,0.06327162538715025,0.26402867097819527,0.44001221365034987,0.18985593283041954
es_0303918,1,1,0.1254185779109781,0.4577058476798404,0.25414423037746386,0.09850611465483615,0.06422522937688079
es_0085687,0,0,0.37476377934666255,0.22891905637362506,0.14050013586384644,0.1590861006312745,0.09673092778459122
es_0320412,0,0,0.5404455076011307,0.154493637561895,0.10589664792200311,0.09983046369423618,0.09933374322073588
es_0000333,1,1,0.18073605223135256,0.2817950880169267,0.2759436534287008,0.16522693178336856,0.0962982745396477
es_0421878,2,4,0.2088207557431161,0.21297327072767483,0.16796406417845872,0.18607797722511474,0.22416393212563773
es_0875672,2,2,0.1375367932485871,0.14954926686691106,0.38768890262952976,0.19889005657591813,0.12633498067905155
es_0806862,1,3,0.14835409500744282,0.2157429425306308,0.21738794566315062,0.26452619540025757,0.15398882139851916
es_0932406,4,1,0.05910830068334801,0.3499657820072784,0.33288569313495503,0.18754140723209936,0.07049881694231787
es_0948169,3,3,0.021446076314456122,0.09194158304842387,0.2947755576778342,0.3564230595356959,0.23541372342358438
es_0159360,3,3,0.00516067382086954,0.024726474711543923,0.1800353456162632,0.6371705155740467,0.15290699027727608
es_0267974,3,2,0.07444494411338205,0.1869108249962964,0.37406360185432785,0.30302153537563964,0.061559093660355856
es_0248705,2,2,0.17439269353683948,0.21694218537052842,0.25495889952167905,0.19878380518391922,0.1549224163870347
es_0777042,3,3,0.14067856307087867,0.19104064160994674,0.2198540243073041,0.2839869198033933,0.16443985120847332
es_0501698,0,0,0.4688745738221067,0.23533655081017466,0.10464452889396998,0.086507673247734,0.10463667322601276
es_0684339,4,4,0.09562176332142619,0.10958757045675194,0.15511039826131798,0.3146434096082601,0.3250368583522465
es_0317961,3,4,0.08839967297158696,0.13493440568525233,0.18283360626164435,0.24298084907384876,0.3508514660076644
es_0694288,3,4,0.05416491304716454,0.11219400000878295,0.15215538155362812,0.3023561449625095,0.37912956042791635
es_0399428,0,1,0.10613069629867301,0.3254453948242595,0.3131608181027063,0.1805193084798029,0.07474378229455496
es_0026619,4,3,0.09201110292807192,0.19627576128342866,0.15797861685689557,0.2785814884288004,0.27515303050280693
es_0068670,2,3,0.1287769312727661,0.1835810737869468,0.2534857490410188,0.3233064071960524,0.11084983870321514
es_0218046,0,0,0.3481578546177086,0.32404366147365365,0.1915763090686997,0.09692031837389874,0.039301856466042416
es_0430381,0,1,0.2090893697731332,0.33979159421904415,0.23162989545055523,0.12718500354051646,0.09230413701675357
es_0744971,1,2,0.1445915327197138,0.23963476438551,0.24136393761440456,0.2304862396132878,0.14392352566708697
es_0502189,0,1,0.18463973151773344,0.2803412451388106,0.24770491211934859,0.13980067066176316,0.14751344056234417
es_0388203,4,4,0.1853359817894893,0.2138890457589847,0.17137923472155786,0.18827886704665167,0.24111687068331722
es_0537842,2,2,0.0112370961749637,0.12711083153975414,0.47632252800559827,0.2624775821362078,0.12285196214347714
es_0708102,4,3,0.03746628966963962,0.06669297647742413,0.08102415204135183,0.44016192736880067,0.3746546544427868
es_0330835,4,3,0.0990969588499715,0.16934497515045574,0.25635522945119793,0.30030202116622634,0.1749008153821513
es_0152166,2,2,0.03259353733624891,0.12899383779992465,0.47919078098904255,0.25463147152873383,0.10459037234604697
es_0842680,4,4,0.1400683126765646,0.24726037839315607,0.1195933974329667,0.14198094128719227,0.35109697021011427
es_0349346,1,1,0.20067353873410282,0.39187891642578876,0.24042133865233614,0.0986250438885836,0.06840116229918693
es_0857126,1,1,0.2508891273670778,0.3125639229676707,0.25802934098969205,0.11615353131404654,0.06236407736150733
es_0372823,4,0,0.29822394060078966,0.18551736892225826,0.13027200571474057,0.1433977532736301,0.24258893148858462
es_0592490,1,2,0.2159856402759987,0.22564847811713246,0.33690881084555824,0.12513548913802064,0.09632158162328973
es_0154599,1,3,0.060253608506320507,0.13842435561139804,0.2847726489913371,0.391511140252777,0.12503824663816965
es_0346169,4,3,0.08061509949480675,0.13839486743643792,0.2626999830562359,0.4121582770714179,0.10613177294110387
es_0560034,4,4,0.10198218635463152,0.1651252979814277,0.165415295705958,0.190040653580029,0.3774365663779583
es_0604678,1,1,0.21915941136815706,0.4356612120913358,0.190299691113029,0.07803094481475022,0.07684874061272687
es_0854844,0,1,0.2175143337095887,0.2619940260434508,0.23143652951476176,0.16998308802687717,0.11907202270531772
es_0305401,2,2,0.12138554434471485,0.24406892993687065,0.27839279020830326,0.22406198780621164,0.1320907477038968
es_0923513,4,3,0.024076435538300633,0.09692433438237452,0.25012538480109997,0.3778394933393694,0.25103435193885615
es_0760687,2,2,0.05400042623558615,0.1546542168191607,0.37812350022671,0.32463220055553144,0.08858965616300946
es_0849634,1,1,0.11506517192489862,0.38426037843133204,0.2276013006945752,0.13451271902348144,0.13856042992571146
es_0188935,3,4,0.10152398325829824,0.18974120788573678,0.06272563801525745,0.25308620401732984,0.3929229668233806
es_0145785,4,4,0.02428064020530039,0.06787380177806224,0.06685279446791309,0.20941772038751713,0.6315750431612088
es_0982869,3,4,0.09172851743214139,0.08790634400961099,0.08942526003063068,0.3646640616056712,0.3662758169219491
es_0164039,3,4,0.10107398916314628,0.14177804534157687,0.20709994986295865,0.23443654513477044,0.315611470497548
es_0943339,2,2,0.07641719099947808,0.18235644835382736,0.33016511730660963,0.23873036893276245,0.1723308744073213
es_0783411,1,0,0.3206200540339578,0.2933717001710544,0.20938347285590994,0.10660799787162972,0.07001677506744511
es_0553019,0,0,0.6437232635810429,0.13827789312915162,0.11510818812167865,0.06894678203911633,0.03394387312900852
es_0350457,0,0,0.5611967251925287,0.20554748558488387,0.12179824549760011,0.06915913533156218,0.04229840839342681
es_0451743,4,4,0.03949572882072738,0.087664136540002,0.19662346697588243,0.3008612692239092,0.37535539843947446
es_0444100,2,2,0.15247398304694376,0.16416995873497658,0.39863055242028117,0.20576844498123664,0.07895706081655877
es_0939676,3,1,0.19803325293641824,0.2976483606681449,0.22058274972220543,0.13454165099774948,0.14919398567548253
es_0551228,1,0,0.5720895082530786,0.2714237349139713,0.11638818809887891,0.01720463547498471,0.022893933259084988
es_0632239,2,2,0.19068182476461787,0.26135692973467295,0.29749363029419873,0.15124757769707395,0.09922003750943768
es_0099227,2,1,0.19193770958874906,0.31264808007746764,0.1962772480899241,0.1908705116018054,0.1082664506420511
es_0690993,4,4,0.02194524036791797,0.057116579892820755,0.14579388102883473,0.3478803044334017,0.4272639942770257
es_0283710,3,3,0.08855514768640223,0.1681795370906405,0.14291092404230488,0.3105209191627497,0.2898334720178992
es_0695846,2,1,0.2066900419533731,0.4392988131478941,0.2354819842341708,0.06320508393507288,0.0553240767294904
es_0978853,1,0,0.41393419333081827,0.2978780635560452,0.10982399809719545,0.07220980737880457,0.10615393763713384
es_0541746,3,3,0.01628865963308779,0.07307854314553684,0.17265175425406254,0.43908065123511225,0.29890039173220206
es_0196826,0,0,0.8442002119887914,0.06186644292354976,0.04049456876849132,0.02624064751557975,0.027198128803585957
es_0636975,2,3,0.049446020992008795,0.20567354673579163,0.31362549949490437,0.3389015165485451,0.09235341622875298
es_0334278,4,0,0.25575018612978556,0.24474447328199422,0.16249382019822073,0.16279587486710617,0.174215645522896
es_0628101,3,0,0.2687862393417256,0.22559756951042248,0.1749363215269618,0.15407517032788579,0.1766046992930054
es_0652860,1,0,0.3257871779136324,0.2502000216788946,0.13710419591576659,0.15501442717637792,0.13189417731532382
es_0201936,1,0,0.35065925890852406,0.2825099208656614,0.1784137690889715,0.11485275949394139,0.07356429164289928
es_0023262,0,0,0.33857817011851465,0.28389916921317787,0.12625066390614456,0.1382859651503926,0.1129860316117732
es_0900826,4,3,0.0450127767557102,0.16236553029576847,0.1824944218336067,0.36622879382284695,0.2438984772920656
es_0305504,1,1,0.17819727413334926,0.3576859062098683,0.28455691405785055,0.12715668180165773,0.05240322379727492
es_0447514,4,4,0.08510050451320406,0.1348472411913846,0.240618670052567,0.23686692492827716,0.3025666593145684
es_0667659,4,4,0.07757177268490345,0.17217486766044954,0.14963793138791753,0.2752508406382948,0.32536458762843495
es_0636693,2,1,0.16509381882068172,0.3017942236573627,0.1912995897603013,0.17590396142149153,0.16590840634016255
es_0145742,4,4,0.04015888627233521,0.08730810723061654,0.16315023245605068,0.3365282390985423,0.37285453494245635
es_0082608,1,0,0.29257197612940244,0.25713508315473677,0.17553381297920578,0.17933387537775386,0.09542525235890391
es_0247360,0,0,0.49326046275290175,0.25227304722120575,0.11982938230787883,0.07327955109303962,0.06135755662497575
es_0627885,4,4,0.050591817566316845,0.05761771446008665,0.10030376991388233,0.3854670249434775,0.4060196731162374
es_0535057,3,3,0.02044183357662952,0.04898944391666271,0.15251082295481497,0.41589692396353256,0.36216097558836036
es_0174891,3,3,0.06614804682143385,0.15472017185318984,0.27781041036121595,0.3055435078994046,0.19577786306475306
es_0318003,2,2,0.16186182986236158,0.2685556520015845,0.35084598644462284,0.13000212740537614,0.08873440428605824
es_0433274,1,0,0.49784119316271275,0.24597103468353884,0.13856794266810796,0.07380309016932855,0.04381673931630876
es_0625684,3,4,0.057986109771848204,0.10065701815283185,0.1368289499265128,0.27690660540497775,0.42762131674383275
es_0801610,2,2,0.09283884416942575,0.2586316159134284,0.26124373434280806,0.22679448634155894,0.16049131923278104
es_0823816,1,1,0.1928823609468838,0.27379090209036777,0.20924024992853743,0.1932001315300828,0.13088635550412844
es_0065047,3,1,0.20283784225213597,0.26757159404797776,0.1764172306512629,0.14997522863324841,0.20319810441537564
es_0531626,1,0,0.373959225483527,0.31286516159004946,0.18600229155237516,0.07117577637616083,0.055997544997887325
es_0508350,4,3,0.032469977059690874,0.12937389680414815,0.21661114463332948,0.3236123811894707,0.29793260031336527
es_0281790,3,3,0.00943387241881932,0.03368110041023816,0.23226982449828415,0.5385422801369305,0.1860729225357304
es_0538920,2,4,0.1163333704657581,0.08807081631626558,0.12934051798724727,0.2535872418498443,0.4126680533808858
es_0362075,4,4,0.06865612549281803,0.11034787820393437,0.1391623758522218,0.2881463373520865,0.39368728309894063
es_0889338,4,4,0.04760262685504695,0.06817589644286015,0.1536540851698534,0.19720623359582148,0.5333611579364197
es_0402570,0,0,0.6737166686209138,0.10246656697161652,0.083818974377189,0.07779806237513387,0.062199727655148036
es_0298055,2,1,0.09897946039707005,0.3727490405588707,0.26558833621337746,0.17837801874068224,0.08430514409000224
es_0284228,3,3,0.047993702911479516,0.0901081363006837,0.1507610540997282,0.4143838777371729,0.29675322895093575
es_0714521,2,3,0.17088608366689834,0.23628234481692728,0.18962733035187854,0.2406116348434153,0.16259260632088024
es_0943982,2,2,0.09291512099231827,0.13549656952201447,0.38587959902017804,0.20457169264766667,0.1811370178178239
es_0486574,1,3,0.06488641867844219,0.1503079420947648,0.25854839050736456,0.29666519264004537,0.2295920560793798
es_0011036,3,4,0.04514965465709202,0.11222587802464325,0.2040060433337226,0.2897414206229021,0.3488770033616411
es_0665790,0,2,0.15933281562506937,0.2567375223119704,0.29319462306735383,0.1682552233397407,0.12247981565586508
es_0047517,0,1,0.1703568152437023,0.3451785322409678,0.27739996379656523,0.15237640926543222,0.054688279453332156
es_0273388,0,0,0.25757214311973925,0.24518456978884584,0.20777303383504248,0.20485136606179324,0.08461888719457912
es_0913007,0,0,0.7459105796595372,0.09740810078029216,0.052241376510337376,0.05697838597101609,0.047461557078819966
es_0958706,1,0,0.446336637206081,0.2531999929005769,0.18858832872250142,0.05053966793911442,0.061335373231726435
es_0193923,2,0,0.29009510714519354,0.19362215076248637,0.19515791935468646,0.1725379200809559,0.14858690265667862
es_0931282,0,1,0.1430387132345565,0.3221033189429017,0.28250362762798925,0.1450765671719284,0.10727777302262159
es_0451931,1,2,0.14668492057170257,0.2494154905564131,0.2799063060101442,0.22771122842176442,0.09628205443997624
es_0762460,1,1,0.28078463916663887,0.5218350749147482,0.09757163333418936,0.05494971924178871,0.04485893334263549
es_0080033,1,2,0.040281900555836955,0.1607565915816224,0.34108346021781455,0.2884743347113108,0.16940371293341602
es_0058016,1,0,0.309075680118557,0.27772205610098943,0.16478745620711344,0.13766540221897836,0.1107494053543605
es_0713006,2,3,0.1405544000660932,0.17455023849360515,0.2177169237003019,0.257666057443575,0.20951238029641908
es_0582063,0,0,0.3728358579484992,0.18313649057880182,0.2046647962963263,0.1485687130998096,0.09079414207656185
es_0708255,2,1,0.2370212880150165,0.3489666018212015,0.2655264747373479,0.09199291408659599,0.05649272133983207
es_0627827,3,3,0.0028556131438210513,0.018888638689528902,0.06592219852346463,0.5512519881460626,0.36108156149712417
es_0595617,2,1,0.16599899461600784,0.30880141764446767,0.20350702196086007,0.2399943463699997,0.08169821940866973
es_0646600,0,2,0.14395986254731993,0.26765543188578933,0.30467287116922465,0.19108050207760965,0.09263133232005344
es_0373018,2,2,0.12573068655722802,0.16486797622962585,0.2864265397285535,0.2807494868879462,0.14222531059664398
es_0605608,4,4,0.19830524111939232,0.2249106544984451,0.12437441777997106,0.1982831530757866,0.25412653352640413
es_0349203,0,0,0.7179542484458975,0.13191107342001646,0.06825022869672324,0.05008544194133091,0.031799007496034405
es_0821195,0,4,0.2326365157229759,0.18031968197940784,0.14200501475850258,0.19923749989781211,0.24580128764130252
es_0060302,2,2,0.05870027295906929,0.1942437467725168,0.42044369727270725,0.2502728649998189,0.07633941799589108
es_0651621,2,2,0.10613631716037919,0.25854813416871775,0.3213827564065878,0.19842657571265737,0.11550621655165627
es_0526925,1,1,0.07141394471471882,0.3695689285876407,0.32917197215964294,0.19338289848627016,0.036462256051724845
es_0126226,1,0,0.45754582860642745,0.3078562751615821,0.09920934509341023,0.06839880396526235,0.06698974717331524
es_0721755,0,1,0.3053220542019636,0.46033296634616305,0.11193902599739244,0.07038207265846805,0.05202388079600956
es_0077424,1,0,0.31646532417103496,0.31292681685462337,0.15629382185733326,0.11774946081757295,0.09656457629943155
es_0500181,1,0,0.2904998761816284,0.28910175725151155,0.14126618818678427,0.15660927680560344,0.12252290157446594
es_0331516,1,1,0.1427317545244927,0.32831392234489265,0.2720209795821538,0.1469168999994749,0.11001644354897894
es_0763770,2,2,0.18594067244301954,0.22599535351062383,0.37890541475824013,0.14340634869773558,0.06575221059037915
es_0783267,4,4,0.04208090630473721,0.07174111234600956,0.07392077918374393,0.1571074502529005,0.6551497519126066
es_0389828,0,0,0.35860006703652325,0.31166320258942387,0.2071595182517754,0.05667732612967281,0.06589988599260285
es_0133563,1,1,0.08281232670143879,0.3019278447539065,0.2246552659188206,0.20783884759611004,0.18276571502972483
es_0731106,3,3,0.10820628173065852,0.1490094806641566,0.25044515905266074,0.2914947864334986,0.20084429211902663
es_0863492,0,0,0.4462299259343482,0.30230315096232646,0.12907938882704825,0.07201653832426129,0.05037099595201803
es_0886072,2,1,0.10448664282124696,0.2946047729404743,0.2680701256688474,0.17236008227872232,0.16047837629070386
es_0359690,1,1,0.2410867165274335,0.28943459001808247,0.16392157711748517,0.22527301636476194,0.080284099972237
es_0188075,3,3,0.11226778482615193,0.16468893468586765,0.204130700416902,0.3027700965540136,0.21614248351706342
es_0811381,2,2,0.07321825728351536,0.24355233212436722,0.3329550136574458,0.21535902502202314,0.1349153719126465
es_0800760,1,0,0.3344100662699499,0.26169207801920263,0.16250781279631385,0.1375708146108784,0.10381922830365678
es_0537946,4,3,0.031580030219024245,0.08511282391655209,0.13790279135031822,0.5229223389589325,0.2224820155551725
es_0737622,2,1,0.2711431148172961,0.3116816259713162,0.20137403799098783,0.10283082079345764,0.11297040042694521
es_0706241,4,4,0.05949146855735284,0.08180181753083643,0.1578413371320089,0.31621364570181326,0.3846517310779901
es_0262127,2,3,0.01898288456962039,0.06941283361079388,0.21537998021685062,0.5364733666455265,0.1597509349572073
es_0455995,3,3,0.1791707235524847,0.19843271137182905,0.18181796162273878,0.2504166767354065,0.19016192671754004
es_0449248,4,3,0.12592278313042451,0.10929958586438633,0.20012052557901724,0.3351076647935021,0.22954944063267405
es_0592143,1,0,0.7111398529316878,0.11518338890912966,0.09415872871780219,0.03429180753247988,0.04522622190890571
es_0537752,1,0,0.2965249566641418,0.2884378037705014,0.24266208552389298,0.10927585817397283,0.06309929586748586
es_0715608,1,1,0.22181239946476075,0.37293453095003654,0.21405152958340498,0.11017644694303426,0.08102509305876439
