review_id,true_label,predicted_label,prob_0,prob_1,prob_2,prob_3,prob_4
es_0077478,1,0,0.41562512115650085,0.26368712983022075,0.13442824552988228,0.10763175603796153,0.07862774744543456
es_0682269,2,3,0.0035830553882443715,0.03303533909740981,0.3419480388562963,0.6069179775676938,0.014515589090355652
es_0260689,0,0,0.7090250832875516,0.17848530259530407,0.07312018892558711,0.02791897369087761,0.011450451500679703
es_0566286,2,2,0.0058273605433185275,0.2307863053170976,0.43180467023840324,0.3273026382061435,0.004279025695037171
es_0979893,4,2,0.14083209585882311,0.2455248674897185,0.291318606297287,0.20186123325438782,0.12046319709978355
es_0717509,3,2,0.03694775540829885,0.2619176958568419,0.5032701000189641,0.1748065147814608,0.023057933934434376
es_0752315,2,1,0.1549444053580163,0.40649321792373316,0.18139456419330646,0.21693666833314323,0.04023114419180088
es_0144147,0,0,0.5958791790023825,0.1918291171790426,0.16557507875022287,0.02857414956029703,0.018142475508055003
es_0039263,2,4,0.0036658435152571722,0.006026287541263335,0.13303842932961,0.3422955668953943,0.5149738727184752
es_0203291,1,4,0.08493343898834804,0.29306823458234493,0.2060741141610385,0.0865220858214677,0.3294021264468009
es_0560599,0,0,0.44271523012903613,0.3014188357300114,0.10776965152139528,0.04439653681076929,0.10369974580878787
es_0430806,1,1,0.1116391047415209,0.3445767949476867,0.191407483859311,0.2870549984343999,0.06532161801708139
es_0616494,2,2,0.018612533086760176,0.18580439565465204,0.6166339475962298,0.16707628725727083,0.011872836405087227
es_0531620,1,2,0.0570364988776829,0.4163701230461158,0.41797205988376696,0.07885699060814252,0.0297643275842918
es_0305457,0,0,0.6069796663358678,0.33278347769705635,0.02440249043882351,0.023604946653327127,0.012229418874925239
es_0951178,0,1,0.27968638855751615,0.37107327038492777,0.16056766365972402,0.1005078802969738,0.08816479710085827
es_0014960,1,4,0.04859175054059906,0.2247904605681307,0.2170759730306872,0.24738554632791487,0.26215626953266813
es_0909257,2,2,0.053691306808671305,0.25209875425102596,0.3471064116719272,0.20603797020726375,0.14106555706111187
es_0186429,1,1,0.32686188620541196,0.4310488940008946,0.1410060455490562,0.09035942360450029,0.010723750640136871
es_0990492,0,0,0.4830571283016166,0.35976250346318883,0.10968146924281792,0.03663906497886228,0.010859834013514322
es_0361121,2,3,0.04882649763020504,0.07370090791368564,0.08520668740675334,0.5009564918853116,0.29130941516404435
es_0495920,2,0,0.338570596395763,0.32037489487995685,0.14766636024874225,0.1352481528271259,0.05813999564841197
es_0063164,2,4,0.0038825054896107283,0.02120636778663451,0.11142470574893448,0.4062897665639575,0.4571966544108627
es_0466283,0,0,0.570838350449011,0.13214769473850482,0.053623609111548086,0.13055813838379246,0.1128322073171435
es_0600972,2,2,0.014983245111991606,0.29007012486054407,0.32173023321573513,0.30360719408742165,0.06960920272430746
es_0476267,4,1,0.22192627363688092,0.3334748403544531,0.14074703072741485,0.13007910754267987,0.17377274773857135
es_0572541,4,4,0.017188931851354165,0.04528071842413035,0.1320665657356443,0.17431304191239702,0.6311507420764741
es_0271706,0,0,0.5639390432078579,0.29126687404394425,0.11155065592109063,0.022123252982018237,0.011120173845088805
es_0005177,3,3,0.00586508839729614,0.013223147278067154,0.08026922910427878,0.4626058911276053,0.4380366440927526
es_0089003,4,4,0.00853835195729282,0.02950521577151887,0.032953372653951415,0.44521238831882526,0.48379067129841163
es_0375110,4,4,0.04712262344407018,0.018023245737376688,0.03930436757966039,0.16664716785727093,0.7289025953816217
es_0177963,1,3,0.07344225933039718,0.3348361401435625,0.1326821048508198,0.3468435513531694,0.11219594432205116
es_0065576,4,2,0.027985792049779856,0.19647436317594766,0.519659541963884,0.2511998858520468,0.004680416958341745
es_0111073,4,4,0.036889328793709056,0.041662867029733534,0.06601528142656818,0.16146399942377246,0.6939685233262167
es_0885632,2,3,0.033389640261276436,0.08357244798866606,0.31043892924597116,0.3763367113896106,0.19626227111447575
es_0281420,0,0,0.5153697196131204,0.11384096142633801,0.2914584871139253,0.05909738824059803,0.02023344360601815
es_0529016,3,2,0.012745725015139379,0.057286195040384645,0.500312028941939,0.3258314461525099,0.10382460485002694
es_0048691,4,4,0.009974705234258929,0.08500425548016673,0.05687472304711701,0.18778957066380278,0.6603567455746546
es_0734219,4,4,0.12546606809428845,0.04812666104307088,0.11707311264195575,0.11643796381885138,0.5928961944018335
es_0002195,1,0,0.46180085135295,0.43628725414388125,0.058737897814031534,0.03179209879206823,0.011381897897069015
es_0101721,1,0,0.41215698606595835,0.1782904948317779,0.15223587828725935,0.06565867743369774,0.19165796338130664
es_0330953,3,2,0.04597314649728494,0.19931657792189117,0.39157857599472273,0.34241002893222205,0.02072167065387919
es_0573093,0,0,0.5098556171601473,0.1299781055613732,0.27155634944528045,0.08088975322461771,0.00772017460858151
es_0828030,3,3,0.018731294757361114,0.10797022428138332,0.317309026853712,0.4003258450323717,0.15566360907517193
es_0564872,3,4,0.11470504552165169,0.10565924236470732,0.14849916340085698,0.2457388801758939,0.38539766853689006
es_0720608,0,0,0.5303123784523736,0.2269593332073004,0.09893310241464061,0.12770002966990746,0.01609515625577797
es_0423191,2,4,0.11504489937640865,0.061769157964601404,0.14882361519668447,0.334093402320232,0.3402689251420735
es_0211743,1,2,0.08754907561854616,0.3797432861260626,0.44084219455892837,0.04864041799533514,0.04322502570112771
es_0240309,3,4,0.004621634005863291,0.03670216635894898,0.17109268107892542,0.2696551996835936,0.5179283188726687
es_0492562,0,0,0.37047306119389545,0.33632011404128204,0.08850884383878746,0.16284773378232129,0.04185024714371383
es_0281953,3,3,0.10657647960308006,0.27875811236742964,0.2087137159525821,0.3443602533889765,0.061591438687931675
es_0384994,3,3,0.019604178676420413,0.28265056390041726,0.281591139104702,0.2910972944101262,0.1250568239083341
es_0124262,2,2,0.018227935814809047,0.17205639659254982,0.5832020453643703,0.21588082519639323,0.010632797031877686
es_0033281,3,4,0.03072065021753308,0.09478632860411267,0.11702319656453311,0.2896260064891489,0.46784381812467224
es_0222003,1,2,0.053938116272644,0.35303628532178705,0.41067614467498936,0.13267551025785132,0.04967394347272829
es_0465083,2,0,0.5769229533123053,0.17629092590663814,0.10961338245243075,0.09314425973868508,0.04402847858994077
es_0234607,4,4,0.09826969365904444,0.1914720278918378,0.19541841500521778,0.1654639928204159,0.349375870623484
es_0175975,3,3,0.0031687102473835446,0.01835653543931289,0.3021528152016117,0.5790259684695322,0.09729597064215971
es_0657781,3,2,0.05566323332727134,0.24172957237127135,0.4424326297802555,0.1631992695361762,0.09697529498502552
es_0337075,0,0,0.5027984834077001,0.3767295422527258,0.056288060662620265,0.03315655038154971,0.03102736329540421
es_0259152,2,2,0.3227791719691065,0.1879195341420619,0.4450584152105915,0.038264432200008476,0.0059784464782317625
es_0260272,1,1,0.21814757141305666,0.38103475738122505,0.31871088170763995,0.06929799586318716,0.01280879363489108
es_0635241,2,2,0.0762290019148103,0.1955727386270379,0.31593681163664555,0.2655889922427042,0.1466724555788021
es_0644804,3,2,0.20909221879830997,0.10469844125883532,0.3729975827111051,0.17666333053510008,0.1365484266966495
es_0397224,1,1,0.15868758354165552,0.4036815205326998,0.2902592931518286,0.1294434904906458,0.017928112283170358
es_0349725,2,2,0.004984659141029539,0.16547017662463848,0.4368990202591803,0.3689834431527962,0.023662700822355505
es_0676700,1,2,0.22742714787854768,0.2948012970821001,0.3678818456923366,0.08314480194965168,0.026744907397363855
es_0648620,2,4,0.009761252815708584,0.0935826007655295,0.30794050077737667,0.17333196792964833,0.41538367771173695
es_0677308,4,4,0.11520904526246827,0.17716097248582735,0.13251722739184274,0.13484554136992752,0.44026721348993414
es_0519596,1,0,0.48407252952306506,0.34652493491973857,0.08673571326241343,0.04342397828969265,0.03924284400509032
es_0100024,1,0,0.5591147707180095,0.144041879431327,0.11084868576994766,0.05391040947013289,0.13208425461058285
es_0219723,0,1,0.342799375851489,0.46313076861626257,0.10934567218162841,0.05631921583112579,0.028404967519494194
es_0353057,3,2,0.020702513112843646,0.09150389952182617,0.3278471948108039,0.31660018008873914,0.2433462124657872
es_0707591,0,2,0.017715451704330826,0.25318727260087126,0.45256430031850775,0.2348692335864156,0.04166374178987455
es_0991935,0,0,0.41691628503024364,0.23126117514267613,0.21284007086344,0.10954447513991768,0.029437993823722593
es_0260027,4,3,0.007598003451924416,0.05581527371846182,0.2142346179827764,0.5181187640483362,0.20423334079850117
es_0293883,0,0,0.4055651147533369,0.31843162477891357,0.17159059584289782,0.08780656614915469,0.01660609847569703
es_0177014,1,1,0.11808967493166796,0.3635090962343773,0.35891236043739727,0.0954005177902004,0.06408835060635705
es_0391694,0,0,0.4370357098252312,0.3217500096116315,0.08038334957163311,0.0932641975767973,0.06756673341470676
es_0424060,1,1,0.2980670169169389,0.49401786987293067,0.16229116349860445,0.0326529964879982,0.012970953223527945
es_0304330,0,0,0.5884193104580029,0.26401857285715735,0.11859328423195534,0.02158871551305267,0.007380116939831731
es_0357388,4,4,0.023074283895096987,0.040621008214668075,0.17222352244989414,0.37777994491777755,0.38630124052256326
es_0764025,4,3,0.03397685799531749,0.16519286356088103,0.13400606282777433,0.4381586513145427,0.22866556430148438
es_0277359,0,1,0.23695152283473284,0.26463874583288033,0.18655875999592308,0.19735110975816586,0.11449986157829799
es_0372621,1,0,0.40520209284435155,0.3424849501524091,0.0957334392659347,0.06685478049526823,0.0897247372420364
es_0170383,1,1,0.2715878331557503,0.4756554794547629,0.19515776726828954,0.047116425759175226,0.010482494362021985
es_0925003,1,2,0.22752983868943805,0.2212886931436424,0.28043195222853357,0.21859105093497985,0.05215846500340612
es_0468689,1,1,0.1299025477251986,0.6406961120329367,0.10058733852242771,0.06920309421436535,0.059610907505071545
es_0116802,2,1,0.07550221248307713,0.4366394028609335,0.25160799032810144,0.11740391849503633,0.11884647583285164
es_0796276,4,4,0.002172290953887711,0.02081931891740278,0.07012129363340684,0.2081186233680445,0.6987684731272582
es_0911751,1,1,0.13313215483752158,0.46047007149032126,0.31811826786043385,0.08182990453508251,0.006449601276640826
es_0990178,0,0,0.8373779444940025,0.0494741591315168,0.048091055605361234,0.03365056950745939,0.031406271261660026
es_0443201,0,3,0.06769728068534557,0.2856709496995749,0.1784506670867197,0.31406022065247285,0.15412088187588688
es_0388824,1,1,0.02055566711319297,0.44184471237808864,0.19661038113337262,0.28242126827317604,0.058567971102169825
es_0444132,2,0,0.45994115882579045,0.3348399425557058,0.1121597680818821,0.07632224250781815,0.01673688802880344
es_0559198,1,1,0.14592588308236842,0.4381304384072706,0.37151083056159545,0.041637119216332084,0.002795728732433444
es_0491548,0,0,0.6486822677853412,0.15683703550966718,0.06564044910819583,0.0855798770426507,0.04326037055414494
es_0998076,4,4,0.05712400431966295,0.06979373887890694,0.044153631691369204,0.17137177674012966,0.6575568483699313
es_0813986,2,1,0.07485810486933979,0.41794762047960166,0.2467514541275162,0.2264354140191891,0.03400740650435331
es_0371489,0,0,0.5246981938898269,0.31530463343780024,0.0884595351833209,0.05189010090377357,0.019647536585278493
es_0637355,4,4,0.004899256441436155,0.021729034296945164,0.06102593644680707,0.11754473375924264,0.7948010390555689
es_0710355,4,4,0.023280778481550708,0.08259168081848205,0.1359687156261246,0.26958723303288146,0.4885715920409612
es_0749808,2,3,0.1542185162410145,0.08370759626601602,0.22788834614443293,0.4160704785045116,0.11811506284402488
es_0024126,2,2,0.009686006575226887,0.3109083270639665,0.5585966059111722,0.10924448731499263,0.0115645731346417
es_0997819,3,4,0.08852303118513391,0.0807512925388129,0.11931779987573374,0.19559588049658055,0.5158119959037388
es_0999306,2,0,0.47527824545718367,0.21713498468527007,0.2380535652470747,0.054154685564629455,0.015378519045842112
es_0955113,0,1,0.3968218570213522,0.39842561031008217,0.10728949435625199,0.07421456053502297,0.023248477777290832
es_0023377,4,1,0.09342898277815423,0.23678828411914524,0.21940502100756798,0.22739294961235945,0.22298476248277313
es_0926833,3,2,0.3136181151551274,0.20007459537259192,0.35051232293649237,0.12586223427875406,0.009932732257034243
es_0726451,1,1,0.15674207709906995,0.4140047153813489,0.2921318682294106,0.11327673403742426,0.023844605252746315
es_0020629,3,3,0.010468628570198441,0.021993194580276366,0.17411100677938943,0.6036955415934508,0.18973162847668482
es_0248324,4,4,0.0066045052551730625,0.02894844388114976,0.06781961453866306,0.17326519951264577,0.7233622368123683
es_0688711,2,4,0.03057163721432187,0.25400973072259736,0.15830332588794557,0.1767194073207555,0.3803958988543796
es_0672635,3,3,0.03258860844382471,0.0900757597629412,0.15186589811120865,0.412943360641277,0.3125263730407484
es_0365259,0,0,0.6270056135626698,0.32791963264817503,0.03603324579888696,0.006014554131927306,0.0030269538583408808
es_0064241,0,1,0.21532663140546832,0.4926701530665333,0.21219248715375255,0.054529846862326224,0.025280881511919595
es_0289023,1,3,0.12310757425235379,0.10565289570920437,0.2193272926329723,0.37150748337416395,0.18040475403130557
es_0931660,2,2,0.06823375913147937,0.2345841829176975,0.39733675330417434,0.2726207633741352,0.02722454127251357
es_0819875,0,0,0.542138848865225,0.29029230649865045,0.05050771214915719,0.0756263354103132,0.04143479707665414
es_0722421,1,2,0.020091885472571947,0.22490857358688454,0.5054909680788092,0.2133473496353338,0.03616122322640054
es_0519637,0,1,0.25378901551199873,0.28530790517057475,0.2832288731515894,0.11595321044963669,0.06172099571620043
es_0275327,4,4,0.004365921130325875,0.053471525211079764,0.10728127879420919,0.1016118141552177,0.7332694607091674
es_0441158,1,1,0.09950109908283519,0.37139175313399914,0.25378293075053776,0.2232581082444743,0.052066108788153584
es_0671578,4,2,0.13751650312900224,0.1867748768946311,0.23683754810196783,0.21853412117709378,0.2203369506973051
es_0976849,1,2,0.0958939462834268,0.2509736123974012,0.45149282371824595,0.17574965314931248,0.025889964451613574
es_0648865,1,1,0.07503801013538602,0.5409841357012072,0.11905345149781024,0.15841846562376452,0.10650593704183202
es_0416466,1,0,0.5524936163492266,0.24750680451874424,0.10308131814701063,0.04550415850873033,0.05141410247628828
es_0330304,2,2,0.04573742850419078,0.2776710615462535,0.4959008728494598,0.13480285091921473,0.04588778618088126
es_0351171,4,3,0.00523506983917813,0.04029604021759314,0.2423368494722614,0.4552889526618366,0.2568430878091307
es_0222480,1,2,0.1686753901117073,0.2701165536162926,0.2922795308713216,0.20396706437107906,0.06496146102959942
es_0843621,0,0,0.7447315953012088,0.11232746676412944,0.05165114633301715,0.07534915437659627,0.015940637225048408
es_0361187,4,4,0.004904755973603126,0.012400551204841348,0.046077544684737494,0.30883299653173746,0.6277841516050807
es_0346300,3,4,0.07088498632072367,0.06051697458316295,0.10898851211854979,0.2761828618833183,0.48342666509424526
es_0398829,3,2,0.003341554102872989,0.05929849371815641,0.4343304326119145,0.3976047667555269,0.10542475281152912
es_0068480,2,1,0.02416411904511131,0.3702246738153812,0.28787921753415224,0.20164570165996737,0.11608628794538789
es_0983744,1,0,0.47340189802435245,0.20235583889699052,0.22192000954707458,0.07013387306697028,0.0321883804646121
es_0194048,4,4,0.0012278822519558089,0.011700265272356626,0.06863800714728514,0.36567561027548495,0.5527582350529174
es_0254241,1,2,0.034833686884469854,0.30384370934154636,0.39983826501099695,0.19475805867675158,0.06672628008623531
es_0975444,0,1,0.22687538166013602,0.28046969151913226,0.23811483785599052,0.1239826419629545,0.13055744700178668
es_0871302,4,4,0.008122740001157747,0.018354101339074762,0.06566500555248075,0.19553761761673671,0.7123205354905501
es_0882625,4,4,0.1679521748660904,0.010792119177955162,0.03024220827745011,0.08888841928720383,0.7021250783913005
es_0658436,1,3,0.06374485578338018,0.2601723308648616,0.12368703017201796,0.2986831066820251,0.2537126764977152
es_0370280,3,3,0.0184888793114047,0.12202536885326738,0.11961602265943712,0.4811773103479876,0.2586924188279032
es_0145829,4,1,0.07390393421253512,0.2930569789400885,0.14556062234189607,0.25749779966978253,0.22998066483569782
es_0568424,1,2,0.029309152166480723,0.22261344577998843,0.452701537499183,0.13736327242494975,0.15801259212939817
es_0531289,1,0,0.38624231159787514,0.19321607954166817,0.36546468487413847,0.04112744075326976,0.013949483233048492
es_0239785,2,3,0.022077638874628668,0.085713899072587,0.21317145541312513,0.5400646640870439,0.13897234255261529
es_0707995,4,4,0.005756981744497981,0.05525181734264979,0.08317803747030321,0.2595603457322512,0.5962528177102979
es_0435484,2,1,0.10036154180653978,0.4047588145261446,0.18694001719804168,0.2778439068705988,0.030095719598675224
es_0695487,2,3,0.2967340450275577,0.0838084950130606,0.2751477707457365,0.3136542334944064,0.030655455719238767
es_0544461,3,3,0.08604173061122089,0.09289402980260261,0.1718042188737081,0.3710952438715398,0.27816477684092855
es_0436386,3,3,0.003220003676039743,0.08001088726590114,0.13871173065482534,0.5726349759641247,0.20542240243910923
es_0926507,2,1,0.09034015676797502,0.3825649920282381,0.3188883266502029,0.10447725552476979,0.10372926902881421
es_0862121,4,4,0.05806236399960072,0.036741314693445784,0.05234491113291001,0.14014840639729917,0.7127030037767443
es_0843556,2,1,0.060886980602818185,0.4132632166483504,0.270702809917479,0.09954899009688005,0.15559800273447227
es_0714788,1,0,0.7263467628993152,0.1696490922310529,0.04047533227840868,0.036202175886470275,0.02732663670475301
es_0102373,3,2,0.026132608229409625,0.18938163268430613,0.289309310152132,0.2724863010609636,0.22269014787318864
es_0897553,4,4,0.03912259009563564,0.0869847312669833,0.15566759049907983,0.18514945527726132,0.53307563286104
es_0678648,0,1,0.1790349429480429,0.4894107933270373,0.22359143288100633,0.04859108903319196,0.05937174181072162
es_0810988,4,4,0.04586256405582977,0.07567622964520661,0.12048476853123853,0.26171659195189445,0.4962598458158306
es_0188644,1,0,0.6073599330090975,0.28614301948742715,0.07254747378476167,0.027791149370909218,0.006158424347804512
es_0420608,4,1,0.01365459904336366,0.35687652893237304,0.2892712264919375,0.2231602900965215,0.11703735543580437
es_0284163,0,0,0.7223643018989402,0.23047762910242175,0.03260575618597228,0.008165959451987986,0.006386353360677685
es_0176170,1,0,0.3826110472281018,0.2404805609895213,0.28502971752606354,0.0583562924412364,0.033522381815077
es_0198132,1,1,0.17257415786170258,0.4896563900468096,0.256745557106537,0.04549792846757789,0.03552596651737294
es_0667927,2,1,0.22134957772588626,0.3271149282649516,0.1737512638355776,0.18098310517529473,0.09680112499828977
es_0627420,4,4,0.024606822764663715,0.08774857191143517,0.11985840307049715,0.29222130729700685,0.47556489495639714
es_0776878,0,1,0.24296191997227967,0.43934733541416937,0.26130145156618223,0.043284863377900884,0.013104429669467833
es_0770111,0,0,0.8255282298055064,0.09147297752578044,0.058804850851475396,0.015904621482943318,0.008289320334294387
es_0585055,2,2,0.05122699726114717,0.32243545452234557,0.37941444405357627,0.21598809527266213,0.030935008890268796
es_0244282,0,0,0.6861598680517057,0.15290390077664387,0.09244364357750717,0.03287188436878463,0.035620703225358735
es_0672699,3,2,0.007272426715970268,0.1860994264453816,0.3923172058449163,0.3775311135070406,0.03677982748669123
es_0430293,1,2,0.18038787688730948,0.2818056077478242,0.4085645541146573,0.12186375737664998,0.007378203873559024
es_0704864,2,3,0.010461614111957113,0.26071704806033447,0.2732281439728447,0.35719184462718717,0.09840134922767658
es_0993995,0,0,0.6046664733568692,0.21952521914446083,0.10442844203135734,0.05075055570087859,0.020629309766434064
es_0131245,1,2,0.007952673633209405,0.26227440896918003,0.39932816085308875,0.3253903451286898,0.005054411415832059
es_0345352,0,0,0.5284780744278029,0.22077489277384155,0.19955093272228336,0.037169629154279585,0.014026470921792508
es_0397902,2,3,0.048183518836706206,0.25023695546529223,0.2999646319092585,0.3244088758804021,0.07720601790834088
es_0680823,0,1,0.14280431773149924,0.6097660357906471,0.13126018594629307,0.047502391830062156,0.06866706870149844
es_0743914,1,0,0.3643716764733532,0.2018894958936063,0.21123222077460263,0.19779119853826296,0.024715408320174794
es_0221079,2,1,0.25830474883646565,0.3619503777648654,0.18166619359816522,0.12089994302793557,0.07717873677256819
es_0870441,1,1,0.0054951285636288885,0.4263438522433224,0.38462623057363976,0.1746545446754134,0.008880243943995541
es_0015023,1,1,0.07176829729366824,0.32906484891393106,0.2652692431753746,0.26978306987130185,0.0641145407457243
es_0612116,4,4,0.007274651741806676,0.032125111359915276,0.11294299414823214,0.29274436473861803,0.5549128780114279
es_0194580,3,4,0.01838851645192102,0.08537614957514636,0.22528292745350065,0.2273733847935902,0.44357902172584185
es_0084563,4,0,0.32235013442356253,0.2830107296743518,0.09603993235135683,0.16250208371867375,0.13609711983205502
es_0154006,0,0,0.502365965175916,0.2552701178908156,0.1659998734856548,0.06469869614872184,0.011665347298891645
es_0652022,0,0,0.6835660161341399,0.15789893951945252,0.03911474892520082,0.04975064077515,0.06966965464605669
es_0518314,1,3,0.014152332599965775,0.27527664877215113,0.31160958943844386,0.38423965617075206,0.014721773018687165
es_0255005,0,0,0.8335027359486951,0.09513154742643326,0.03693082580318155,0.022205820435952744,0.012229070385737308
es_0084818,3,3,0.019821197090603506,0.05616257028913946,0.3731131066454905,0.49414227874145417,0.05676084723331232
es_0386000,2,3,0.18238569238384222,0.21796858709974076,0.1617822690107304,0.2250478596026288,0.21281559190305774
es_0931231,0,0,0.4671842015632889,0.28821450757212747,0.07869477349874973,0.12861729886145484,0.03728921850437915
es_0474977,4,4,0.030692716875242127,0.10454868777038925,0.1425412505462777,0.1969062067273018,0.5253111380807891
es_0755999,0,2,0.13847921608942723,0.3793158126273422,0.38845906054903034,0.08588864921115283,0.007857261523047403
es_0959925,3,4,0.06025590719108905,0.033408688016105706,0.08379943089748414,0.285850938789089,0.5366850351062321
es_0848701,3,3,0.013555264254761844,0.03183859961646913,0.1427336878856276,0.4105959015065026,0.40127654673663893
es_0206668,3,2,0.028926281194729443,0.1582363878406038,0.3632258314069075,0.35669491999840697,0.09291657955935224
es_0018769,3,1,0.191856064924371,0.3503247930239554,0.2427656147433066,0.1807165670254783,0.034336960282888705
es_0959052,1,1,0.11387837743517984,0.5771233481290512,0.22484405578514943,0.049481271380051636,0.03467294727056801
es_0758628,2,2,0.013930325415255542,0.4164613717533716,0.4537185924437731,0.08990872836330854,0.025980982024291194
es_0537710,3,1,0.18553069706550948,0.46874164987962164,0.2004240452791528,0.11142794549696593,0.03387566227875006
es_0699361,3,4,0.026365717178507754,0.05588984421248453,0.05662649336136392,0.17263912494442507,0.6884788203032188
es_0160706,1,1,0.29795327518373715,0.4241312854016022,0.1903946164930994,0.08149403624475124,0.006026786676809943
es_0325508,3,3,0.004576596103916572,0.14979186099374076,0.31261179529147654,0.33302146024866486,0.1999982873622012
es_0345756,2,1,0.14419875444925745,0.34374997253584755,0.20490087188866282,0.2520208911667906,0.05512950995944156
es_0290320,1,0,0.352075258801154,0.22955865126785074,0.17680997544245416,0.1817815072498936,0.059774607238647526
es_0842891,3,3,0.058028285780980945,0.10602469126374389,0.3016729770299794,0.3907771448648151,0.1434969010604806
es_0825016,3,4,0.03135276736665599,0.0598296946304598,0.06396237785113046,0.1760917713206411,0.6687633888311126
es_0990806,2,2,0.11363581334821207,0.3391723006513075,0.4303932477673723,0.10978357115685448,0.0070150670762536725
es_0793039,0,0,0.42252614145292633,0.2888085917864807,0.21379627536039178,0.052583098500793325,0.02228589289940779
es_0673427,0,0,0.5783382494124603,0.37246285622232644,0.031873807808502755,0.012741043027439673,0.004584043529270997
es_0711026,2,4,0.04232334792459448,0.05106476229429875,0.07149772756092329,0.32007305988710444,0.515041102333079
es_0209194,1,0,0.39991547677907746,0.22765732000828467,0.25169852554482713,0.11331662925507732,0.007412048412733341
es_0201153,4,3,0.01342338505661414,0.04236273254527467,0.24336789954612423,0.5495515204213678,0.15129446243061911
es_0758541,1,1,0.22032399723151422,0.4312861678939903,0.266220653474139,0.06354348785883496,0.018625693541521597
es_0595093,2,2,0.019290454259562276,0.2453791218007399,0.4682064043523849,0.2321379281267259,0.034986091460587024
es_0303131,4,4,0.012432594402694785,0.06538234510266781,0.11564637662892108,0.33726204236511714,0.4692766415005992
es_0685903,0,0,0.4000699471370151,0.28826027116367636,0.16149860864935048,0.07349810951223654,0.07667306353772152
es_0998944,4,2,0.10877352728115512,0.24785255197183362,0.27401929187112645,0.20371249596388016,0.16564213291200458
es_0907908,4,4,0.06741126462748284,0.20479877728300533,0.16657984402345988,0.16568812762303298,0.395521986443019
es_0102397,2,3,0.030753724204079968,0.09708377939020586,0.11413809959346186,0.3829345749648235,0.3750898218474288
es_0081938,1,2,0.0974560534745317,0.30191013780280457,0.32655565171458706,0.26701046594286193,0.007067691065214703
es_0099571,0,3,0.0757878300915276,0.12664372960888035,0.2733025271821629,0.32258104509466196,0.2016848680227672
es_0886117,3,3,0.02503799864600544,0.17865528299115455,0.15008420115218635,0.4273610361069412,0.21886148110371245
es_0054172,1,2,0.05568019789788945,0.23546609533804,0.5931483245862756,0.10659623214196896,0.009109150035826064
es_0345917,0,0,0.6464727193048667,0.23199123762806165,0.06156771288691557,0.027529270539209377,0.03243905964094674
es_0925068,2,1,0.26511972484882784,0.45287422942208544,0.20943480955761914,0.05233518884470699,0.02023604732676067
es_0138050,1,0,0.42967334788033684,0.12900993898120586,0.10664586772824869,0.17795408061269158,0.156716764797517
es_0893736,1,2,0.1105911181623006,0.3250040834300296,0.3402649681272063,0.21861863537686985,0.0055211949035936896
es_0738689,4,4,0.029023720082757554,0.026433667140287505,0.0762615187889784,0.25504270720666533,0.6132383867813113
es_0493852,2,2,0.06557197197764113,0.24786164088431756,0.5131509904634599,0.12458884465097486,0.04882655202360649
es_0082105,3,2,0.09688223334016413,0.11012137111910254,0.6114686895783907,0.15372809127521575,0.027799614687126818
es_0324344,4,4,0.07446659805214444,0.09360797502878895,0.0671280492431376,0.14570519851184818,0.6190921791640808
es_0109896,2,2,0.018649811210170814,0.1256541816921741,0.4518792132462203,0.38594978586298057,0.017867007988454222
es_0571803,2,2,0.1081819063862088,0.31818545470148496,0.427310614738559,0.12971821314763407,0.016603811026113153
es_0497744,4,4,0.08587155754004504,0.034692984056263074,0.03311158296305533,0.21010714079490816,0.6362167346457284
es_0886101,0,0,0.8144150783426563,0.03693021871928524,0.06932159229656848,0.055541548131319306,0.02379156251017084
es_0157673,0,0,0.4050056930047912,0.19188682655061262,0.18213858559152085,0.13990735492029868,0.0810615399327767
es_0771579,2,2,0.026591157755581758,0.3247252699423329,0.5333112357640578,0.08165960767565109,0.03371272886237643
es_0412213,2,1,0.37519033147596975,0.43576412301681067,0.11700966740529206,0.029923910084073867,0.042111968017853725
es_0905850,1,3,0.025849331012403408,0.333860628338784,0.23434867057258643,0.34797818065836034,0.05796318941786589
es_0239783,2,2,0.12492846828899007,0.29002520476787913,0.29673937117616744,0.25819807533087774,0.030108880436085665
es_0621031,0,0,0.8885045407823968,0.046979767255998214,0.032164959555511394,0.02303783761951143,0.009312894786582027
es_0495835,3,2,0.015526665212597532,0.09389935668554253,0.5440285840926427,0.33994778020129274,0.006597613807924547
es_0044296,4,4,0.01128905310368779,0.04654412376198302,0.08338384047425854,0.3763981653340722,0.4823848173259984
es_0496948,1,2,0.12111080340614981,0.1683167048549556,0.4675627716823951,0.23649344690393823,0.00651627315256126
es_0807151,0,2,0.07315814147655957,0.2866782573672838,0.3848101296914589,0.17883272047189439,0.07652075099280332
es_0577934,4,4,0.0023457471826059144,0.010188138767236097,0.06034736116499204,0.23611274395757625,0.6910060089275897
es_0019676,1,1,0.23747032928952563,0.49636332749130174,0.18403283731048448,0.06411016542256712,0.01802334048612105
es_0128637,4,2,0.1403096362200273,0.28137098794610216,0.28834115609816785,0.1859247921481702,0.10405342758753244
es_0134657,0,0,0.8161604420717111,0.0932176943448536,0.050486354080325126,0.026792605144202997,0.01334290435890704
es_0817696,4,4,0.04298579445738292,0.05830105295469309,0.14010120713187757,0.2817403151107607,0.4768716303452857
es_0518729,3,2,0.034249973283046437,0.1768478730541785,0.4335314725944386,0.26656966335162835,0.08880101771670809
es_0514048,3,2,0.19835498158850506,0.1805092488524515,0.226067846369913,0.1856267433404058,0.20944117984872462
es_0770486,3,1,0.016952686743980983,0.44403227925150884,0.31546020487080406,0.17476917425056918,0.04878565488313698
es_0765351,0,0,0.6899945590910841,0.11766192861317384,0.10683212029402364,0.05833076276217057,0.02718062923954776
es_0958124,2,2,0.039341299128018925,0.224622564865418,0.45603749203406013,0.16057740362081319,0.11942124035168966
es_0130792,4,4,0.015572224959180581,0.06239511400570552,0.08629845726220825,0.3221713696080716,0.5135628341648341
es_0703745,3,4,0.010175026609958029,0.021079617013305317,0.053247871062205764,0.33876299063395743,0.5767344946805734
es_0661308,4,0,0.4927177718372301,0.1811390640771,0.17480942937187188,0.10324057812698276,0.0480931565868153
es_0515040,4,3,0.18971763179606033,0.10361089880721444,0.16832173095911787,0.361213406925687,0.17713633151192043
es_0532817,3,2,0.18038095364974777,0.12007590549326193,0.2892429901744878,0.27563549379527574,0.1346646568872269
es_0559590,0,1,0.1549934364806856,0.5019605661906033,0.28737278450135617,0.036499793796925945,0.019173419030429028
es_0934912,0,0,0.8040014655722463,0.056363162182436234,0.06441193426683964,0.04493521855912313,0.030288219419354907
es_0430632,4,3,0.03284109974104051,0.04514312690797526,0.07660026953205895,0.4860246233523206,0.35939088046660467
es_0110350,3,3,0.03291445919157969,0.15697156536758433,0.3525848581164821,0.42936681887261263,0.02816229845174121
es_0402097,0,1,0.2374578310944103,0.3950120524658268,0.14571706797524947,0.08764839628045125,0.1341646521840622
es_0411111,0,0,0.41503797343315674,0.29643087782789745,0.16887839493540063,0.06796548348248618,0.051687270321059034
es_0681217,0,2,0.056238421907060854,0.230500365991012,0.4600139346134027,0.20637240731028025,0.04687487017824419
es_0736696,1,0,0.4691564500306642,0.36593270765394337,0.1251903552943649,0.029915183294746583,0.00980530372628095
es_0351794,1,1,0.2708418342347563,0.4539688436163841,0.21909453735827764,0.03759623747387683,0.018498547316705156
es_0066257,2,3,0.2721845018943725,0.2435603418252567,0.08879580548390771,0.3113263694169208,0.08413298137954223
es_0610908,1,1,0.23078515174300057,0.25307314110258605,0.20469222200532763,0.2017081601082396,0.10974132504084619
es_0124255,0,0,0.49916871959027675,0.07437697732131633,0.19252035408541426,0.13703314354608329,0.09690080545690938
es_0604381,0,0,0.760601412598658,0.13076316416506825,0.0577066020361343,0.0239726977816117,0.026956123418527635
es_0787935,3,4,0.03193330755706137,0.15698799627141774,0.15689947947996455,0.3206484658116219,0.33353075087993445
es_0792860,2,2,0.1377171111420294,0.21455723551654934,0.3175995350960642,0.2715683269068819,0.058557791338475176
es_0438163,0,0,0.5997479176287418,0.26974979581151504,0.08656253689064017,0.03540075385389483,0.008538995815208193
es_0704937,1,2,0.13313032697614638,0.3358232881237369,0.3648454892017962,0.1401047709024715,0.026096124795849007
es_0128253,2,1,0.1197212305930307,0.3674077324862039,0.34894238673698763,0.10300364131770216,0.0609250088660756
es_0995809,4,4,0.018711125000700022,0.07771561614067575,0.055499406217280736,0.07546861129663199,0.7726052413447115
es_0854889,1,1,0.20245759705932076,0.49778168173702786,0.18004231032070064,0.072917948221606,0.046800462661344785
es_0402708,4,4,0.006699473386800378,0.10014203361282055,0.0783354745872461,0.16283062079552577,0.6519923976176072
es_0744344,4,4,0.013851396672669537,0.06902598830133103,0.07032211583575684,0.353408495040636,0.4933920041496066
es_0917536,2,1,0.22293431272665423,0.39398384726196806,0.1419593738046496,0.07566666992496653,0.1654557962817616
es_0272459,3,4,0.00551167547800639,0.05044976258966222,0.0449902120707557,0.32916559527990547,0.5698827545816701
es_0605761,0,1,0.286195652493452,0.362828132041516,0.029810947195449446,0.08442065711160393,0.23674461115797865
es_0796132,4,4,0.02698402184408998,0.054491106956409754,0.04522820735888422,0.12120731709196356,0.7520893467486525
es_0357326,4,4,0.004627367084267318,0.01945935978613343,0.04970915437469979,0.23129928861103521,0.6949048301438643
es_0546789,0,0,0.4255525854204535,0.29405044201040476,0.155945747966513,0.0701240882736212,0.05432713632900754
es_0170054,4,4,0.014504544522822151,0.09017905875952137,0.22357921292974278,0.13254065624913336,0.5391965275387803
es_0134891,2,0,0.26837612216623513,0.2565951905821478,0.2275160041038516,0.12850353209155752,0.1190091510562079
es_0107282,3,4,0.1504628967751251,0.061638382298541725,0.21000435871238662,0.1527208106521605,0.42517355156178605
es_0021537,3,1,0.20762057650885243,0.30738521289364373,0.20250463132028793,0.22768283751576016,0.0548067417614558
es_0371031,3,1,0.21685096875178936,0.25432093769022135,0.17568694046493694,0.1063752608503457,0.24676589224270665
es_0208302,2,2,0.009982931508782988,0.33928686785141304,0.37218158477328167,0.20655593339648454,0.07199268247003784
es_0741980,3,4,0.02515377862066866,0.15911394988698527,0.2346905634115104,0.27022298435559977,0.31081872372523595
es_0499421,0,0,0.37534825898506463,0.23286139544146742,0.1655939869824888,0.19590955871849283,0.030286799872486236
es_0394317,1,3,0.033017701376483584,0.12312580306459489,0.3430461342583606,0.46289604370105764,0.03791431759950327
es_0940674,4,4,0.061911217917694696,0.0794354567571479,0.15638651646259635,0.3211192147774045,0.38114759408515664
es_0304793,4,2,0.07719543955633304,0.2879950674243975,0.4425342804217207,0.13543107352086325,0.056844139076685486
es_0511325,2,4,0.009096382805455678,0.011559800012359926,0.18283001431466567,0.2723751467279104,0.5241386561396083
es_0775187,1,0,0.4336864646063696,0.35300078294295745,0.18614907300339517,0.024154521578601533,0.0030091578686762687
es_0291972,0,2,0.2939920326296488,0.25584745411652604,0.3334543949718988,0.0969084661251558,0.01979765215677054
es_0938468,1,4,0.19424331805949688,0.11247760411221626,0.11842405201571748,0.17583282608303624,0.39902219972953307
es_0097546,1,0,0.42754052934385856,0.2646089710021554,0.16787807711723704,0.08331826354846941,0.05665415898827962
es_0882371,2,3,0.11669502751293748,0.17699929230920902,0.2125348007329078,0.25144703001829594,0.2423238494266498
es_0294775,2,2,0.1488340266851512,0.3551980779573548,0.4398544292482904,0.04967294353233742,0.006440522576866135
es_0534650,2,2,0.03216025898160561,0.3400148766617569,0.3637789737622199,0.24850821104069798,0.015537679553719616
es_0675730,1,3,0.09285923531064619,0.27196619127662475,0.280486137266512,0.28309206744790083,0.0715963686983163
es_0065024,0,0,0.7288455818468772,0.1908082648837155,0.050385955421515013,0.023488227913749344,0.006471969934142963
es_0897817,4,4,0.08413826382453497,0.0319772093480623,0.10328214491329421,0.36760815621372545,0.41299422570038313
es_0824164,1,4,0.2680516755458237,0.08365687272181514,0.0781844279523206,0.1295003588052458,0.4406066649747947
es_0381424,1,3,0.09308696725916793,0.19835162751126606,0.33068838792526306,0.36004438928434623,0.017828628019956716
es_0059394,3,3,0.006777525710830318,0.2268802039851777,0.3461479722165841,0.3776975787734172,0.04249671931399071
es_0739272,0,0,0.4409415381758466,0.42476123236469876,0.0739830886395116,0.05330095197246361,0.007013188847479479
es_0483991,4,4,0.014169230939748662,0.15354698293911392,0.03730579301129822,0.28390833774534807,0.5110696553644911
es_0632661,2,1,0.2463538316454267,0.5115372324813832,0.11258292754492134,0.08759053429821509,0.04193547403005361
es_0257951,2,1,0.294535674287673,0.46299076343490003,0.14764550272201057,0.05642540167882045,0.038402657876595934
es_0712995,4,4,0.004568682851447206,0.004528887134058221,0.04402629497224392,0.4039635221264339,0.5429126129158168
es_0844475,2,2,0.019928708472948344,0.19257469278915956,0.4961267174877488,0.2756740722476433,0.01569580900250007
es_0304184,3,4,0.017543831267964986,0.061640430160501095,0.08037461382813431,0.3883318595158957,0.4521092652275038
es_0304782,4,4,0.0016209519822919885,0.004795178553741848,0.03554459750477801,0.21816542864052307,0.7398738433186651
es_0979457,3,3,0.04799788318266296,0.05664741951806303,0.12970477758577392,0.43286434758300496,0.33278557213049514
es_0716362,2,3,0.011557558704741892,0.2594804674358171,0.305527430509859,0.38757395261919125,0.0358605907303908
es_0955849,2,3,0.022042319146143814,0.28751741023506516,0.2728325568302224,0.37836819221501594,0.039239521573552844
es_0377439,0,1,0.31600190405520834,0.43149782446428536,0.09207968268908127,0.06475573291381662,0.09566485587760834
es_0478123,3,3,0.011526700458429382,0.10199158335963406,0.09754191603385941,0.5164401879151713,0.2724996122329058
es_0010072,4,4,0.010138815839847024,0.0778465102090714,0.04700820709033324,0.10608665118001662,0.7589198156807317
es_0913267,1,2,0.0713710617667376,0.10398943500316209,0.5922013565367523,0.20296993652493117,0.02946821016841684
es_0993926,3,3,0.08308162510941061,0.07246556506100776,0.2541552464439853,0.30985679819991063,0.2804407651856857
es_0906723,4,4,0.09463175746999528,0.11412991008371023,0.08005025568019193,0.07694032160157335,0.6342477551645291
es_0181037,0,0,0.44197076506374866,0.3268230918501267,0.06668525919929402,0.08635959130878956,0.07816129257804107
es_0485235,3,3,0.016085461187717667,0.232855093071444,0.3210002036330067,0.3530921658027433,0.07696707630508844
es_0889491,4,4,0.015327780462869253,0.14789858276310486,0.12494411495596922,0.17614299775088374,0.535686524067173
es_0170691,3,4,0.06380698417518281,0.0767778256726878,0.05234770283776273,0.3617523554418334,0.44531513187253335
es_0480716,0,0,0.6054448967861902,0.21294261122294378,0.12110894233844019,0.04276365239056213,0.017739897261863626
es_0463211,2,4,0.043397300182238016,0.06983017278888495,0.10781696251105535,0.2596273872560884,0.5193281772617333
es_0344907,1,0,0.314285089646552,0.26704957667629514,0.2993044918719959,0.08029676103916854,0.039064080765988426
es_0719223,1,1,0.33455112990780644,0.35430747857864553,0.13587798763143788,0.07676193404132339,0.09850146984078668
es_0493523,0,1,0.24297193959843458,0.4569106277298764,0.21573138888512075,0.057949157846350616,0.026436885940217664
es_0144980,2,2,0.03298080408387555,0.19611881437793593,0.513184897970208,0.1465348206413437,0.11118066292663671
es_0209524,2,4,0.18916213396954237,0.1863061536244203,0.17593756931512286,0.20789855111168457,0.24069559197923002
es_0007325,0,0,0.571593017652707,0.35729801565358055,0.041874741690326,0.021091028564444468,0.008143196438941938
es_0321037,2,2,0.013125610327407689,0.415649090343815,0.43294348650628633,0.05318946620867239,0.08509234661381868
es_0338932,3,4,0.018578344229332175,0.1179888594484241,0.22609954753916903,0.31269109025531383,0.32464215852776085
es_0935205,0,2,0.06659863310179763,0.2683090545872521,0.42338457407661884,0.20891718260422215,0.03279055563010934
es_0824620,1,1,0.0713612545315621,0.35134299489951537,0.34028792443692263,0.17986241885307086,0.05714540727892904
es_0067497,0,0,0.7889294514568675,0.09605362310227797,0.06412614759003685,0.033286312120770586,0.017604465730047168
es_0114295,0,0,0.652806659465867,0.22957011277758638,0.08255124369231275,0.01822024745005611,0.01685173661417763
es_0023378,3,3,0.020565296705203906,0.06843097591686069,0.11045422923708673,0.6028877397106525,0.19766175843019623
es_0306105,4,4,0.0024573176994015455,0.008103880208229117,0.0922074062643227,0.3953879307007847,0.5018434651272619
es_0725480,3,3,0.009045898112894541,0.07286716831132331,0.3609683083282205,0.3926839027392746,0.164434722508287
es_0478961,0,0,0.33810461104384937,0.306071741604019,0.28069428880938985,0.05981505828918167,0.01531430025356012
es_0968785,0,1,0.4054096342218888,0.4391333537547342,0.10391178559025652,0.03149344633545776,0.020051780097662612
es_0709873,3,3,0.030564138101907518,0.06328189553623015,0.1727664635635459,0.38933051375363903,0.3440569890446774
es_0675755,2,2,0.07238856360514126,0.27714599799800127,0.5328924859854436,0.09674057648747217,0.020832375923941753
es_0418527,0,1,0.11471788077992862,0.4824645632227539,0.20327616431157428,0.08125417035793023,0.11828722132781296
es_0749598,1,1,0.3795908397028447,0.38499561730251797,0.045384380463205955,0.07141026809874902,0.11861889443268245
es_0644590,1,1,0.14832249698980488,0.4144049734803212,0.17420518810068378,0.1808492758014717,0.08221806562771855
es_0240020,1,1,0.12712950220299796,0.4163514708562152,0.24844567120352573,0.14946527797842005,0.05860807775884112
es_0067329,3,3,0.01288273317796058,0.11153182511505351,0.16534237044020528,0.6446936330351734,0.06554943823160722
es_0995273,1,0,0.4304115400288147,0.28835525751683677,0.16661330670966573,0.09111788537400814,0.02350201037067464
es_0114427,3,4,0.016082130025548563,0.2692845988234375,0.058108679314254195,0.12875264325387376,0.5277719485828859
es_0860940,0,0,0.5066788215397867,0.09960097274708331,0.2478001018334206,0.09578325439280834,0.050136849486901135
es_0926731,4,4,0.0016772846658391599,0.011527090859828401,0.06729473239117276,0.2735059478862902,0.6459949441968694
es_0555368,4,3,0.010041987379093112,0.07157570807218015,0.2176280638813189,0.4102968220307527,0.29045741863665525
es_0349088,2,2,0.05297304537008465,0.26712138240236766,0.38939501534880544,0.2746767018885869,0.01583385499015525
es_0624242,4,4,0.012186934242452837,0.06038794434822061,0.05321600898248931,0.1660546766319853,0.7081544357948519
es_0818784,2,4,0.12601089124069878,0.261644838833726,0.10812324238840545,0.13061682685175477,0.37360420068541494
es_0707566,1,1,0.26936223733185294,0.28384228695213787,0.16396923788157985,0.14936213791818148,0.13346409991624783
es_0386809,2,2,0.029380192453356012,0.2108636641670381,0.40631467704656626,0.3161449493465585,0.037296516986481155
es_0522445,2,3,0.020992973348580156,0.13824892225193802,0.2820924192076896,0.39281576461272355,0.1658499205790686
es_0144567,1,1,0.010077281855537324,0.40544296248536177,0.3602555101368997,0.21745585564368972,0.006768389878511402
es_0336824,0,0,0.6241079991934433,0.2988469900315858,0.038278009291573066,0.023056450892118552,0.015710550591279356
es_0816541,1,2,0.11683188093584398,0.31951526150622195,0.32542491784377636,0.1548737190920301,0.08335422062212759
es_0437534,1,1,0.1697233274759299,0.5317718265108825,0.13790814784237654,0.1222493116170185,0.038347386553792585
es_0657233,4,4,0.09624861147084174,0.23854871814552023,0.16953566564652484,0.227754049669941,0.26791295506717216
es_0941827,3,1,0.08069161166167317,0.3739121613486335,0.23841328626674935,0.2192056621548064,0.08777727856813758
es_0198286,1,1,0.03311301079266443,0.4786390346434658,0.211443201368572,0.23395532540188796,0.042849427793409965
es_0117629,1,0,0.3628469424920413,0.228103734066968,0.22596439353930528,0.13993342493934047,0.043151504962345
es_0741364,4,4,0.14829989802549598,0.1361416877343532,0.08716114492784773,0.10194953896677943,0.5264477303455237
es_0236500,4,4,0.006714744090921783,0.015787756528881498,0.12108959236431546,0.2580025850655418,0.5984053219503395
es_0703242,3,3,0.0014896462623187954,0.028516027265815425,0.3545226545271438,0.516242573348056,0.09922909859666587
es_0253136,3,2,0.0292067850013503,0.17061118092515304,0.3558456878160741,0.15754181868314468,0.28679452757427787
es_0732282,3,3,0.07243103918237769,0.09740870970046091,0.21755604195354733,0.5249659436218655,0.0876382655417485
es_0005853,0,1,0.21854687434222994,0.3658263023871692,0.21574415123714838,0.15926282922817267,0.0406198428052797
es_0747911,4,4,0.0034843800457599597,0.026948462971223053,0.0744892854005081,0.2481850358073947,0.646892835775114
es_0376323,2,4,0.037784678785921864,0.052032096483771585,0.1533175893611193,0.36901441178747774,0.3878512235817094
es_0355455,0,1,0.3524694059992813,0.46043773265046817,0.08705901402229385,0.05842226965135392,0.04161157767660279
es_0627305,4,4,0.09012336702686405,0.10394185402215902,0.038725153920907855,0.17777659434787224,0.5894330306821969
es_0654753,1,1,0.07402871106714523,0.3631034432949091,0.26268131055459587,0.19507730455357758,0.10510923052977221
es_0722171,3,3,0.0408695950334522,0.13374603385162184,0.27739527379523937,0.3560828315768802,0.1919062657428064
es_0527449,1,1,0.2511562859480449,0.3691693129077628,0.24725961348343173,0.113660999396004,0.01875378826475664
es_0770722,1,0,0.3990495457267723,0.177998295187771,0.18313009949288384,0.17934954908990247,0.060472510502670294
es_0091861,1,3,0.0061864494234044245,0.16702058469381117,0.3217333098798481,0.3381523845274515,0.16690727147548487
es_0043207,0,0,0.4223371746628863,0.30796734884145344,0.2052715044577123,0.050938983105086856,0.013484988932861158
es_0887353,2,1,0.0939733706528166,0.3304499006440648,0.19405790489029878,0.11123555592503638,0.27028326788778345
es_0438094,3,4,0.028226142862696885,0.08076217522451609,0.06828675540525384,0.27189120109533116,0.550833725412202
es_0379701,3,4,0.001102520440530732,0.0022946956790516546,0.02025666879238555,0.35327654285488685,0.6230695722331452
es_0479728,0,0,0.4559204057053584,0.2644621265842141,0.11906387440639384,0.09849912814771236,0.06205446515632129
es_0276660,3,3,0.007199701730337331,0.04908667291846168,0.2657512857053668,0.5126420186655937,0.1653203209802405
es_0690942,3,3,0.07920873614895968,0.1369748060094513,0.281506312947555,0.31811097148337647,0.18419917341065747
es_0452970,2,1,0.0949285776746593,0.3996151817564985,0.3547859946020884,0.10367039768663071,0.0469998482801231
es_0019844,4,4,0.04131052024156241,0.04552866814742172,0.027758711678689617,0.13131627153073305,0.7540858284015932
es_0593368,1,0,0.3341447975426296,0.25590460344704963,0.28880457653970304,0.11031127763963877,0.010834744830978977
es_0313567,2,4,0.16834350016823715,0.2317978089978944,0.0983998598413872,0.14098439636400634,0.36047443462847495
es_0672759,2,2,0.0924902897591759,0.10591797850997275,0.3633305431266926,0.3496772124057377,0.08858397619842104
es_0552377,1,0,0.44592668820390396,0.20673560491860724,0.19275758517472968,0.08125000647399423,0.07333011522876491
es_0935231,4,3,0.018876125112669225,0.03896760649220637,0.2550123051780814,0.5230599843982463,0.16408397881879672
es_0241793,0,0,0.6732007220801707,0.179658726058144,0.07663599026807441,0.05321247264629887,0.01729208894731191
es_0811721,0,0,0.7034085014114625,0.17139163341121197,0.06698576924971159,0.029475448571704144,0.02873864735590978
es_0330557,4,1,0.10988842436964445,0.26750437930546844,0.21355403936669032,0.1490294836691356,0.2600236732890612
es_0455650,4,4,0.04005923026173738,0.11968335430802293,0.11169315888091998,0.15774132317152584,0.570822933377794
es_0738636,0,0,0.5718867204431914,0.11415492616693843,0.16269398403536212,0.11018556695405794,0.041078802400449976
es_0583222,4,3,0.0853748899407546,0.1247818575254126,0.12104102988591321,0.39575835947607974,0.2730438631718398
es_0963605,2,2,0.04643993477924944,0.29392023915247945,0.5571159861147855,0.06061446302253298,0.04190937693095259
es_0153109,2,2,0.00959468499430833,0.21174209439739872,0.6323103854178007,0.12608901894224928,0.020263816248242913
es_0805029,3,4,0.0038406536799226038,0.018963423129675912,0.30570889261920026,0.28698886233723775,0.38449816823396343
es_0817640,2,2,0.1940984689411415,0.28778350971759586,0.41140977270730933,0.0949584799591627,0.011749768674790589
es_0327221,3,4,0.03489615056324387,0.019515263425272794,0.024386876018294205,0.14147564586787648,0.7797260641253125
es_0930172,2,1,0.14880134366063935,0.3630595585078007,0.11832816152160823,0.2130568099605775,0.15675412634937416
es_0849831,2,4,0.06406269376676008,0.13592780255280787,0.13069194732675904,0.2753751299097781,0.393942426443895
es_0795072,1,1,0.07801025760959296,0.4288984633906686,0.2381090001130814,0.12236888189419148,0.13261339699246555
es_0071966,2,2,0.020231776693297933,0.2693642482222056,0.34912150355991456,0.16026669546722883,0.20101577605735307
es_0325878,3,4,0.012497806743398558,0.11151760081136278,0.12548273180189146,0.3400687437753617,0.4104331168679855
es_0285563,1,1,0.1981568191110623,0.4490463941245073,0.2741703016478595,0.07119751352886795,0.007428971587702976
es_0492511,1,1,0.20370846160715064,0.4890673056269616,0.17764532934358296,0.05338781546464978,0.07619108795765506
es_0376008,2,2,0.008746231402456197,0.22270333740107495,0.43670494662335485,0.25242759032287637,0.07941789425023763
es_0585607,1,1,0.06469142327988134,0.44688733889914867,0.25315591575784624,0.19334197905660933,0.04192334300651429
es_0418208,1,0,0.3099348819923432,0.14956550659273765,0.15389892792487267,0.21641637354344617,0.17018430994660033
es_0638294,2,1,0.16499829355539009,0.37830897885957643,0.2170377997197956,0.2124256078012257,0.02722932006401225
es_0802957,0,1,0.34726460394108244,0.4332896112358422,0.13137652136890707,0.06967769776493249,0.018391565689235778
es_0079907,3,3,0.04378191241026862,0.1573429097690087,0.291246266596745,0.3750937033410815,0.13253520788289616
es_0964674,2,2,0.028291236898152362,0.3772871932027909,0.4356532301014754,0.1067552004757353,0.05201313932184607
es_0663482,1,0,0.39561302561764117,0.2609186959652363,0.21225166838288975,0.08280309770144198,0.04841351233279076
es_0492141,4,4,0.14304497857753812,0.10620450255578544,0.08808217366897356,0.20750877620814406,0.45515956898955884
es_0136454,2,2,0.018257121411497636,0.08811078930016744,0.44525739776939666,0.3845423276875978,0.06383236383134046
es_0739155,0,0,0.549305128174422,0.13476403682449484,0.16245820075853729,0.08999182886514764,0.06348080537739817
es_0645518,1,1,0.11849454890643225,0.4374916649167031,0.31713538582231193,0.10572882688090948,0.021149573473643206
es_0079000,4,4,0.015489034630712443,0.02926603685824456,0.03770922657842639,0.33097536794771465,0.5865603339849019
es_0130490,3,4,0.013944021588634326,0.02594605189749057,0.08384092387260807,0.2849721048429422,0.5912968977983248
es_0161280,4,4,0.12997629792536816,0.22100996874773204,0.16885224813996902,0.23863112385159474,0.24153036133533604
es_0504900,2,1,0.0785774733490184,0.34407427796794243,0.2214673201787904,0.23739156733111627,0.11848936117313244
es_0538036,1,0,0.6178524541259292,0.20081987423307912,0.1444969021458135,0.01741574935807481,0.01941502013710351
es_0781727,0,1,0.05355257565326663,0.5695162427032939,0.23880604758134855,0.05848530607589407,0.07963982798619687
es_0645542,1,2,0.06161398734392631,0.25959392287409905,0.45217185576661106,0.11324785755682502,0.11337237645853852
es_0800012,2,2,0.01693590973798544,0.3283038319915704,0.5384462572221052,0.10968233087914614,0.0066316701691930685
es_0569194,3,3,0.15739712497130315,0.3086594043593632,0.1280532934436091,0.33066520367234503,0.07522497355337954
es_0538445,3,1,0.21917515052594502,0.45841740182809376,0.23299644286492888,0.06223748858224567,0.027173516198786617
es_0149979,3,3,0.0405425850627101,0.20827609347477227,0.3045380288696814,0.4279733801571733,0.018669912435663006
es_0277413,3,4,0.02972404426994446,0.051954114302058076,0.21592032667776379,0.19075348609022932,0.5116480286600045
es_0796635,3,3,0.002350150913543024,0.026281820308006708,0.31405151715519947,0.6414865838422663,0.015829927780984524
es_0666873,1,0,0.6736214548254176,0.12297962171901644,0.11710148379983842,0.04834811310103715,0.037949326554690396
es_0430199,4,4,0.0034903502387816864,0.016331175455850288,0.043839789981166624,0.1944507150634392,0.7418879692607623
es_0701149,1,1,0.1721603712434549,0.5100367563529205,0.12264762384671284,0.10646159852390483,0.08869365003300685
es_0869647,4,4,0.005655185663978402,0.046529196874662664,0.10783017904451328,0.4103294279712995,0.42965601044554624
es_0746254,4,4,0.01967814516496242,0.09903984992084522,0.28187113090804283,0.2800084359073412,0.31940243809880836
es_0331668,0,0,0.386707871825246,0.33330320514732326,0.16984531288838475,0.08809806241177734,0.02204554772726867
es_0328127,0,1,0.1369910024569215,0.4699156924793056,0.15955360727985704,0.16059532562976014,0.07294437215415568
es_0261159,1,1,0.020614140645015617,0.3605590103498159,0.3271893124578121,0.1187724998744766,0.17286503667287975
es_0404655,4,4,0.009591037829577032,0.02426384375719635,0.020416938542441476,0.2241845309814546,0.7215436488893305
es_0456614,0,0,0.677237696212423,0.1858267506671907,0.06924676535462858,0.04607327609701701,0.02161551166874062
es_0320414,4,3,0.017877171411572974,0.21206899010443436,0.09140421228587911,0.39571976783321555,0.28292985836489803
es_0127791,1,0,0.27844222146114317,0.22226097373063142,0.1642277289377984,0.22916490233381753,0.10590417353660952
es_0845398,4,1,0.07184437092565535,0.299142363869279,0.26077880491436145,0.19958961979681997,0.1686448404938842
es_0266168,4,0,0.42522653242510494,0.3402315919146973,0.10411577401443184,0.031053892361824532,0.09937220928394137
es_0950124,4,4,0.010251207546505242,0.03036412230521754,0.04049015409231856,0.19724012142320027,0.7216543946327584
es_0640875,1,2,0.09176009031453822,0.21420848012795055,0.48152804428452567,0.17260510597128012,0.039898279301705544
es_0886774,4,3,0.008291809586408258,0.18998019734533814,0.23642850699085982,0.5369470205842161,0.028352465493177735
es_0775586,2,3,0.010665182539918784,0.08667640547395346,0.25369584940720447,0.5795498786020536,0.06941268397686966
es_0858947,3,2,0.15714071739769647,0.2289418249039,0.2987123213228968,0.21093585604203757,0.10426928033346905
es_0786371,4,4,0.014150604258748738,0.05728290468232235,0.05499330932723449,0.11696269553629553,0.7566104861953991
es_0661323,1,0,0.4879118386379229,0.3593326618928637,0.06914828876947468,0.0545288299749979,0.029078380724740782
es_0681562,2,2,0.10704466729015269,0.1583198798942385,0.2784722225942889,0.1888422438061152,0.26732098641520474
es_0794041,1,3,0.0906579915755111,0.1873081541261375,0.2259411477406687,0.36404014222202574,0.13205256433565693
es_0683170,2,1,0.06019887759475566,0.3659512826219953,0.3181044481225599,0.1426358991291902,0.113109492531499
es_0355716,2,2,0.03366619360633656,0.1339498872579319,0.3981793556005101,0.25884529174408527,0.17535927179113614
es_0151717,4,3,0.009228321870134629,0.05805405028900401,0.12147713133895639,0.4091411589953703,0.40209933750653476
es_0485915,2,2,0.03609486326872187,0.22610077807256773,0.4267471878359158,0.20249939678269646,0.10855777404009807
es_0659118,4,4,0.033970219353659334,0.05995902584439352,0.046160951008104224,0.3005988798031419,0.559310923990701
es_0870885,2,3,0.13129573381875173,0.3123438013469008,0.1735735928873554,0.32002839856246623,0.06275847338452578
es_0331977,4,3,0.0468247386337306,0.05913089530757907,0.317523358700317,0.35257569890150514,0.2239453084568681
es_0340447,3,4,0.028380171224881644,0.08034536061815475,0.05860581286783214,0.09076533748542341,0.741903317803708
es_0263496,4,3,0.009268720071136096,0.05812990658870045,0.05006741857303252,0.5976368909588636,0.28489706380826735
es_0413283,4,4,0.0004565320837815164,0.007015257039074023,0.024788798561246394,0.2207506165478895,0.7469887957680086
es_0403406,4,4,0.02077012467931385,0.13178405130106755,0.10722167507719396,0.3309409185049386,0.4092832304374861
es_0604982,3,4,0.06932434216241529,0.07716110455785855,0.09606430479127279,0.23585618876296607,0.5215940597254873
es_0662350,0,1,0.27472604975186754,0.3940157081240759,0.17109402442824825,0.13257767009397442,0.027586547601833912
es_0696586,0,0,0.5087440664353962,0.16543458684364776,0.08116043890589632,0.14273620433836892,0.10192470347669094
es_0508414,1,2,0.08540750002994366,0.16548343595394005,0.380576718044338,0.24625163089901583,0.12228071507276236
es_0380697,3,0,0.6311197687562878,0.2420326213328147,0.07643519141563947,0.04203708254491807,0.00837533595033993
es_0498731,4,4,0.01839861450270587,0.07678342118096423,0.1599454776659637,0.2565875570034063,0.48828492964695985
es_0513234,2,2,0.02816589772693523,0.2784350225609709,0.4926220219694832,0.16786335822841827,0.032913699514192415
es_0328280,2,4,0.022491142299503657,0.02866530980023001,0.09133962189093388,0.1377234543020161,0.7197804717073165
es_0256089,0,0,0.7611440321777145,0.07534603050637646,0.0837663993226878,0.0550466930002181,0.02469684499300305
es_0205189,3,2,0.02197070328997125,0.2728330079221616,0.4033349248580115,0.23682903239328276,0.06503233153657288
es_0560981,1,1,0.16471166276726884,0.43255514137520545,0.325877143352658,0.05445910171888204,0.0223969507859856
es_0625612,1,2,0.020706689667065632,0.22216789286857286,0.4123053549779165,0.23754541766980566,0.10727464481663943
es_0285005,1,2,0.10749665217840491,0.27482600900562293,0.515617918501208,0.06615203547129529,0.035907384843468906
es_0610152,1,1,0.2730672252372196,0.31233926485123326,0.22463361992665906,0.16990157681718757,0.02005831316770044
es_0210032,3,3,0.006858459823768356,0.019526857628295497,0.1602357147876728,0.42688033367510697,0.3864986340851564
es_0234172,0,1,0.24160562681652076,0.46410088562477253,0.23569703037167491,0.048595061734111974,0.010001395452919743
es_0285334,4,4,0.008783672356890197,0.026116053865878834,0.061388152632455825,0.20610067065329254,0.6976114504914825
es_0934149,2,0,0.3677263077399477,0.24965514260473895,0.10019706331105209,0.10431275464773546,0.1781087316965258
es_0952376,4,3,0.06663333335909925,0.16043722107978065,0.2470602664620337,0.4690086995905881,0.056860479508498304
es_0244105,1,1,0.10379112775322016,0.3618364271501707,0.24583569671211114,0.26991128145347376,0.018625466931024223
es_0237479,3,3,0.0032594251626558318,0.10934130351926649,0.2693649948887925,0.33762615825805103,0.28040811817123423
es_0819519,2,2,0.010503462046274717,0.3162811908067073,0.4818002234181146,0.1527724263702648,0.03864269735863851
es_0367546,4,4,0.0071187668189764105,0.016769187477369125,0.07205117329664254,0.3107820917380544,0.5932787806689575
es_0847567,2,2,0.04368510561126686,0.13271938334333128,0.39426519708600866,0.35212125227966806,0.07720906167972519
es_0676947,1,1,0.01999038154239412,0.3447516828035493,0.315047132563328,0.22533089105057003,0.09487991204015866
es_0846180,2,0,0.38119364141535994,0.130630920165403,0.27221998871876085,0.19294134544617414,0.023014104254302063
es_0999434,4,4,0.0051066611766797994,0.11011163806893087,0.1056188516309573,0.18786526480671753,0.5912975843167144
es_0647244,0,0,0.8028360627361127,0.0849647866990201,0.05566865167307876,0.04043970015343899,0.01609079873834939
es_0310606,4,4,0.030639061765663146,0.06382487462835458,0.08421557544857959,0.08844682469201917,0.7328736634653835
es_0310930,4,4,0.03265530753230767,0.09973990117752045,0.1035263632048933,0.2866011959921943,0.47747723209308424
es_0295038,1,1,0.26466424558921814,0.5127335648719616,0.123608145739812,0.08752237630755397,0.0114716674914543
es_0120302,3,3,0.02330700828581797,0.08268307630073538,0.3794576518776025,0.4093394022069776,0.10521286132886651
es_0608547,4,3,0.08407226441462902,0.06167724937162426,0.09192918400308464,0.3903596549808434,0.3719616472298187
es_0881049,2,1,0.09269682373352568,0.28424582460812875,0.21358400408819703,0.15414989988078692,0.2553234476893617
es_0401645,0,0,0.7379322466429983,0.15541563590353297,0.057193372049444226,0.023524835909272256,0.025933909494752355
es_0998791,0,0,0.6889190208872694,0.1714182913484037,0.05261482908686195,0.04302197979930653,0.044025878878158356
es_0798886,1,1,0.11224814748142746,0.3474204435859679,0.2841394899344182,0.19502167369180756,0.061170245306378865
es_0862242,4,4,0.001022930930414625,0.00887692969098259,0.03737686831900709,0.3294115021629549,0.6233117688966407
es_0776698,1,2,0.13323977854179064,0.23101496696263496,0.3820447799854384,0.2235400884927466,0.030160386017389407
es_0018134,2,4,0.030156484110862004,0.08280134390188822,0.08305775907380873,0.32351167293278843,0.48047273998065265
es_0160914,3,3,0.02450318145300057,0.2794707291756981,0.12036850444965397,0.3192006168105815,0.2564569681110659
es_0817312,4,0,0.36292943145502105,0.2551992823410873,0.14623670494819097,0.18886050067270582,0.04677408058299479
es_0563795,1,0,0.6696380600214871,0.18797475105873618,0.06726611348120129,0.03826951648112058,0.03685155895745486
es_0362179,0,1,0.1645793031073247,0.6001744615994233,0.14304697634855426,0.059231687076420195,0.03296757186827752
es_0388601,3,4,0.007629564542557631,0.0627444657429452,0.17762566998441168,0.3318899813005147,0.4201103184295708
es_0288116,0,0,0.49547612940742447,0.3230948951228653,0.0951409633228576,0.06468674544985306,0.0216012666969995
es_0134855,4,1,0.1503485052433701,0.5266611141783984,0.20338788495033283,0.08979405168075442,0.02980844394714417
es_0429775,3,3,0.037387644653118425,0.21703679925952976,0.2480987458816275,0.4292606069208049,0.06821620328491933
es_0499703,3,3,0.015559734970774891,0.11324490139581711,0.06883802016913723,0.4446436302175534,0.35771371324671747
es_0534667,3,3,0.03962153670052645,0.18777678760593783,0.3029673562890265,0.39326090055904406,0.07637341884546507
es_0506243,2,2,0.0010093325064627987,0.03240588838639761,0.5728047325692075,0.37923009925029855,0.014549947287633563
es_0605345,0,0,0.3390369662256413,0.22414871120277483,0.267939355778379,0.12781427075225946,0.04106069604094549
es_0762331,2,2,0.003388351498928166,0.22520575350118804,0.4007152320264706,0.31705193508514223,0.053638727888270996
es_0479284,4,4,0.04298548363371422,0.11102373501645704,0.055959013932234805,0.2216806145196221,0.568351152897972
es_0149648,0,0,0.46563261018614954,0.0814937011972534,0.16187687928797093,0.09597161236132697,0.19502519696729917
es_0043389,0,0,0.6679510409383463,0.20631160820033284,0.07694198815220124,0.03552365420171204,0.013271708507407548
es_0120076,0,1,0.3354773736243589,0.44987556540608387,0.1360597273478831,0.03711370327272351,0.04147363034895065
es_0063732,1,1,0.12818612490903242,0.39304268097933914,0.24926512293970293,0.2066280729608426,0.022877998211082932
es_0760311,1,3,0.12080114269583678,0.11038379394733659,0.13424679455616553,0.4848905016776085,0.1496777671230526
es_0825275,4,4,0.09426012709443059,0.10194248810349268,0.10480267230742624,0.2311980605809012,0.46779665191374925
es_0728934,3,2,0.018685509960169887,0.13446881879252473,0.3397981056969315,0.3003940441947385,0.20665352135563544
es_0654412,2,2,0.03928037235026262,0.2337360011555169,0.5950228253195526,0.1255031613752467,0.006457639799421157
es_0965276,4,4,0.04568605631003843,0.1025639595800377,0.11152392588154184,0.2080299376906581,0.5321961205377239
es_0524656,2,4,0.08002185923351315,0.1278459107159417,0.1082282749208483,0.30920831925094117,0.3746956358787556
es_0665555,0,1,0.10310805203589397,0.4745122773093534,0.2250172091072474,0.17004255762182088,0.027319903925684348
es_0512044,2,3,0.028980150693775214,0.07034749325426792,0.2666095624161816,0.4263182318506173,0.2077445617851581
es_0977736,0,0,0.5127669233755253,0.3272483588592829,0.10619509861994243,0.0359202210806009,0.01786939806464851
es_0752520,1,1,0.12287883297237656,0.3786333848898529,0.37643499258110424,0.09042735859979087,0.03162543095687555
es_0811868,4,4,0.0012495261700822464,0.005356609169361104,0.0475619229489359,0.4690238130748171,0.47680812863680366
es_0768337,4,4,0.17201614239448604,0.18370527001082504,0.16632538465788585,0.12872701071413006,0.34922619222267304
es_0703346,4,4,0.1373179533573067,0.22953956504018605,0.1625956016357792,0.1330745969041227,0.3374722830626053
es_0921503,1,3,0.013528938544464506,0.2783306934026887,0.2043201179972518,0.49107800585839884,0.012742244197196254
es_0253501,2,3,0.060095170576756576,0.07376770090748497,0.2511731101567115,0.37496833414881714,0.2399956842102299
es_0761314,3,2,0.05769581466039654,0.3332410771500425,0.45664025711625766,0.10880745380797711,0.04361539726532614
es_0185611,4,4,0.01060205087458315,0.05169310355636116,0.06429737976618848,0.3641502386903065,0.5092572271125607
es_0476920,3,2,0.007559115063777919,0.19526336144231554,0.41094175382211134,0.3797186429075703,0.00651712676422486
es_0411262,0,0,0.6194813507727669,0.19591371278151265,0.10158319884382097,0.06980504999186535,0.013216687610034156
es_0612701,1,4,0.04804683119411175,0.08667372390376268,0.2577470490480359,0.2525402401243098,0.3549921557297798
es_0697021,2,1,0.08825517170865088,0.3460587651018034,0.1630306875247043,0.24009659315279244,0.16255878251204897
es_0306922,0,1,0.1716657527541717,0.44079191243063987,0.16479088267448777,0.09046825725982247,0.13228319488087817
es_0820483,0,0,0.6154884455321581,0.10154102403524772,0.1455589487425413,0.06631706843146767,0.07109451325858518
es_0878673,2,2,0.038410399041142865,0.12867601720657365,0.6360836820542495,0.1867098026823416,0.010120099015692437
es_0240898,4,3,0.1180799250245671,0.17577645695978547,0.21523120620820216,0.2620286514028797,0.22888376040456562
es_0322250,1,2,0.00539172368645195,0.15141235930917368,0.537769959890664,0.2351344809094275,0.07029147620428285
es_0786202,4,4,0.08595666349107944,0.19466241763150527,0.19113355046834568,0.17946271585654977,0.3487846525525199
es_0293899,2,2,0.012354116574621016,0.16722688421991544,0.5401099611307032,0.21885539651120953,0.061453641563550765
es_0677272,0,0,0.6890139420517623,0.19096179310491723,0.07428359124629949,0.034859348465583986,0.010881325131437008
es_0589678,1,1,0.12930192377031405,0.38252783333472695,0.3222318612224125,0.13723500601111657,0.028703375661429935
es_0183454,3,3,0.07636052810263248,0.13949882288758847,0.2767555238296358,0.3883958932989808,0.11898923188116244
es_0410327,1,2,0.007900587541781159,0.19933661435105451,0.37145675175535886,0.30949033863860387,0.11181570771320166
es_0663002,4,4,0.03691048810492401,0.06376772006149292,0.1414552985417124,0.10273173982049855,0.6551347534713721
es_0891063,2,1,0.052249241709686256,0.45442516258399124,0.284042404006795,0.1836388025833468,0.02564438911618075
es_0505265,0,0,0.7188269759330796,0.16920276071051674,0.03758885351843855,0.03702186797407714,0.03735954186388788
es_0415133,2,2,0.008714106878628577,0.054647525907874486,0.4708727028469065,0.3288662442582205,0.13689942010837003
es_0483315,1,1,0.3102262608615242,0.4036800071258796,0.10519263348830983,0.12707260262766598,0.0538284958966204
es_0744513,2,4,0.018006570235278747,0.036494529316995386,0.1060191512521393,0.2604974638418879,0.5789822853536988
es_0444111,0,0,0.6067967989805079,0.27575712279879705,0.031681310335093235,0.010265549721671898,0.07549921816393002
es_0866583,4,4,0.03852329031253481,0.05981484748681036,0.08882128105141103,0.1097955025938849,0.7030450785553588
es_0469230,4,4,0.03936064416574439,0.17908953954873247,0.2103529116984923,0.19454633157740964,0.3766505730096212
es_0416802,0,1,0.35509594770697817,0.41989090907460913,0.12755670059204113,0.06440091198118722,0.03305553064518436
es_0735717,0,0,0.6433602078967844,0.18417048901999303,0.0746495538103139,0.050777769756744154,0.04704197951616459
es_0147951,1,1,0.22926153721107517,0.3585867392324152,0.27374532871098345,0.11480728106690721,0.023599113778618952
es_0730103,3,3,0.002274056370910515,0.009599647282277099,0.09533347339415474,0.5098122313343265,0.3829805916183311
es_0734912,2,2,0.036744858829508176,0.21880906650548831,0.42025822885015424,0.22522132080014168,0.09896652501470757
es_0494184,0,0,0.8069825387038698,0.05023259446692019,0.0626600712351518,0.06472493804171,0.015399857552348148
es_0399448,2,2,0.013577909589187354,0.15027176554681612,0.42725929996148204,0.34965918746853564,0.05923183743397894
es_0254998,1,2,0.10860630899649562,0.28195704997098614,0.3233390651020921,0.19830430673844562,0.08779326919198051
es_0848007,4,4,0.0008400206901518343,0.007933935332650651,0.036428247507092754,0.36023917881986045,0.5945586176502443
es_0643095,0,0,0.4820954032227032,0.19431171417797014,0.1595765037866464,0.12243436814581687,0.041582010666863414
es_0095007,3,3,0.002772463959667491,0.10019539857413032,0.33146368537743254,0.399042132886284,0.16652631920248576
es_0401000,4,4,0.023561543117963157,0.17747966108278568,0.12211071834187712,0.21140804637190444,0.46544003108546955
es_0701507,4,4,0.0019940848535095644,0.043466899702862404,0.05739504379511702,0.3029998827858414,0.5941440888626696
es_0099779,1,1,0.08217826326356502,0.3549589342585273,0.2745061669349883,0.18413065178236745,0.10422598376055188
es_0674500,4,4,0.0021123514007182764,0.007978183998575517,0.023734920920373593,0.3486882217090139,0.6174863219713187
es_0169968,4,4,0.028083269415323703,0.04249385383591185,0.16981721033987734,0.3572453635999694,0.40236030280891766
es_0761599,4,4,0.06687885746939451,0.2108583501954151,0.07371799684384063,0.08262084431914477,0.565923951172205
es_0026904,3,3,0.019707911259615955,0.27663250158605635,0.19953050568239875,0.35564935333569436,0.14847972813623456
es_0546527,2,1,0.15560232525059386,0.4817676480448978,0.24145149795524964,0.07109879011271765,0.050079738636541096
es_0852224,1,1,0.13812267580157672,0.4083401579150105,0.1501511799750322,0.20820474743272044,0.09518123887566018
es_0858378,2,1,0.049736750279301675,0.37503435803688207,0.18982839046423386,0.3143014062089541,0.0710990950106283
es_0959179,2,1,0.03165773128240383,0.3733316066837785,0.36874556217450527,0.08399618112484093,0.1422689187344714
es_0551928,3,2,0.1793297820270987,0.32344013349560957,0.3579824360750259,0.09418354284866366,0.045064105553602254
es_0884091,0,0,0.5582721652164387,0.23229823808831193,0.10327444619406792,0.0543476434857703,0.051807507015411106
es_0282405,2,2,0.07425206743349089,0.23841236846711394,0.42369742007800937,0.2208435576857096,0.04279458633567605
es_0114047,0,0,0.4570152107269759,0.16501569706843613,0.2636232533280203,0.061391368897385355,0.052954469979182336
es_0004693,2,3,0.20006932916685566,0.23057415235514203,0.24051559390606198,0.31832628564726273,0.010514638924677555
es_0034893,0,0,0.4657243412448702,0.31538977704251836,0.09105092666542389,0.11533737966176572,0.0124975753854219
es_0553325,0,1,0.19721714608471405,0.3709228698886104,0.1652493217527092,0.13484176667118963,0.13176889560277663
es_0521974,0,1,0.12250385708002634,0.38694372949369604,0.23311045844037573,0.22883921094626417,0.028602744039637695
es_0219878,0,0,0.7323563633066529,0.10486391934633257,0.10367033856750585,0.035162409288083965,0.023946969491424795
es_0016786,4,4,0.0023738830914623735,0.020955451357957573,0.056300195421487176,0.4264668037520371,0.49390366637705585
es_0606871,4,4,0.023133872917059893,0.020327233465984813,0.03635776611726725,0.1392271863737001,0.7809539411259878
es_0514803,3,4,0.013886084146090513,0.10557870462221985,0.09861729114456078,0.23920188166367864,0.5427160384234502
es_0750519,0,0,0.5561493913371685,0.19669241009079783,0.19039104855634087,0.039137432456437436,0.01762971755925525
es_0301472,2,1,0.0383113782782907,0.38536967125102645,0.35582048300668784,0.19717895025663426,0.023319517207360696
es_0809340,4,3,0.2561163141451136,0.12659869715212269,0.18900078711879253,0.27237284000172163,0.15591136158224955
es_0690678,0,0,0.5761481134979481,0.2801682106959122,0.042206330275623496,0.06550057307546524,0.03597677245505095
es_0084647,4,4,0.011239426913329815,0.05646112562813199,0.08602001305144753,0.17154880993523558,0.674730624471855
es_0194280,1,1,0.16434069530820478,0.36547356123217206,0.25363401927988616,0.1539699908769901,0.06258173330274694
es_0805182,0,0,0.7433413746986084,0.14292055136240428,0.07585239472543918,0.016049143216969985,0.021836535996578234
es_0495526,1,2,0.061190477120062314,0.26795225921128585,0.5479641981580525,0.11180047411318368,0.011092591397415627
es_0510655,3,4,0.007403229582905296,0.008637049612046735,0.027459585685761068,0.41425450377988604,0.5422456313394008
es_0705510,4,4,0.02572442047542599,0.028902272073383188,0.04227794228514235,0.37252507894053916,0.5305702862255092
es_0057653,0,0,0.6729370076245196,0.19727728479703882,0.06398650114157373,0.02919336368116466,0.03660584275570321
es_0768186,4,4,0.004974734897714705,0.006394599907279273,0.02825621585898868,0.3394753100520679,0.6208991392839495
es_0013924,4,4,0.10724255898169129,0.06608042963461114,0.07809879459335187,0.17456020733542926,0.5740180094549164
es_0717708,0,2,0.15085322862076805,0.296656061077743,0.32763825939579566,0.1551822850656239,0.06967016584006948
es_0561910,1,2,0.164673964807855,0.21144234686996377,0.28768372281862464,0.19240951679855736,0.14379044870499924
es_0950540,3,3,0.009114169746491034,0.06760455193553064,0.1950847120647304,0.4186658109891364,0.30953075526411156
es_0027177,3,2,0.1004608433783305,0.19052239936939644,0.2930759322842356,0.23903516234148486,0.17690566262655255
es_0377489,1,0,0.36460813739144177,0.2260719883676865,0.09943946318544608,0.06992883777226988,0.2399515732831558
es_0842698,2,2,0.11350106244017569,0.2153324263542793,0.3475312163821479,0.18616401963429785,0.13747127518909935
es_0495892,3,4,0.020625762839675453,0.17224507040791712,0.13726499778123408,0.26320096529732584,0.40666320367384756
es_0467947,4,4,0.003542360384893533,0.0103556926114698,0.042847372449517314,0.2122503675791406,0.7310042069749787
es_0423416,3,3,0.0022010180625475946,0.01177631517100971,0.10139731552055423,0.44663273672287385,0.43799261452301463
es_0758989,3,2,0.1331925347544361,0.1260609960438958,0.4488177180284315,0.2581105743773112,0.03381817679592528
es_0049402,1,1,0.21923396690712518,0.5078124634419338,0.215328775277334,0.04256635431780952,0.015058440055797647
es_0782781,2,1,0.1318349539830204,0.5651233500000126,0.11150164522072639,0.0970931518684142,0.09444689892782634
es_0500743,2,4,0.044962379365112354,0.0331494252397833,0.11348411168643213,0.33614929009098937,0.4722547936176828
es_0702492,3,3,0.009162247497349802,0.11543627116521422,0.3603166996654757,0.3865389601398205,0.12854582153213986
es_0508548,0,0,0.6609433348693944,0.2423515176793009,0.03917006600585078,0.025112314740689624,0.03242276670476425
es_0042231,2,1,0.2659851679989938,0.41977937726461156,0.16639392388138627,0.11595655490423332,0.03188497595077504
es_0643994,3,3,0.031498471273404736,0.08809670881328738,0.12925600883055205,0.3869936589811527,0.36415515210160315
es_0453939,3,3,0.0028415132601456125,0.007331761240487995,0.04086509028389798,0.5646282862721148,0.38433334894335364
es_0600458,4,4,0.009621866170696007,0.032527145411675354,0.03792267772688009,0.28395226340114466,0.6359760472896039
es_0709280,2,3,0.020261780285487994,0.17821963284553977,0.33765788003545744,0.3713329689096276,0.09252773792388717
es_0642289,3,3,0.01626065004669979,0.06329903137264493,0.16420589283628542,0.5424766803810478,0.2137577453633221
es_0242949,3,3,0.020282987115013956,0.12067989120621121,0.23051892721696898,0.46342757373913324,0.1650906207226726
es_0138711,4,4,0.021293358649139282,0.031947801925535514,0.06632594032986193,0.411188324889067,0.4692445742063963
es_0139203,0,0,0.6236257262605428,0.2448741777579974,0.07792208777566874,0.03981238782633813,0.013765620379452882
es_0752205,2,1,0.10610123891200449,0.550651378125568,0.19881445059109285,0.1246781263637402,0.019754806007594446
es_0974286,3,0,0.3421856524337927,0.1445341339177856,0.2169531253692663,0.16407122217585393,0.13225586610330153
es_0486376,2,0,0.39200734004922744,0.14983003354755148,0.206980403634159,0.13357012158329337,0.1176121011857687
es_0659894,1,1,0.044652032428668886,0.5035154473074774,0.3099129113156558,0.13087866494183892,0.011040944006358891
es_0280071,4,0,0.28127337316686024,0.23773699629216288,0.14126267483050586,0.12470319117461368,0.21502376453585734
es_0373511,2,4,0.031114083505807816,0.05650061841452201,0.05466644138121053,0.09133230752224626,0.7663865491762134
es_0846274,0,1,0.1447564566594533,0.42803665259959073,0.31063419181221624,0.057379183939999176,0.05919351498874041
es_0845408,1,1,0.15193650152595167,0.4597885594630256,0.19737218585672264,0.15358194225815583,0.03732081089614432
es_0982518,4,3,0.043329171934167535,0.14517490447560533,0.2619768016008164,0.4261576178085753,0.12336150418083544
es_0681489,2,2,0.1954892913177902,0.24386200692047527,0.261703145908262,0.25763112031107355,0.04131443554239898
es_0265202,1,0,0.31053183869619705,0.18905564822793103,0.26716206274020665,0.19810416282690468,0.03514628750876054
es_0209571,1,2,0.04890067305458608,0.26119524957132945,0.340831304872127,0.15240562896786447,0.196667143534093
es_0414167,2,3,0.036687494348938275,0.1881316252487379,0.35785775051477114,0.37408425353758695,0.04323887634996578
es_0014812,4,1,0.2380369632533328,0.26722123496580685,0.08019665626649294,0.1602807919710139,0.2542643535433536
es_0943704,4,4,0.056467882547546054,0.17999303404761186,0.22420419947443873,0.18753338679468934,0.35180149713571407
es_0676362,4,3,0.007187531729574955,0.029204921754477347,0.08712156974183875,0.5599968152591985,0.3164891615149104
es_0984526,1,1,0.05164803974221871,0.4769598397963583,0.26721082644786087,0.11596850715756071,0.08821278685600129
es_0078893,0,0,0.7343427031109443,0.15626184127123258,0.046391040998135555,0.03548428271232905,0.027520131907358532
es_0927306,0,0,0.48108251205875413,0.10217095200969388,0.1184053121080553,0.18940440993141866,0.10893681389207802
es_0195765,3,3,0.05786547644328567,0.17208032226823117,0.10647972530024552,0.3563610236466755,0.30721345234156217
es_0970744,1,1,0.23112469110854397,0.3206111273787827,0.19470689208684924,0.14427633208824092,0.10928095733758325
es_0101265,4,4,0.015391677067516952,0.026302267884193164,0.07121831451045603,0.12171456536581964,0.7653731751720143
es_0900627,4,4,0.01748011671887302,0.018125665474704625,0.055748445132631344,0.13391724319393578,0.7747285294798552
es_0222616,1,2,0.02018248618152905,0.325357805331672,0.5544232532383508,0.07227074584031026,0.02776570940813793
es_0526258,3,3,0.03740424412373204,0.09523106866598442,0.20893357734063164,0.39061695422008,0.26781415564957184
es_0140320,0,0,0.3833167338894117,0.24914166797149945,0.2380281788497574,0.06597704841909308,0.06353637087023828
es_0995892,0,0,0.6846223029106137,0.13498542310588266,0.11006635439329518,0.05719595906826003,0.013129960521948397
es_0491108,0,0,0.651607831249716,0.20310114455024464,0.0837994158030457,0.03973950141185301,0.021752106985140678
es_0671755,3,3,0.00858517003879035,0.0945250772937328,0.36782177904903324,0.4769034466260248,0.05216452699241878
es_0274011,4,1,0.2076925097473084,0.3708962804183704,0.10419166084274945,0.14079682172947713,0.17642272726209457
es_0255838,3,4,0.05000096721467602,0.05511400532746431,0.14090946118250722,0.3115064192798652,0.44246914699548723
es_0109266,0,2,0.1147686420450547,0.31925218342624584,0.36114784855166937,0.1462491613087661,0.058582164668263936
es_0654208,2,2,0.1110157006933576,0.1605559906313765,0.3416161345184084,0.32605094830395076,0.060761225852906844
es_0896667,3,3,0.023688707103188152,0.09924944843145497,0.2464666164452102,0.3833584807991383,0.24723674722100833
es_0325479,4,4,0.013974554201762902,0.018750227690010456,0.03876469989005304,0.1584960713255123,0.7700144468926613
es_0393713,3,3,0.046521387872703136,0.03689552140992179,0.2604711661267464,0.4951413499540503,0.1609705746365784
es_0290267,1,0,0.39143709323309467,0.3317430600277841,0.06559002657553295,0.06653727543128164,0.1446925447323066
es_0316127,1,0,0.48185999896791715,0.23966557231141708,0.14751812210395815,0.10852224374865509,0.022434062868052426
es_0726739,0,1,0.21716261704993772,0.552097068855558,0.14266602147098267,0.053534626035877386,0.034539666587644256
es_0047736,0,0,0.4512948188433107,0.389472288339051,0.07791670527186527,0.05286821853980188,0.02844796900597114
es_0264945,0,1,0.2237154180110752,0.23642552424591795,0.2067265067960488,0.16084108143198722,0.17229146951497082
es_0349988,3,4,0.04450911974526077,0.16258332851126395,0.2837774320750065,0.1635524208970647,0.34557769877140404
es_0112777,0,1,0.03742460298522275,0.4555474554635783,0.36914665656682466,0.07824292280838299,0.05963836217599131
es_0686238,3,4,0.1131453121293963,0.140287087064433,0.1514636185352017,0.18630603246045357,0.4087979498105154
es_0879230,1,1,0.07651081790884581,0.42817931111891994,0.25896070881438443,0.21284573412277868,0.023503428035071036
es_0854453,1,2,0.27135371324318136,0.255566205053716,0.2728312459115868,0.15673506976936905,0.04351376602214683
es_0986778,0,1,0.30439218404471446,0.33666668663998917,0.09812625124313765,0.07055880512964115,0.1902560729425176
es_0473535,1,1,0.19911609877597206,0.4547832181418879,0.21293323136150014,0.0891256602758924,0.044041791444747555
es_0801676,4,4,0.01478151909049911,0.02828685201000381,0.03269459180129296,0.4084650683609741,0.51577196873723
es_0049694,3,2,0.03626006453697975,0.13347073794985337,0.440822119273952,0.2944914579544993,0.09495562028471567
es_0981043,1,0,0.3387552882255586,0.33452513594388966,0.2881982109273287,0.03245193854682562,0.006069426356397384
es_0946980,0,0,0.5487030187011402,0.2957612582388245,0.09334380888905482,0.03091829598027134,0.03127361819070924
es_0435824,2,1,0.15762016976853016,0.410718166482657,0.24128286229238993,0.13303790710798546,0.057340894348437366
es_0986672,2,1,0.11062912496476093,0.5935645351565301,0.19073988289194027,0.07931710704380406,0.025749349942964718
es_0529879,2,1,0.05098934593182449,0.4276214937631254,0.2506923594121808,0.14322602824684477,0.12747077264602455
es_0276990,3,4,0.0020690904827911755,0.005638631828078035,0.06063057672592233,0.38095840255922814,0.5507032984039804
es_0832494,1,1,0.01584750912364679,0.4082854601018372,0.32141336082763095,0.224616902755617,0.02983676719126806
es_0489200,1,0,0.38054399831305397,0.259067425511107,0.2583712442830952,0.09451006756725477,0.007507264325489248
es_0278840,4,3,0.01382756698223685,0.15355884569014533,0.23761154630310397,0.3824410794727733,0.2125609615517406
es_0323341,4,3,0.0189505677643053,0.0483242086995241,0.22536320321094636,0.6107041385853628,0.09665788173986149
es_0173776,1,0,0.553403402370982,0.267376218143513,0.061934313476281665,0.05852136709353806,0.058764698915685296
es_0682965,2,1,0.09155045425430677,0.6554957674029538,0.15031954499692032,0.04219719823969474,0.060437035106124345
es_0475425,3,3,0.10312737958584628,0.3075509873122793,0.2393231066857539,0.3297483897545891,0.020250136661531436
es_0299458,3,4,0.05765187296755932,0.03884859468026169,0.04391832111443435,0.11733908357059512,0.7422421276671495
es_0037748,4,3,0.01764064479677427,0.1013964062750559,0.14095174659664206,0.4195490767298087,0.32046212560171905
es_0075991,3,2,0.01866902916010007,0.29283475140628223,0.4004731066200365,0.2089917138790422,0.07903139893453907
es_0845675,0,1,0.16966730166664457,0.4534931671043669,0.2165991464199073,0.14363976332079587,0.01660062148828534
es_0351691,4,1,0.17517372238086248,0.27138183214534256,0.20221578061824869,0.21173071511676467,0.13949794973878155
es_0651313,0,0,0.6769164310431643,0.09381671473433434,0.11950128466441971,0.07662879209324858,0.033136777464832984
es_0600551,1,0,0.3039091821529195,0.2882157641769444,0.26232243607240785,0.11019715339931709,0.03535546419841114
es_0609960,4,4,0.08970576263805666,0.15052482362240346,0.2115944971319958,0.14870820008857014,0.3994667165189739
es_0479148,2,2,0.11382171580301079,0.2988970888318164,0.3734107539405097,0.19847568696117676,0.015394754463486301
es_0825252,3,1,0.11392914936999739,0.3806506405958501,0.2133010567439147,0.20559682515286504,0.0865223281373728
es_0272687,4,4,0.014681124884984232,0.031272059483113464,0.05403243387542585,0.11545309083934044,0.784561290917136
es_0073579,3,4,0.07843731004382148,0.09306682202349686,0.033522859334040436,0.3256210111469072,0.469351997451734
es_0490186,0,3,0.1513031580548572,0.24289244877983346,0.2437352447454118,0.3106765984970962,0.05139254992280147
es_0852593,0,0,0.680264120782955,0.22459438734627102,0.055315973948944684,0.02298755486539398,0.016837963056435427
es_0431163,4,4,0.07187225494898378,0.04200395296883524,0.03240022777054118,0.1463717589929229,0.7073518053187169
es_0749303,3,4,0.0060492926609213085,0.01890670964972278,0.06972018050652555,0.43929205553181616,0.4660317616510142
es_0802320,4,4,0.06794809824948331,0.04873940760865028,0.018603085032628242,0.11904103698414659,0.7456683721250915
es_0528338,3,3,0.012815480264286716,0.19155764658177765,0.3024822632797862,0.3774351851199548,0.11570942475419466
es_0508357,0,1,0.29670776890627587,0.48644598933084876,0.06901524419395498,0.10619131464016225,0.04163968292875822
es_0826152,2,1,0.1446185577560832,0.4286648700971393,0.32928241229603017,0.06477359130179092,0.03266056854895647
es_0478096,0,0,0.716736627143602,0.18683931394271158,0.06982471326272457,0.014405863675398412,0.012193481975563459
es_0162537,1,1,0.13236723568525627,0.450396109440939,0.2632462488978512,0.14616133821015637,0.007829067765797074
es_0750636,3,2,0.05458315331296619,0.2631471147460329,0.39858423493398154,0.15821608221327033,0.125469414793749
es_0464709,1,0,0.4487278607462173,0.30342479045537124,0.1596614799500498,0.052401138449092874,0.03578473039926878
es_0635348,2,3,0.008328009650283637,0.14704538683406748,0.27483256205470646,0.4039902921116627,0.1658037493492797
es_0312449,3,4,0.018402310646985196,0.06913043690970158,0.0705749068123184,0.37892949881174876,0.4629628468192461
es_0195440,3,3,0.008896303885339626,0.04978053663969438,0.14811087897054237,0.6186096966156205,0.17460258388880318
es_0836973,4,4,0.015924064704371556,0.137524944122992,0.17192260558170785,0.2936775444204413,0.3809508411704873
es_0465237,1,0,0.41888565060507965,0.34672967308397873,0.1362095960588047,0.08331955108352085,0.014855529168616053
es_0250735,3,4,0.0022511758235173765,0.008349391394388709,0.14299387937755728,0.3852997859676282,0.46110576743690845
es_0666662,2,2,0.15757523213727292,0.32777023797009885,0.4072753661886809,0.09091910082651829,0.01646006287742904
es_0204145,4,4,0.12990045260388805,0.13766326327691375,0.1651668319260115,0.2344443544379023,0.33282509775528435
es_0131834,1,1,0.16474564615370307,0.43747033878110936,0.202526056668099,0.1754284982635923,0.019829460133496287
es_0432239,1,2,0.15550585194136357,0.3366482230423921,0.3797258978024437,0.12297189373613235,0.005148133477668305
es_0656187,3,3,0.001808064418299646,0.008211536584022064,0.25879355141282734,0.6288055811313966,0.10238126645345431
es_0321983,2,2,0.03555310992318912,0.36272722293665677,0.38311090041879114,0.1943900547040432,0.024218712017319833
es_0171170,2,4,0.02524302466274092,0.03235941170879037,0.0354360954401855,0.12936776015468815,0.7775937080335951
es_0408677,2,2,0.04532107466601053,0.09008988292019707,0.511151916594933,0.3046408596113066,0.048796266207552785
es_0552485,1,1,0.3567224098790739,0.4426947406920526,0.15908430922048653,0.033221797607144755,0.008276742601242299
es_0895187,2,4,0.09689865817122219,0.1951730607655519,0.14572839632020212,0.1196935358197068,0.442506348923317
es_0615755,3,3,0.012594780528695388,0.02115477372134255,0.09996275013553102,0.48697853806300795,0.37930915755142297
es_0008300,0,1,0.23787269381959536,0.4400623689695912,0.24243177901756593,0.04937203557622581,0.03026112261702164
es_0517865,0,0,0.5133749876486244,0.34300941477201724,0.079402046731218,0.04299216498154781,0.02122138586659257
es_0097280,2,0,0.49209576564296426,0.3054566181534331,0.09915632592582137,0.02966237580924927,0.07362891446853193
es_0332997,4,4,0.007893270943670925,0.07089912656112499,0.055655620687220096,0.25032831316140375,0.6152236686465802
es_0725851,0,1,0.07081121019821057,0.449534733768742,0.24929639142078663,0.10704465582309111,0.12331300878916959
es_0630658,0,0,0.5040269801459948,0.24723256092764884,0.12579212924803035,0.07817414337777485,0.04477418630055121
es_0235312,4,4,0.012506154599115337,0.051569289145645666,0.07956076222479491,0.4081292600951193,0.4482345339353248
es_0020371,4,4,0.04109415351185341,0.02734051622287826,0.0657419414618381,0.13690518655140038,0.7289182022520299
es_0008619,1,1,0.12762491129748707,0.42669862557919574,0.30591203676498013,0.09709465381402563,0.04266977254431152
es_0038735,3,1,0.06986749979023324,0.368825953565085,0.19359470474762291,0.29612703036624777,0.07158481153081094
es_0442078,4,4,0.0048180018539433715,0.04337166220198174,0.03703014392900186,0.19633400722802383,0.7184461847870491
es_0888452,0,1,0.32422200131055207,0.33804349053968774,0.20773648559994742,0.08816295197808004,0.04183507057173268
es_0211578,3,4,0.05258996312388577,0.07381918872703726,0.11072451572023878,0.3569535546284045,0.4059127778004338
es_0822706,1,1,0.3543249691496203,0.4762045762192262,0.09770386156567348,0.0595143017605931,0.012252291304886859
es_0857538,0,1,0.13629103382187738,0.47854064735008883,0.2311169033315757,0.091034371930337,0.06301704356612105
es_0128768,2,2,0.0471459795863874,0.3267148162192421,0.493270163931067,0.10222825421545005,0.03064078604785351
es_0289576,4,3,0.0017976271251875728,0.018712779023731467,0.09263736416945369,0.45148030704226505,0.4353719226393623
es_0292941,0,1,0.21129681643060758,0.4180521279083881,0.1656573875726096,0.10613503166488683,0.0988586364235079
es_0551323,4,2,0.26254133560973303,0.22451803336416853,0.27908171872345755,0.17557532752504595,0.058283584777594974
es_0482616,4,0,0.41262746721816407,0.05215711286427609,0.055375392273554404,0.2539792107783758,0.2258608168656296
es_0090956,3,3,0.039471267160087774,0.1254542013112086,0.2829068776194343,0.3850276476972162,0.16714000621205313
es_0773266,1,2,0.06558481130139956,0.36089474009453354,0.36821691301970294,0.09357520018082166,0.11172833540354236
es_0254760,3,3,0.06675065963421775,0.16135752208455417,0.23847237627264475,0.4360124118764346,0.09740703013214876
es_0053602,2,1,0.1867483442875586,0.40340666231448913,0.3108248230512853,0.07384037101006535,0.025179799336601492
es_0970930,1,2,0.26740849491954377,0.2628949396385036,0.40657744158107867,0.04317360272042857,0.019945521140445337
es_0576947,3,4,0.016329766408503414,0.08826039717586395,0.24128715080807916,0.25835362321926525,0.39576906238828824
es_0231095,2,2,0.027825275512017834,0.1721662292398778,0.47160324676365895,0.2642495577469338,0.06415569073751157
es_0082212,3,4,0.03903393876175068,0.017977737485093813,0.12875378665851722,0.19984940052457617,0.6143851365700621
es_0021765,4,4,0.12311337078345523,0.14963665135326015,0.2368196973708851,0.2233011202834641,0.2671291602089355
es_0570211,1,0,0.5893656530015557,0.1538521749020963,0.11470728877139147,0.09681910440100117,0.04525577892395542
es_0073650,3,3,0.007183240986879827,0.009768044847656986,0.0799276651787821,0.6457779050294051,0.257343143957276
es_0415450,4,4,0.06254816130853466,0.0576881466054359,0.10448205558301601,0.1073245790498756,0.6679570574531379
es_0287932,1,0,0.3284058357341642,0.22115628766302858,0.15320255452227688,0.1456000130961347,0.15163530898439564
es_0995199,1,2,0.011910271635285803,0.24586019532168354,0.4122205445513135,0.2859611821084954,0.04404780638322172
es_0461833,3,3,0.010518235191484666,0.09894444159809608,0.29429393855504304,0.3991396516027271,0.1971037330526491
es_0063355,2,3,0.015480869630577834,0.36488549125977,0.1519141392940113,0.3876286088781137,0.08009089093752716
es_0351133,0,0,0.7076383829347531,0.22818461195227036,0.036019627217486166,0.017959693271895144,0.01019768462359525
es_0272437,2,1,0.1610811264595125,0.49204214794024564,0.2514049840332889,0.0644097278937977,0.031062013673155246
es_0377750,0,0,0.6374545759646024,0.2183494505462144,0.08847899737939727,0.03774708162084823,0.017969894488937554
es_0460966,3,4,0.010139363985752358,0.027246985054331162,0.08682285892224237,0.07202443481242038,0.8037663572252537
es_0178697,2,3,0.04591895867141009,0.09046951643103089,0.1586483498347017,0.4923675841377878,0.21259559092506955
es_0926926,1,1,0.2554349473884262,0.45610583187548837,0.17937890964145364,0.07773047452913379,0.03134983656549796
es_0692282,4,4,0.2922459071958953,0.03880124639761249,0.012341008734620667,0.01797716800542786,0.6386346696664436
es_0970561,2,1,0.042089620856501496,0.332266972674674,0.30728553752444077,0.25499781622831047,0.06336005271607341
es_0116859,4,4,0.005477712531860486,0.10246992047394236,0.14423724649514866,0.23006931679643658,0.5177458037026119
es_0823952,1,2,0.014216512348811116,0.16893120677504453,0.42069133813580734,0.31758080787554144,0.0785801348647956
es_0577451,0,0,0.7523983827192533,0.16175027226993505,0.05098367416163465,0.0245672679940662,0.010300402855110777
es_0504585,4,4,0.03894975339958148,0.041957529879877574,0.1714757765694114,0.2637699856254544,0.48384695452567517
es_0987215,1,2,0.008309062835173865,0.24663924638743423,0.5318513316901812,0.1924908215154873,0.020709537571723363
es_0412547,3,2,0.06376351913027974,0.12118603507524277,0.5547072151205636,0.2381930664744527,0.022150164199461198
es_0833993,1,1,0.16839147331176685,0.36576894407415106,0.29905608134459344,0.12858550442377822,0.03819799684571046
es_0550838,1,2,0.12125457722804986,0.19999720611719213,0.35190556582468174,0.27430689472297176,0.05253575610710457
es_0450058,4,4,0.03994572769866571,0.1390075467566875,0.13330381876862213,0.22012387115273388,0.4676190356232907
es_0359684,3,4,0.019013183203561795,0.009530912170822012,0.02198696839713673,0.24670905374583924,0.7027598824826402
es_0718566,3,2,0.02954359554653843,0.1838386248795159,0.4609815652926099,0.23557028260362706,0.0900659316777088
es_0030303,4,3,0.012272171318900685,0.04971166857009647,0.17936234842683907,0.3970536351871436,0.3616001764970201
es_0871912,4,4,0.07056903197052665,0.06490406368795955,0.09737734697241697,0.15156838916213267,0.6155811682069642
es_0449854,0,0,0.6344849697303722,0.23771521736257856,0.08665289793938892,0.035779822465254865,0.005367092502405433
es_0613378,1,0,0.6525850601547025,0.23064054801702022,0.04243144925509043,0.04092355716508156,0.03341938540810517
es_0863593,3,3,0.0032771406330359006,0.06321438253680196,0.13759334178901014,0.5911453494392552,0.2047697856018967
es_0764221,0,0,0.39481190463888816,0.2305012797064918,0.1740276797142366,0.1291558806007297,0.07150325533965371
es_0262641,3,4,0.01454978040292974,0.1742651036613067,0.22462319544427206,0.27962819166040903,0.3069337288310824
es_0084908,4,3,0.14316755849394813,0.2643540506457544,0.15033821728866675,0.26439131951083744,0.17774885406079322
es_0566130,0,3,0.06284261529362982,0.20101447360072416,0.27553220930803063,0.38694347344927865,0.0736672283483367
es_0244997,1,1,0.25232889480767995,0.40352381210834753,0.2078335364053024,0.12294224477428224,0.013371511904387965
es_0532750,4,4,0.023283002253218145,0.05153399782663781,0.12521957887567434,0.3561473141164482,0.4438161069280214
es_0042591,2,1,0.013548764051550788,0.4230643917951527,0.28304241056262336,0.26948631672618345,0.010858116864489696
es_0805580,4,3,0.0075941331730263574,0.03765020456816427,0.26102553191010947,0.42139221781348085,0.27233791253521905
es_0297591,3,4,0.08352993768908826,0.08387205957560023,0.07745080797447537,0.12111533086546547,0.6340318638953708
es_0676480,3,4,0.014763055023103645,0.14061190503726267,0.24937236612327962,0.09066948423710093,0.5045831895792532
es_0223145,3,4,0.0018696758124001627,0.00777382396600935,0.04562702619003508,0.25131670827486313,0.6934127657566922
es_0057020,0,0,0.35716628968323844,0.34057995287676984,0.13069927809922904,0.12153989955437935,0.05001457978638328
es_0582916,2,3,0.029403484368257283,0.08928231422897699,0.2934028680870854,0.477206371842202,0.11070496147347837
es_0183987,1,0,0.29784206242688654,0.23246317967021332,0.19896752952706753,0.20257310488829589,0.06815412348753672
es_0263597,3,4,0.006163043187891626,0.045456299362257896,0.07788937154523493,0.3561599303065541,0.5143313555980614
es_0148864,0,0,0.8434782090432467,0.11040903369130273,0.02417255853252809,0.015164615394290287,0.006775583338632214
es_0760489,2,2,0.03935719063249306,0.21731222948709158,0.4685836645001899,0.2401404374808711,0.03460647789935435
es_0921047,0,0,0.6248886161923457,0.11428281730530072,0.1366731365804056,0.04765029099279787,0.07650513892915019
es_0972389,2,2,0.01979537788548406,0.29544739664430447,0.31382017557217246,0.259313128866685,0.11162392103135402
es_0299383,0,1,0.3844432509550863,0.4047204717609246,0.08522846211640484,0.05415593206788709,0.0714518830996971
es_0712928,1,2,0.12351992843342108,0.1458968799991282,0.4300680455810685,0.26598394188314833,0.03453120410323388
es_0988659,4,3,0.04040947598810478,0.16968029548463956,0.057432870831661806,0.47774850993516893,0.2547288477604249
es_0015474,3,1,0.13092199696020956,0.3412263780899422,0.20573239476853225,0.10592302579219177,0.21619620438912418
es_0682095,2,2,0.014831625618848742,0.07107913854100274,0.6750416109140447,0.21795410152141703,0.02109352340468682
es_0453459,0,0,0.4034031445547571,0.20596449576848466,0.2670991612458349,0.07558183340718116,0.047951365023742296
es_0966494,3,3,0.047934501895978934,0.16445161779180473,0.27008331592461154,0.32037983831985317,0.19715072606775158
es_0127012,1,0,0.5548374542705852,0.19819995536850388,0.1773297904514767,0.04998092499073371,0.019651874918700407
es_0230269,1,1,0.04504704520206594,0.402613846933295,0.29453546095715366,0.19634961193063794,0.06145403497684752
es_0030995,4,3,0.0028180730631394276,0.017198239629416016,0.08213312056951123,0.49175106048816797,0.4060995062497653
es_0894288,4,4,0.01213434813336997,0.059173066494131496,0.05894074245888816,0.3631877143052665,0.5065641286083439
es_0118723,1,1,0.1098149259923162,0.3835811049713508,0.3148535841566063,0.11002180334604061,0.08172858153368615
es_0469799,2,1,0.17539209845304565,0.3088428327970387,0.13748376789064892,0.13679816888394752,0.24148313197531918
es_0367112,4,4,0.1389879452615827,0.17277979026526208,0.13069453308358508,0.1108961348208775,0.4466415965686926
es_0930419,1,1,0.24916806519741197,0.3289014678268629,0.212882034654274,0.20112528094920795,0.007923151372243128
es_0204353,2,3,0.0038413645959898242,0.08557179555387887,0.38412991667422836,0.4800435014170509,0.04641342175885216
es_0071724,1,1,0.13889283417137627,0.4235182541012913,0.2759561614328494,0.10779384727768973,0.05383890301679335
es_0475763,2,3,0.1117506013883098,0.17894146814007328,0.13066192071442456,0.35647484883041275,0.22217116092677958
es_0952010,0,1,0.24445446354431208,0.3788909915151762,0.2757086555050047,0.04298102557187662,0.057964863863630464
es_0659661,0,2,0.06592997984026146,0.31100508873668203,0.38503384174250915,0.1992959638565644,0.038735125823982954
es_0299905,1,0,0.6714478713416516,0.059221888092060596,0.06367169704860429,0.1152012872312003,0.09045725628648323
es_0662224,0,1,0.2386080113117921,0.39886117635769447,0.3057501647988202,0.03936379106346406,0.01741685646822911
es_0172255,3,3,0.04376980366871976,0.13755496609133563,0.10316439140263042,0.5462681179104731,0.16924272092684106
es_0184591,0,1,0.21077908461451722,0.48462695918777576,0.22046864082663015,0.04916643917640129,0.034958876194675574
es_0333187,0,0,0.36110092550841316,0.2639862791227262,0.15794669659650723,0.10098768971461544,0.11597840905773801
es_0451603,3,2,0.008360817219545149,0.09753512940807546,0.40396398908255693,0.3297961172650403,0.1603439470247821
es_0587958,3,2,0.009826814890784349,0.2160307028917176,0.4392528415917307,0.25215890625441634,0.08273073437135095
es_0749452,2,4,0.021691596388265198,0.06599024962095178,0.09015015293591602,0.293886993037823,0.528281008017044
es_0582397,4,4,0.01769736674465617,0.05835019831750608,0.07236511825932773,0.11207834561737258,0.7395089710611373
es_0329084,4,4,0.03493193700294933,0.033980401400723934,0.17298649271493724,0.2720076257847178,0.48609354309667163
es_0277199,0,0,0.7256291781154911,0.11264497636209772,0.09244513588425231,0.04806177713081498,0.021218932507343892
es_0040033,2,2,0.1388522373355487,0.24875562535370763,0.5016610902274479,0.09948717172918749,0.011243875354108313
es_0407089,2,1,0.11400876880577082,0.4102122024070363,0.2661119562198827,0.17064470771824208,0.03902236484906814
es_0511992,1,1,0.1479316852464076,0.3293564293981136,0.22630010184141786,0.2555509911917443,0.04086079232231658
es_0665144,2,2,0.18187457987643268,0.26682547292576614,0.2760286872151897,0.18568902690151787,0.08958223308109371
es_0599061,4,4,0.00597106662532506,0.006584271104699374,0.02860942740809983,0.29660577350334966,0.6622294613585261
es_0512941,4,4,0.007413571287324493,0.034426298900208055,0.07299542539395726,0.2709577660459508,0.6142069383725596
es_0074366,0,0,0.4908581214599578,0.2913210932677269,0.10971261275183294,0.060768890222212546,0.04733928229826974
es_0016148,0,1,0.15266603057784464,0.5163362373224657,0.14908553325105808,0.07702193340952453,0.10489026543910702
es_0644551,0,0,0.6112491766720464,0.19900440966889468,0.08261054024346288,0.07902461365671903,0.02811125975887706
es_0863141,1,1,0.12706652226601015,0.41007738430585083,0.39872227835362584,0.057893775976784335,0.006240039097728725
es_0681899,0,0,0.47316644958478926,0.35372337608826243,0.05806612387824546,0.060151027774425755,0.05489302267427709
es_0834411,4,3,0.054599374980965086,0.06137996146017255,0.1815245032715237,0.4483850574476292,0.25411110283970956
es_0782797,0,0,0.4432951781823343,0.34732649129859944,0.1324616505343799,0.042644129344034144,0.034272550640652225
es_0542202,0,1,0.24758588812050375,0.4817535160668158,0.20390636355687408,0.061214995763371235,0.0055392364924350965
es_0280206,2,3,0.013030183149424621,0.07522875576852733,0.24598316718051363,0.6081702226052872,0.0575876712962472
es_0802019,4,4,0.11509236679529877,0.2768638218001367,0.08532794375953737,0.24086107908890658,0.28185478855612056
es_0282952,0,0,0.6275839539098995,0.1811768690177296,0.07897292115774836,0.035981216166128524,0.07628503974849403
es_0439547,3,3,0.026447688554745507,0.057773579430486756,0.07914174246132824,0.4833707649030643,0.3532662246503752
es_0682919,0,0,0.47112980918345804,0.3855049978176643,0.0801454084225932,0.053652053851983406,0.009567730724301112
es_0063804,0,0,0.6942127494210869,0.13860303480034955,0.052881923660112705,0.0691298695127096,0.04517242260574118
es_0847270,4,0,0.5908071650362332,0.15087265846998207,0.1585310483425552,0.05283859510283263,0.04695053304839707
es_0702094,1,1,0.04955377899122939,0.5204130932008344,0.3092566314951043,0.1086263049031683,0.012150191409663651
es_0729268,4,4,0.058733471781810064,0.16096540695356348,0.0539964940927581,0.19170969259543827,0.53459493457643
es_0725040,1,1,0.1695724305756119,0.43470615404941776,0.28835289910591677,0.07827844234515467,0.029090073923898924
es_0089933,2,2,0.010245858266858986,0.1450528177558516,0.41797734829288213,0.361507844383583,0.06521613130082424
es_0031258,1,1,0.3024262054805224,0.458087638331018,0.15376505198882243,0.06273674027414959,0.02298436392548758
es_0014968,4,4,0.00638497821738486,0.02039726226879498,0.05421113360305263,0.1790075719743823,0.7399990539363853
es_0851547,2,2,0.0221575193000663,0.292078892741669,0.3523625815381698,0.3033091869127291,0.030091819507365718
es_0159724,4,4,0.0013122902269520759,0.01022154072890087,0.020328332329331854,0.17637847743998145,0.7917593592748338
es_0913679,4,4,0.007857803169968246,0.01004871013844304,0.09327655875322984,0.2522573789013239,0.636559549037035
es_0654367,3,4,0.01566489721920533,0.05290297214199317,0.09208533139311478,0.29819052441762617,0.5411562748280605
es_0593785,4,4,0.03371701397806034,0.05961465340807267,0.06542185587757908,0.38099322826525267,0.4602532484710352
es_0519815,1,4,0.017245936719610507,0.2299510940808251,0.1744070187534216,0.19866665784594645,0.3797292926001964
es_0418752,4,4,0.04634795129387411,0.0802116178538234,0.1284468624753356,0.24023623440953093,0.5047573339674358
es_0483984,3,1,0.03204617803895658,0.35829777170879373,0.20660381841043768,0.2190616440566187,0.1839905877851933
es_0040668,0,2,0.03690643143399336,0.3211315924321633,0.48949314339830857,0.1307107435627084,0.021758089172826216
es_0494099,1,1,0.2313029641999178,0.5683418277818219,0.12458538128145898,0.03810091844088869,0.03766890829591267
es_0851969,2,1,0.059569590110919377,0.3340243675140321,0.25499400024665697,0.15097144082584407,0.20044060130254743
es_0468371,1,2,0.012192233371021929,0.2770266072061076,0.330705947685772,0.27199537648254546,0.10807983525455298
es_0662514,3,4,0.021759520146147782,0.05390196756413568,0.0981077383851019,0.24655409652686985,0.5796766773777448
es_0668633,1,1,0.15377750164336018,0.3525620897117624,0.29569979111252875,0.14264330249453344,0.055317315037815264
es_0876802,1,2,0.06843589575584633,0.25139612074356915,0.3469316790056888,0.29771592605362907,0.035520378441266584
es_0309279,3,4,0.0567733866631915,0.23507521877775456,0.21359170385372267,0.2233038511383929,0.27125583956693833
es_0728609,2,2,0.05857510396699005,0.31658187834046214,0.46643889340824574,0.15195665619701587,0.006447468087286305
es_0562366,2,2,0.09465976564617509,0.16241802991328677,0.5393364265424575,0.11697903647576753,0.08660674142231309
es_0445582,2,2,0.024008161962730486,0.2659994554479742,0.3873373791663331,0.2945490894861442,0.028105913936818057
es_0536356,0,4,0.15706186078929762,0.08124180853224283,0.31510859789470985,0.1071845176394618,0.33940321514428795
es_0841914,2,1,0.24120078058842562,0.5493283946466361,0.1379391617264222,0.05307486954416011,0.01845679349435607
es_0442472,2,3,0.0483884731487564,0.17319308794175475,0.3485530930048804,0.36872866759898854,0.06113667830561994
es_0836931,2,2,0.012022250765317686,0.19935569975381282,0.42304658744171786,0.2593666592632023,0.10620880277594943
es_0910257,2,2,0.005990838351843332,0.26280584104782356,0.41034899959792587,0.25699201801315424,0.06386230298925291
es_0116925,2,2,0.007458808292345851,0.35222693895623924,0.4616126357159108,0.1642016204515127,0.014499996583991353
es_0516528,1,4,0.009142365620555839,0.1906778071721716,0.192706968447039,0.20818697469608655,0.399285884064147
es_0204189,0,0,0.3376033150443539,0.2624573296200422,0.1433708719734283,0.14046649398373973,0.11610198937843585
es_0469410,0,0,0.7551783003090903,0.12223142659646477,0.05811096134913335,0.05451595134821065,0.00996336039710101
es_0542661,0,0,0.38860851232752935,0.191681619929114,0.19911782213038348,0.18596160597648642,0.0346304396364868
es_0245855,3,1,0.11831129693125735,0.4241159217288623,0.22696378518577903,0.14616628800672446,0.0844427081473768
es_0844145,2,2,0.02958296386817415,0.37902475234143157,0.45240471037466695,0.1279960838325262,0.010991489583201028
es_0734575,3,2,0.10988122397905391,0.2188785456547487,0.4806939172348891,0.13943773495126807,0.05110857818004026
es_0463376,0,0,0.8122543495868806,0.09265234091595712,0.0656211363846632,0.013206576413451531,0.016265596699047712
es_0766057,0,1,0.10003098370784118,0.45188372387799536,0.3071832772380039,0.12209830325020003,0.018803711925959497
es_0407649,4,4,0.010164458946035824,0.07695784559212952,0.04667063586806066,0.2917230845413981,0.5744839750523759
es_0538273,4,4,0.002530060943177145,0.008918878408406127,0.04513247577030973,0.3263148346952323,0.6171037501828746
es_0651716,3,4,0.04976675779481053,0.08996858513552801,0.2612979569367426,0.2076656138027449,0.3913010863301739
es_0336069,0,0,0.49088542965372006,0.33906939042213374,0.07819546378437822,0.06372829962024278,0.028121416519525134
es_0549368,0,0,0.4998112256343381,0.27835221805754234,0.20049071509011016,0.017474224484183124,0.003871616733826296
es_0891437,2,0,0.3162737318313339,0.17989836648411844,0.1420029093979349,0.17904251492611833,0.1827824773604944
es_0652461,4,2,0.005467550349321329,0.11757629668273957,0.43957791807487656,0.3146122711157716,0.12276596377729103
es_0564289,0,0,0.5318437425720673,0.3570654317832199,0.08294060550666914,0.018687488470428913,0.009462731667614663
es_0608243,0,0,0.4572563389400842,0.21177126023130502,0.2519227649022011,0.06112098567514919,0.017928650251260503
es_0037097,2,3,0.08695622224174462,0.28446875877598987,0.261631833904947,0.3020187302637055,0.06492445481361298
es_0052453,1,2,0.028917116144023973,0.10819509809840866,0.49573470726882596,0.32961448813559946,0.037538590353141936
es_0178498,0,0,0.6753843879493687,0.16927455656697235,0.05045878436366591,0.051532127797541,0.05335014332245199
es_0978354,3,2,0.08720681963180757,0.27035420726556775,0.3831180316121664,0.22332981288728151,0.03599112860317682
es_0943199,0,0,0.844224912259385,0.08184426026265972,0.04300185784285663,0.01997986688113151,0.010949102753966957
es_0084539,0,0,0.7352452604523179,0.17738062082316178,0.054549504406890104,0.020985129802913775,0.011839484514716513
es_0761473,1,1,0.17846908405199913,0.42832389557229017,0.21201883687250483,0.061408607588236463,0.11977957591496954
es_0284264,0,0,0.8466811128161906,0.03867514095392033,0.06440056225639841,0.023165400293092556,0.02707778368039813
es_0717381,3,3,0.001072978287034507,0.010175287221720054,0.15078490907764475,0.456497113958937,0.38146971145466363
es_0700456,0,0,0.6423955165574344,0.19337569006101404,0.06494870157949718,0.08046710610830132,0.018812985693753007
es_0597369,3,0,0.3968484046448202,0.1851510190141336,0.11141548489587785,0.2583340111120892,0.04825108033307906
es_0533162,3,2,0.01232293084567351,0.15861498795473422,0.508850504951033,0.28870636139339684,0.03150521485516234
es_0855839,2,0,0.5388210628644291,0.3361202200213203,0.06711251433697571,0.02514263451639276,0.032803568260882196
es_0252167,4,4,0.02694052889880133,0.04837821022875972,0.05360503123713002,0.12906657793498172,0.7420096517003272
es_0794613,2,3,0.06914741051859301,0.221812631129169,0.32158322475348056,0.3427112069099317,0.04474552668882583
es_0200507,4,4,0.011923023959965896,0.06351176512649089,0.03422609355340236,0.12443598305443482,0.7659031343057061
es_0166834,0,1,0.16072252329080913,0.40640872454576826,0.3468314823181883,0.038130409555766596,0.04790686028946774
es_0954220,1,1,0.0964331538087018,0.405062590975212,0.2772304323984283,0.1815532948526426,0.039720527965015316
es_0139605,0,2,0.12586610090773465,0.27657966634685466,0.34227468533631644,0.2441575251223446,0.011122022286749725
es_0770612,0,1,0.29787742157324715,0.4333854284373647,0.1509471127722978,0.09828265241162892,0.019507384805461478
es_0164844,2,3,0.0736628402108485,0.29352984910882285,0.1744561845117602,0.354394757159875,0.10395636900869332
es_0795548,2,2,0.09092853723603682,0.37365722063790946,0.42759167685386823,0.07484388298271556,0.03297868228946986
es_0552191,3,3,0.0022347742940161007,0.09374213543021723,0.22325035360003528,0.49016567364262364,0.1906070630331077
es_0263156,4,4,0.06320144705211637,0.2595494319746733,0.16759462473707312,0.18092662412462954,0.3287278721115077
es_0211776,3,4,0.009955257246466027,0.009172392009139649,0.10748061768280062,0.25176600887256545,0.6216257241890283
es_0394358,3,3,0.014819107492892733,0.16214661472247294,0.382015102234308,0.4159147905983824,0.025104384951943937
es_0247933,0,0,0.5569404800266813,0.21289934430933374,0.10930039072512217,0.06793389793414606,0.052925887004716655
es_0898029,3,4,0.027812720364949618,0.07811160498293633,0.10429381472991088,0.1514200684706631,0.63836179145154
es_0464472,2,3,0.1230847976794327,0.2625852633691454,0.20316023174749315,0.3734265403591307,0.03774316684479802
es_0095998,4,4,0.03505607249273588,0.1430382701311102,0.10370811672752396,0.29383664125062453,0.42436089939800536
es_0760188,3,4,0.040616130369548045,0.10250931533525864,0.11418935284218867,0.2645632842129214,0.4781219172400831
es_0296863,1,1,0.19426236451513465,0.34239048344417466,0.23351681052906134,0.18994736328310283,0.039882978228526524
es_0882961,3,2,0.020387019301052293,0.3391226341321015,0.37296959383802314,0.18182198656446807,0.08569876616435504
es_0271113,2,3,0.06592762993744612,0.19687855025535977,0.18426567229260896,0.3737142108775731,0.17921393663701207
es_0284095,3,4,0.15734561207549685,0.16342432419091718,0.1292303155595211,0.15052585533455265,0.3994738928395122
es_0010196,1,1,0.019388023372775127,0.4827128200626015,0.4465888106708406,0.03299909193770369,0.018311253956079028
es_0504978,1,0,0.4388441961685306,0.26323738596060076,0.122034898087454,0.09667688561660502,0.07920663416680959
es_0282547,4,4,0.027129065077572838,0.029664770581453514,0.06870629514449503,0.20010711613057527,0.6743927530659034
es_0726761,1,1,0.2173234201227358,0.39641360915063967,0.16264172686963527,0.17180616560332843,0.051815078253660884
es_0777944,1,3,0.06805877550700526,0.1260951807913129,0.2979326327044719,0.35704123769738844,0.15087217329982164
es_0541820,2,2,0.048288565289916395,0.16106055839866787,0.47006593236806343,0.21365776842675005,0.10692717551660227
es_0428800,4,4,0.0012324861491945602,0.007334617258752991,0.027789635653850963,0.2400112559406097,0.723632004997592
es_0770446,2,3,0.011635990198183937,0.060777332252721125,0.36920943034090603,0.47178100951320784,0.08659623769498109
es_0864431,1,0,0.6723979322994269,0.16599372002453977,0.07315472437563397,0.04513776854127962,0.04331585475911971
es_0379520,1,1,0.12267444396845943,0.45843559609448575,0.3275524847324297,0.05360144364304076,0.03773603156158431
es_0356295,3,4,0.03253520042431675,0.15172879479561296,0.16899721617610167,0.148786765212991,0.4979520233909776
es_0728445,0,0,0.6921996565090331,0.15104855053185462,0.0963345864538662,0.037920159438058376,0.022497047067187685
es_0142974,2,1,0.04665537782689448,0.43034080339203007,0.22138319308715113,0.2509246513889666,0.05069597430495779
es_0891869,4,2,0.028945119638005435,0.15253997463612295,0.42470280558582096,0.3528130187869638,0.04099908135308683
es_0653524,2,2,0.0814422500864506,0.19808801060116232,0.48428967324423144,0.22855205198779593,0.007628014080359702
es_0484181,4,3,0.0006061527244675144,0.003653227060703266,0.09008878999718765,0.48351250743066565,0.42213932278697586
es_0461554,2,0,0.4809805277311877,0.39427876854276783,0.07981509913115731,0.03268152775059478,0.012244076844292287
es_0310633,2,4,0.02653496539675192,0.16461972783541146,0.15276643170136683,0.2924806388913618,0.36359823617510806
es_0717974,0,0,0.7432965117684033,0.13551232393093315,0.060525712298896014,0.028247058842749966,0.032418393159017726
es_0939870,0,0,0.29057263971212965,0.2757739937891179,0.1360548890970199,0.09800487528980181,0.19959360211193075
es_0877256,0,0,0.80218774576748,0.0974672896727541,0.04618341444174094,0.02724621480919323,0.02691533530883175
es_0983290,1,3,0.07160568231219008,0.23025764735805598,0.17995474637285755,0.3547476500796404,0.16343427387725598
es_0627898,0,1,0.2366898691437808,0.4398041416581969,0.17733306226663634,0.10272870713524587,0.043444219796140104
es_0379155,0,2,0.17992776440841585,0.1545243485870956,0.37380916081095306,0.2432240830862344,0.04851464310730107
es_0673352,2,0,0.44559058135462076,0.41385583079758953,0.09827274365662901,0.03302577050969081,0.009255073681469762
es_0677877,3,4,0.011558986090486108,0.007791490419261156,0.14548139774028068,0.386107720901743,0.44906040484822907
es_0226618,3,3,0.05667196622399562,0.267208127016734,0.2496629167949816,0.3677688187392394,0.058688171225049324
es_0222031,3,4,0.030472638381069707,0.02886427156390068,0.07881003901515246,0.28632368731605196,0.5755293637238252
es_0140187,3,4,0.04077935380671759,0.16073500647202152,0.07531128301181025,0.33316402759680586,0.39001032911264477
es_0225513,0,0,0.7243529485190355,0.07240993695238189,0.07838224001411116,0.06359007654398081,0.06126479797049065
es_0746627,3,3,0.003819262346074162,0.06525205373767258,0.42205741667235797,0.5019321306111835,0.006939136632711854
es_0023062,0,0,0.43481110923784116,0.3125133748055899,0.07354635124074611,0.08717043507938219,0.09195872963644063
es_0659251,3,3,0.01508610376879194,0.018706741877259767,0.11084819521296789,0.43235045638035363,0.42300850276062674
es_0637329,2,1,0.056417578763598084,0.47471232524496587,0.22930992446130585,0.1388379795689498,0.10072219196118046
es_0280565,0,1,0.12048295492600558,0.4032655537297091,0.27260613598093075,0.12285039236536302,0.08079496299799147
es_0571163,3,0,0.4247272136124566,0.1507394505380863,0.3039669475825893,0.09965136238759181,0.020915025879276062
es_0437101,0,1,0.21018360526069726,0.38975552238484157,0.2868596076390032,0.10138631660671489,0.011814948108743173
es_0971595,4,1,0.08103072586308316,0.3373648797440941,0.1445584494193033,0.1154724030204356,0.32157354195308374
es_0087549,2,2,0.0972156664693937,0.19677993802587362,0.2667625662792314,0.24598150755168108,0.19326032167382015
es_0620506,4,3,0.03825578067371903,0.08949654414602744,0.10405025462578077,0.4876101561493814,0.2805872644050914
es_0666209,0,0,0.6816809996439313,0.1677709292382279,0.08262237305633931,0.040085096982025586,0.027840601079475908
es_0552117,1,1,0.2706638732457712,0.42452825496642027,0.16326599668044126,0.09438785740130763,0.04715401770605969
es_0685546,4,4,0.009383042824383117,0.021734770790666724,0.061492943170285905,0.18612283572345312,0.7212664074912111
es_0306361,2,0,0.5293481059257406,0.17109150236354656,0.1009300885058176,0.09122244774481936,0.10740785546007578
es_0587066,3,2,0.04691624257474719,0.31052421296688604,0.38716639662191765,0.2203744490933591,0.03501869874309005
es_0726771,3,4,0.0033375784508091616,0.065595193753907,0.1058585709754297,0.1910973791021245,0.6341112777177297
es_0678159,1,1,0.15930769868756978,0.43622549069393257,0.2966977922126031,0.06941112858431342,0.03835788982158113
es_0398084,4,2,0.03561415221095062,0.0692074790444072,0.38645394539531,0.2596483178451113,0.24907610550422093
es_0689380,4,4,0.018802443374302712,0.042602722587974734,0.18359130648281902,0.24535143803130607,0.5096520895235974
es_0589866,4,2,0.07224698911767156,0.11500741925826541,0.3807953801017451,0.3544632497624264,0.07748696175989166
es_0973457,1,2,0.04732621156484287,0.3908144481512336,0.3932625072180922,0.10921906709919289,0.059377765966638366
es_0591891,1,1,0.1950125162336101,0.42747019802202485,0.2619351508720597,0.08589155339545523,0.029690581476850136
es_0836431,2,3,0.009784283891778631,0.07569150643581148,0.2769697500163352,0.3524956223269191,0.2850588373291555
es_0094616,0,0,0.7330331737597527,0.17398017131914195,0.05096218004319799,0.017631237260472287,0.024393237617435094
es_0361198,4,4,0.027010006815899233,0.049289554894477686,0.0318310375742541,0.15665652258754753,0.7352128781278215
es_0040914,3,3,0.016651927867826953,0.13831146172927575,0.29301209489978397,0.44118123604302883,0.1108432794600845
es_0725194,3,3,0.013450077540236551,0.02799898070188503,0.2328976216379793,0.4342271947091298,0.29142612541076934
es_0652840,2,3,0.03740662022423251,0.17852376583160784,0.3432358933778433,0.3770780949733524,0.06375562559296397
es_0069650,2,2,0.014192345762822047,0.15737654709028814,0.466163234574309,0.3432485461805868,0.019019326391994086
es_0557928,3,2,0.04911369174591613,0.2754639124242281,0.38080777241816666,0.18217054551912565,0.11244407789256347
es_0457693,3,0,0.2931295480314756,0.19104236267162253,0.1553535484663536,0.17838833021605888,0.18208621061448937
es_0069596,1,1,0.3360171800542925,0.4996415910886512,0.10476105170895274,0.033543110068636396,0.026037067079467256
es_0292940,4,3,0.00195977789186005,0.09053035180724325,0.206548510304283,0.42832184386447414,0.2726395161321395
es_0065094,4,4,0.03338244348706072,0.04388125588601771,0.15487766819332074,0.10289758797946161,0.6649610444541392
es_0665809,2,2,0.02143440107053402,0.2674103942986165,0.3402147653906804,0.29182208278718313,0.0791183564529859
es_0805061,3,4,0.03078322065496753,0.05159315360673641,0.0993117173247077,0.1667996308762782,0.6515122775373101
es_0526677,2,0,0.5370053524213217,0.18040689634429094,0.17443351647718627,0.06282808954299232,0.045326145214208705
es_0542450,3,4,0.008713056424494393,0.036250126443566524,0.04922748645830717,0.2706874885428082,0.6351218421308238
es_0255691,3,2,0.03397530126657811,0.22290947425197935,0.3667791097631435,0.25067868500492885,0.12565742971337013
es_0907329,4,4,0.11382441437221424,0.17662406534610978,0.15497884828608077,0.06955567808452572,0.4850169939110695
es_0807089,4,2,0.005482352999978063,0.24282245993287552,0.4308248476190246,0.2870306585192547,0.03383968092886712
es_0479319,4,2,0.04509828789713704,0.08818849224692774,0.4470336661196902,0.31100465391178567,0.1086748998244594
es_0812270,3,2,0.05365846270563277,0.1728110828906188,0.5123575280782269,0.22588705720725347,0.03528586911826812
es_0225971,1,2,0.0675591030692554,0.26864620563066516,0.3510925123549179,0.2714260423960572,0.04127613654910434
es_0881477,1,1,0.1382999956459382,0.5596766954647682,0.23670354661584497,0.046316893613650614,0.019002868659798104
es_0656080,0,0,0.5962015927470181,0.2298830949313624,0.10015539526540848,0.037249480430757584,0.03651043662545344
es_0252177,3,4,0.016769337155285474,0.10656044307612281,0.07619619313162328,0.25375815731016743,0.5467158693268009
es_0049584,1,0,0.3754306518308247,0.2535450837521949,0.2640207691079379,0.0734905779429647,0.03351291736607781
es_0672295,3,2,0.009103710345936359,0.23731072288708432,0.4123781049790886,0.32965613202062627,0.011551329767264527
es_0034214,1,2,0.029282283318140118,0.08030323945092417,0.3955552286874422,0.3501166241282369,0.14474262441525657
es_0984523,2,3,0.02345786774602789,0.057824028258240165,0.23462976742997332,0.6228578744036563,0.06123046216210217
es_0210039,1,0,0.5890955703555891,0.28339451777073926,0.11546734101952041,0.009643239884032541,0.0023993309701187933
es_0053360,3,0,0.4016387906526412,0.25989441933330537,0.16602161644925456,0.040110362191105996,0.13233481137369285
es_0385862,4,4,0.06800798608254985,0.07643975537076346,0.09583843594995091,0.34196454623640077,0.4177492763603351
es_0878643,2,1,0.07978350029259623,0.4894345305805975,0.28369379149107676,0.08366189295399622,0.06342628468173325
es_0135947,1,1,0.06335258501409152,0.4293152595209954,0.3839632039185966,0.09049148013240829,0.0328774714139081
es_0853891,4,0,0.5620598586042623,0.08151510351870875,0.22354738085756973,0.07028796081628393,0.0625896962031752
es_0625749,4,1,0.03979554965809161,0.4017189865650462,0.2738946960702763,0.24910179165729893,0.03548897604928701
es_0171151,2,1,0.1971691127366178,0.305612411715875,0.23849983273344874,0.14938260584955543,0.10933603696450307
es_0020615,2,3,0.016669829096398702,0.03751878158214591,0.20467481804563295,0.5158886676788137,0.22524790359700883
es_0224003,2,4,0.018147747607130966,0.05234604260142016,0.1038806668994515,0.2024447323996439,0.6231808104923535
es_0773793,0,0,0.5383305739844829,0.2317009661898489,0.15699178837415406,0.06528209227559836,0.007694579175915923
es_0887965,1,1,0.10308895332365679,0.5511460106028259,0.21993346192670002,0.08291379614938381,0.042917777997433446
es_0251092,1,0,0.5110791203142738,0.1288899447873983,0.17284038959425146,0.16282684489681973,0.024363700407256723
es_0772531,2,2,0.047920789159432715,0.2716966749127274,0.29639061500832914,0.2526826837896571,0.1313092371298537
es_0416912,2,1,0.1989229700061366,0.3512479056659334,0.32080476423607174,0.1072493299316966,0.021775030160161697
es_0641653,1,1,0.1956028707607413,0.44411825300686064,0.15231800413711785,0.05068604515842893,0.1572748269368513
es_0862696,3,2,0.04548624523935872,0.2088856902422998,0.4982941914521993,0.17610029099002283,0.07123358207611938
es_0668220,0,1,0.3263301309205649,0.4956167298856527,0.11369922973085773,0.04435115672339064,0.020002752739534103
es_0205952,4,3,0.013159187489962736,0.12169972447689162,0.23272641093865806,0.4271946172906012,0.20522005980388638
es_0470959,0,0,0.6967927318374997,0.17726644946264836,0.07840594262536651,0.036514452833327306,0.011020423241158166
es_0477448,0,1,0.23496175777071038,0.3886683838010508,0.26230130244911437,0.05702651942432405,0.05704203655480047
es_0539732,2,2,0.07426207927996728,0.219733198853061,0.3342844376904379,0.2988112168652914,0.07290906731124236
es_0991313,1,0,0.6350190173665344,0.23629027473883704,0.0835340624732848,0.030663391020205443,0.01449325440113829
es_0267908,3,1,0.15227259325126263,0.4262182498100846,0.3250402784508454,0.05779586144652823,0.03867301704127908
es_0223766,4,4,0.23283543034667825,0.15015865562956524,0.13369346998908074,0.18504120209225622,0.29827124194241955
es_0518903,4,4,0.009513156298572379,0.02768279260693554,0.050635407066859484,0.2084908912838929,0.7036777527437398
es_0900017,2,2,0.017550941004606125,0.12182961672574832,0.3669910522121193,0.3632320146091798,0.13039637544834645
es_0195628,2,1,0.3215250107464218,0.3741879753887455,0.16767685861238135,0.09765573271819142,0.03895442253425986
es_0515811,2,2,0.09662968172658665,0.3555140734450876,0.41204332790887416,0.09944115297942473,0.03637176394002685
es_0379661,0,0,0.49755869900379796,0.4252840701074299,0.047719122757668986,0.018641362461485258,0.01079674566961795
es_0436162,4,4,0.008460572791017616,0.019194903868801332,0.03870538417418349,0.07312077010443116,0.8605183690615664
es_0513514,0,3,0.14667827671097827,0.1044431854428947,0.26426210378129295,0.3509989563365369,0.13361747772829735
es_0676307,4,3,0.02624363839606786,0.08757794086265949,0.39868255995410723,0.4725469597538918,0.014948901033273562
es_0459641,3,3,0.014947071841976018,0.03257552730024891,0.15475047383144155,0.4047571756481254,0.3929697513782081
es_0868425,1,1,0.055936428657748005,0.512069354886697,0.20221280986019757,0.13917282053841815,0.09060858605693936
es_0628406,0,0,0.616627117401945,0.18794070454735548,0.1601837124437866,0.023462501124426834,0.011785964482486139
es_0180032,0,0,0.6065913187255286,0.10395240874117986,0.0990480651320346,0.10599842272936884,0.08440978467188806
es_0520964,3,3,0.0035544565443773927,0.04108823814543727,0.15028517025520408,0.47473298374712697,0.3303391513078543
es_0891412,3,3,0.02525607000859077,0.0223492683403388,0.12229642313033542,0.4793755528309527,0.3507226856897823
es_0312999,3,2,0.02063941265908837,0.02634255277828664,0.575994263494073,0.2921741622415694,0.08484960882698263
es_0489129,2,4,0.06080601270108762,0.07349015415215397,0.11555395235516304,0.15180644375445115,0.5983434370371441
es_0165754,1,3,0.009644193722666835,0.22453231644624755,0.3337977225342142,0.3426874439685011,0.0893383233283703
es_0705373,4,3,0.017536956761935285,0.12516742550455034,0.14144230078740638,0.42268662169221904,0.29316669525388905
es_0733386,0,1,0.29362749214668304,0.5090834961172996,0.10316902241910278,0.06347873557515034,0.03064125374176423
es_0321819,1,0,0.30738162197077507,0.17131046572395509,0.24756672941236935,0.241714330439245,0.03202685245365547
es_0690099,0,0,0.7286118263255993,0.1132349932711945,0.07740512471974859,0.04500515800262321,0.03574289768083451
es_0752083,3,3,0.0013111921747425363,0.004695585674467643,0.12797493974370933,0.5106669890858324,0.35535129332124804
es_0182813,3,2,0.22707117894060164,0.20399688948361921,0.33166179703321524,0.18793889961872404,0.04933123492383982
es_0398617,0,0,0.4171251672942205,0.40773595397571194,0.11659552019650395,0.049344499561588394,0.009198858971975286
es_0167781,0,1,0.1472804840684948,0.43596661981430324,0.27003317488706335,0.10325885403234392,0.04346086719779464
es_0101736,2,2,0.004774644988196265,0.17065735554807598,0.4596455915490877,0.22028096837473227,0.14464143953990788
es_0682411,1,2,0.03152861019628457,0.22792528877394208,0.5801766112986126,0.11945856241055261,0.04091092732060795
es_0006073,3,3,0.03737697100533878,0.08869926403619458,0.1832509563189167,0.5569403216218181,0.13373248701773197
es_0095948,1,0,0.5572835526877757,0.1852153815190027,0.2130638449114013,0.033074684157583426,0.01136253672423685
es_0100301,0,2,0.10170552171037221,0.3557662687151371,0.40846654459408055,0.09868158251876293,0.03538008246164719
es_0539669,2,2,0.07725529634887489,0.18950775185657937,0.4435309574783538,0.2250090896411565,0.06469690467503542
es_0443060,3,4,0.03147183009207927,0.06305548308110481,0.24052332407784513,0.28564617661437813,0.3793031861345926
es_0221892,3,3,0.004336911812222203,0.06609029354680236,0.3201255819775449,0.3487979017124071,0.2606493109510234
es_0898303,4,4,0.001885088366106178,0.019922497861721605,0.040287422847751025,0.19795062012774667,0.7399543707966745
es_0768447,4,4,0.0989221187813332,0.2028851738511473,0.19000402335251615,0.1592362056630885,0.3489524783519149
es_0038836,1,0,0.37894494502483067,0.37788769589684273,0.1397279092466993,0.07364019778638635,0.029799252045240913
es_0277824,3,2,0.004213877129077799,0.028294586766774356,0.46319208875459583,0.34342898852524373,0.16087045882430823
es_0936482,2,1,0.13226147587688075,0.4078192500371012,0.3886070666721385,0.06470436868166603,0.006607838732213425
es_0729194,2,1,0.047925023930097975,0.5813870287862166,0.22794511245003304,0.06486087308990528,0.07788196174374709
es_0702913,2,1,0.01849569300908194,0.3212748599159,0.28939329451371876,0.3211785760573459,0.04965757650395347
es_0456974,3,4,0.002637887352424823,0.020421385499360824,0.04690874724314219,0.36052245958352747,0.5695095203215448
es_0402990,3,4,0.045479841096070374,0.1659904380490034,0.17083885625898437,0.11694511703339308,0.5007457475625487
es_0039491,3,3,0.027799610434492646,0.07279358049322082,0.44059586362938663,0.4438196143049676,0.014991331137932423
es_0692604,1,1,0.04535313441480875,0.3888634869083659,0.14636130101039,0.2878504339696043,0.13157164369683105
es_0535822,4,4,0.15521545354708757,0.07672495862996702,0.1454979201343906,0.15085197716746257,0.4717096905210922
es_0120955,3,4,0.0011778419233329275,0.057394445560689136,0.17434600690948168,0.32684668486486246,0.44023502074163384
es_0055185,4,4,0.005957147941424814,0.05368119518910576,0.1049986187400798,0.11125063984266319,0.7241123982867264
es_0215390,2,2,0.02960353527971259,0.07268957745230517,0.5052473129860576,0.38403399242571246,0.008425581856212176
es_0951073,0,0,0.7812189933443735,0.026643930398875738,0.06579071325369741,0.06367062749409064,0.06267573550896273
es_0853805,0,0,0.7905770087453792,0.0976364357586292,0.063561106042107,0.03963423001605269,0.008591219437831886
es_0602650,0,0,0.48822320346042875,0.25708055328254714,0.18200114297855832,0.05650996262817837,0.016185137650287403
es_0461671,0,0,0.4902032448502537,0.2823273215122245,0.15506256737996585,0.049718842147684086,0.02268802410987201
es_0892106,3,2,0.14267970594428853,0.14100329319237792,0.33272001446337973,0.15318844737252918,0.23040853902742464
es_0101423,4,4,0.009685637862041078,0.07441414759185151,0.05266979574385246,0.11991310803633774,0.7433173107659172
es_0742127,2,3,0.007286975738349971,0.12090300746806644,0.39497527614241984,0.44648439634097625,0.03035034431018757
es_0627362,3,4,0.020176538367020096,0.07254068490665047,0.3058370850500777,0.2869662894916954,0.31447940218455633
es_0957639,4,4,0.013253582605466338,0.08991761170388472,0.17313313563784877,0.12016751088477548,0.6035281591680246
es_0570178,0,0,0.6653491922203699,0.2217383836334061,0.07702431192429986,0.025618750212811077,0.010269362009113138
es_0947992,1,2,0.20095492533987627,0.23254677346164657,0.30509235775627774,0.16960424174686844,0.091801701695331
es_0516169,3,3,0.005492696889236274,0.1524119307862714,0.3008863819515608,0.39875287152594474,0.14245611884698692
es_0835462,1,1,0.06322178575072927,0.5541399435825152,0.24140978375057592,0.10983245077999246,0.03139603613618718
es_0436330,4,4,0.007750971469389301,0.054725556051742986,0.0824437599739917,0.2059334074661196,0.6491463050387564
es_0310222,0,0,0.6114224976957178,0.2366903938815887,0.05295359622150857,0.0902989395487602,0.008634572652424727
es_0184670,0,0,0.3209657864744734,0.31014358447807594,0.1564273530060098,0.12542231055066924,0.08704096549077162
es_0958794,2,1,0.13366133467886776,0.41240668652489665,0.2522183410037738,0.12745821673830673,0.0742554210541549
es_0205814,4,4,0.008296313581710058,0.026644384578348067,0.05301444906722391,0.24294556033807643,0.6690992924346416
es_0902382,4,3,0.017164475242527698,0.11864166427599745,0.21222468615872062,0.35606056957372767,0.2959086047490266
es_0884700,3,4,0.001751595181161425,0.015551302104393419,0.03127777680985485,0.31234762752133444,0.6390716983832558
es_0296268,0,1,0.16199192023015815,0.3036759606919943,0.289266133072012,0.14240545319543266,0.10266053281040285
es_0559295,0,0,0.3954390003205114,0.288818065982666,0.22473068432424093,0.07144049507496536,0.019571754297616286
es_0928331,3,4,0.033859539634868985,0.11727472777612565,0.0805830562757699,0.23745972474435995,0.5308229515688755
es_0341050,2,3,0.10639784863994291,0.3315394992122365,0.15451311685574823,0.3673505994607062,0.04019893583136617
es_0126612,4,4,0.013246271161580545,0.14348787911631206,0.08533278992442879,0.32970010767712177,0.42823295212055684
es_0770096,0,1,0.35186315445906546,0.4275430957194134,0.1334207560531423,0.07386709925868754,0.01330589450969132
es_0324314,4,4,0.02406168034353478,0.011797608456909196,0.01633161417928302,0.15953038543489,0.788278711585383
es_0782043,3,4,0.004394629985977232,0.008159197332229997,0.054659449580465626,0.3691559116053166,0.5636308114960105
es_0014346,1,1,0.29147030474999036,0.4576168273450684,0.20281717933966173,0.02200841848388804,0.026087270081391445
es_0067702,2,2,0.027347975346637167,0.32096707630285454,0.41770502206232435,0.19785507674598013,0.03612484954220382
es_0198555,3,4,0.02827305806471884,0.12935746917367646,0.2628925490898373,0.09713708030799476,0.48233984336377267
es_0647231,3,3,0.0032180268444851378,0.07069413693517437,0.14555397395107111,0.40725504585709704,0.37327881641217237
es_0948396,0,0,0.6929597687166028,0.08959538355355519,0.08036949284909634,0.06897774528285498,0.06809760959789066
es_0870239,0,0,0.5009625508163941,0.2481974533482607,0.07693732304022294,0.08388791585695902,0.09001475693816322
es_0711529,1,1,0.10662091298943903,0.3779508980244307,0.19107363744490372,0.22749867848295455,0.09685587305827192
es_0497282,4,3,0.02748455412261941,0.25989724372948136,0.05915300708671463,0.46930263604704753,0.18416255901413703
es_0081093,0,2,0.02645446605143781,0.39091346452564557,0.4054540537144521,0.11942777993963785,0.05775023576882669
es_0287390,1,0,0.7494852892367636,0.10126806239585304,0.049731388067625004,0.05264638847949429,0.046868871820264155
es_0725497,3,4,0.002123443177146732,0.03756254016781271,0.05631320428821095,0.26230866536046715,0.6416921470063626
es_0951996,4,4,0.14877597771873757,0.287479184734574,0.08376636437015805,0.1756088142778927,0.30436965889863765
es_0270698,2,1,0.017187927365488916,0.37996526539656683,0.3041106786073269,0.2693087903344084,0.029427338296208964
es_0222107,1,0,0.39098121034042654,0.34961063456580244,0.17184730112682667,0.05174372654246294,0.035817127424481454
es_0822541,3,4,0.036383132619798815,0.04184704246631897,0.039127535863680674,0.1289678243021128,0.7536744647480887
es_0478191,3,4,0.032501195431264805,0.055344945918893884,0.14489264022649267,0.24566313793624914,0.5215980804870995
es_0606593,2,2,0.03262069731608577,0.11130620381151983,0.5640050822109711,0.2619371425194683,0.030130874141955016
es_0066619,0,1,0.176836504234776,0.44525139251453877,0.23821032303356754,0.07372311713112513,0.06597866308599262
es_0742035,3,4,0.022246165665715658,0.05822826033445666,0.14319530651095602,0.3122502929737892,0.4640799745150824
es_0699887,2,2,0.20534534330868834,0.2095700797370505,0.29694501955014496,0.2342309861991969,0.053908571204919264
es_0591987,1,1,0.13063342349044632,0.3533785008112207,0.25764078962229625,0.1694133619832873,0.08893392409274944
es_0837799,1,1,0.3156627209382218,0.3484810912805812,0.25627063429973357,0.04404932445883609,0.03553622902262738
es_0224738,3,3,0.04416480579127312,0.0895595892288245,0.14731240525212005,0.4891032915405523,0.22985990818722996
es_0893691,3,3,0.029702149019557495,0.12951563290443785,0.19367297070638725,0.46942569821225844,0.177683549157359
es_0027301,1,0,0.577323346805557,0.13695234359738778,0.18420506162143552,0.08222123952329528,0.019298008452324406
es_0662101,4,4,0.004767702025898928,0.03582163843166619,0.05835046542078122,0.1610370589713924,0.7400231351502612
es_0554803,2,3,0.008110088020147944,0.12703560716593593,0.27303336207136863,0.3980296451166327,0.1937912976259148
es_0759129,4,4,0.011135163977362033,0.017389473639615127,0.0508851988571288,0.2418295099895839,0.6787606535363101
es_0834677,4,4,0.061281840600500403,0.1515462159721342,0.09206878350885965,0.12416283126417398,0.5709403286543318
es_0798390,1,1,0.19534522134034094,0.5839609235332052,0.11871226874016216,0.05873147913508513,0.043250107251206676
es_0057920,0,2,0.053706979649873574,0.3107984278038379,0.45056651305348827,0.17750969099409777,0.007418388498702527
es_0223361,4,4,0.2666644797428582,0.06917696145673569,0.05046097850788972,0.060073778561633165,0.5536238017308832
es_0948735,2,1,0.22631958424166526,0.3327540199312183,0.2253496688053918,0.12048244519278409,0.0950942818289406
es_0455785,2,2,0.07605437840088401,0.30255428314448013,0.3553219570430576,0.12226351687143713,0.14380586454014122
es_0316236,4,4,0.019548480501450496,0.16995134623723746,0.14012568459919109,0.08433805812710607,0.5860364305350149
es_0010625,2,4,0.001169997729476863,0.01678185177532636,0.21698141303935792,0.28369425343895427,0.4813724840168846
es_0347841,1,0,0.4114262110749857,0.23194074966292905,0.1839471430075708,0.10190370115145772,0.07078219510305668
es_0232089,0,0,0.46391279559583376,0.21622948098901779,0.17087845572223487,0.07920174950173216,0.06977751819118139
es_0914200,0,0,0.6546592202251611,0.24590285052006947,0.04880518965001822,0.028952977008404896,0.021679762596346186
es_0118403,3,4,0.1722687317977326,0.04264530983041526,0.07195883641255736,0.33743466156774865,0.3756924603915461
es_0565729,3,3,0.016077521278992642,0.09087464930698536,0.2706888529935375,0.51945495548628,0.1029040209342045
es_0983651,0,1,0.284880078708689,0.3069733565632987,0.2356072207746549,0.11566329714536346,0.05687604680799392
es_0150689,0,1,0.13149400564588531,0.3845309064545742,0.32734759701131133,0.12102795334593985,0.03559953754228927
es_0809121,3,4,0.04567408528421887,0.06632156731585637,0.11532270788928614,0.19338087502764775,0.5793007644829908
es_0072738,3,2,0.02975791690891224,0.23240501039098346,0.41852927380321725,0.2886268406832827,0.030680958213604316
es_0638359,4,4,0.003333635029855385,0.028507955315557776,0.03160750486826367,0.3009025157799672,0.635648389006356
es_0798114,3,2,0.044093999488984695,0.08061708410017691,0.40474068411695685,0.33854995724652814,0.13199827504735334
es_0840324,3,1,0.06470503145605846,0.2956659225501007,0.23297687325863176,0.28437546440388106,0.12227670833132802
es_0945276,1,3,0.017800996161970357,0.07671039285805878,0.35093727972150845,0.477946566158112,0.07660476510035046
es_0859398,2,3,0.04009037074700835,0.18797766966249177,0.2262526031676134,0.4683506155782974,0.07732874084458927
es_0884279,4,4,0.0744593768351937,0.12448581096661919,0.18544500771714217,0.18328233771912492,0.43232746676191997
es_0779182,3,4,0.07303760252432696,0.03896647499853817,0.06979719987448903,0.3950533161711455,0.42314540643150034
es_0482978,1,1,0.08052936509232914,0.5400721209478004,0.1793141601918528,0.1684677954708572,0.03161655829716038
es_0683472,2,1,0.0655146247340684,0.3432336527656891,0.1488427633331982,0.1797993915406084,0.26260956762643584
es_0700064,4,4,0.012004242306520283,0.036345936728985805,0.05838254595952559,0.2611466895311988,0.6321205854737695
es_0069822,2,2,0.07519388520629158,0.2375299711106192,0.30904556599630373,0.24761565673560929,0.13061492095117627
es_0461575,3,4,0.07718854411150768,0.06923977849337964,0.0475182897003574,0.1393754204618202,0.666677967232935
es_0198569,3,3,0.18430407529796583,0.13886138089700048,0.2895056449017291,0.34338041271255826,0.04394848619074628
es_0849101,0,2,0.1942046361686967,0.20851923335301956,0.37970291575385107,0.12072268044090866,0.09685053428352397
es_0446487,3,4,0.05257641363059888,0.08450301052724271,0.1637672190592103,0.19183487178944802,0.5073184849935
es_0054818,3,1,0.12497432862597131,0.38545314809160003,0.3348203393215378,0.08977000918071595,0.06498217478017475
es_0509335,2,2,0.004781773385874361,0.22161279169261286,0.5349407614850947,0.22936734052128246,0.009297332915135561
es_0031538,3,4,0.001612859822878058,0.025284542127902453,0.03725019295208422,0.19847738217915747,0.7373750229179779
es_0428997,2,3,0.0710593202470369,0.11124800457517495,0.21960536717678938,0.4221859598193249,0.17590134818167386
es_0018099,2,1,0.20209384647823553,0.2813860200813269,0.2188298833554621,0.21752690797480528,0.08016334211017014
es_0170913,3,2,0.04857795292421972,0.18481506542014456,0.4073298058244303,0.2975485352501325,0.06172864058107297
es_0430845,2,2,0.07891779608449018,0.24986276197070828,0.48934810857284805,0.16353403531235383,0.01833729805959969
es_0278200,3,4,0.15278889451337768,0.07408825283757867,0.1522830720019531,0.30797829865987775,0.31286148198721275
es_0500517,0,2,0.03758291379989331,0.24229686135340217,0.37535246321194976,0.22252945566427326,0.12223830597048146
es_0844985,3,3,0.029789794777116956,0.07932176182952641,0.13146834052328932,0.40851661841944464,0.35090348445062264
es_0570357,0,0,0.33256593809125545,0.262057005949064,0.21155499208289155,0.08894618668697993,0.1048758771898091
es_0484324,4,1,0.23617738575441197,0.43289331063321856,0.18132330703859045,0.09493178460466004,0.05467421196911902
es_0291902,3,2,0.15949171607819718,0.1090472225734384,0.26657645526472284,0.21674752068749198,0.24813708539614954
es_0476270,2,4,0.0021371018984526523,0.007852977099092228,0.15114768293186126,0.3527483893844702,0.4861138486861238
es_0521292,4,4,0.040188240377498734,0.0819983846405545,0.11622048284497992,0.2819139947360328,0.479678897400934
es_0737144,4,1,0.26218299141653095,0.286855864381878,0.2861433723327838,0.13685983708644894,0.02795793478235823
es_0796335,3,3,0.06220178866882964,0.20165584146286447,0.23877454234319773,0.34208185917716144,0.15528596834794667
es_0925394,4,4,0.029814547597626074,0.17451069906085234,0.18578405814087354,0.19219287501469823,0.4176978201859499
es_0550226,4,2,0.008205197340895603,0.1297104435817547,0.39290160920748257,0.35824705877474466,0.1109356910951225
es_0946142,3,2,0.06214860111885763,0.062448692205070676,0.3511331398035668,0.22385607513894884,0.30041349173355597
es_0321514,4,4,0.008360014206108188,0.06564477585503584,0.08645122602506441,0.174026813172377,0.6655171707414146
es_0016441,1,0,0.6232222384302277,0.27683661947951715,0.05413400014467239,0.0347763184705486,0.011030823475033999
es_0530078,3,4,0.0013611263844282104,0.023422929732798654,0.06593905725970191,0.3330084172281451,0.5762684693949262
es_0557598,1,1,0.1981823173556449,0.29132685568674554,0.2769560061330044,0.14727812910736243,0.08625669171724273
es_0518437,2,2,0.19177946468529866,0.3675577066902826,0.3774713631412923,0.05447876482748577,0.008712700655640618
es_0602792,1,4,0.009664192927267326,0.11823830949079832,0.1712933605328823,0.2793322403067446,0.42147189674230756
es_0517538,0,0,0.5009457135031926,0.295754774962459,0.14780352217511983,0.03953382938481126,0.015962159974417228
es_0960703,2,0,0.535402583286251,0.33791039890892355,0.07896524473323756,0.03568302214125961,0.012038750930328175
es_0971868,3,3,0.02105138407837969,0.18727976950518851,0.30737641181638004,0.39115245120947056,0.09313998339058119
es_0340869,1,1,0.23466000406172474,0.2593428960479206,0.2576289547431446,0.19563067161659548,0.0527374735306146
es_0031330,4,4,0.010682157733817988,0.110010822401521,0.10318599472890075,0.2891357941299427,0.48698523100581753
es_0120827,0,0,0.5221038327165676,0.16853974752676681,0.1999278527189615,0.09062523195469271,0.018803335083011418
es_0296849,2,2,0.05597350746296047,0.21817275576799383,0.44955070554026494,0.23629567173490312,0.04000735949387756
es_0802923,3,3,0.025184720770033593,0.08882784841192878,0.3123119795437638,0.552854265313987,0.020821185960287023
es_0003115,2,1,0.08667825786111275,0.5226464530533856,0.19383395150997723,0.14014545080784963,0.056695886767674765
es_0559471,3,4,0.0014267219470295756,0.07672139814192475,0.14838055681651047,0.252018881075295,0.5214524420192402
es_0223794,4,2,0.06227708349443946,0.2886508435092064,0.30185806951288613,0.29389178327582755,0.05332222020764058
es_0520104,4,4,0.03101837991141611,0.1603071190435924,0.06307103392045002,0.15386886330686733,0.5917346038176742
es_0408964,3,4,0.004248547394199503,0.028787589664754847,0.09779525344288946,0.4085488086715179,0.4606198008266382
es_0968612,2,1,0.2478902776420945,0.3365845763703132,0.2170651531424978,0.14204101832249688,0.05641897452259768
es_0012628,4,4,0.011655783513538596,0.01699853756736819,0.062168029411901714,0.26651525528256204,0.6426623942246295
es_0912641,3,3,0.017428434827999748,0.08475098867694414,0.11935543843144077,0.6222255871459972,0.15623955091761824
es_0129528,0,0,0.4157981992625849,0.34652747770561343,0.18471611411160463,0.031104209841476667,0.021853999078720408
es_0684989,3,2,0.06055520433665925,0.1672132043607299,0.38243280667327884,0.2808668272265161,0.10893195740281587
es_0653197,1,0,0.4710226244162411,0.3288192088232024,0.10561208748094122,0.049002851436093786,0.0455432278435215
es_0353968,2,1,0.07270156810625636,0.4285985432839525,0.2328607799053565,0.14007864242493628,0.1257604662794983
es_0954358,2,0,0.49963976862443094,0.24237332835152797,0.15791318436885166,0.05113598097243584,0.0489377376827536
es_0352074,3,4,0.011709361559770991,0.038020501777976404,0.11676911036792245,0.2951397910200083,0.5383612352743219
es_0187541,3,3,0.018180636974690533,0.059816826274995516,0.21483512941055535,0.5301993800490459,0.1769680272907127
es_0575084,0,0,0.6254902141871218,0.09858929110073175,0.11021317684711814,0.057814090697344486,0.10789322716768375
es_0047716,0,0,0.38833735000440955,0.3213973410241591,0.12046383640591111,0.11491461395189742,0.05488685861362273
es_0641734,3,4,0.05066127272782252,0.13697296940238166,0.2021585635666725,0.2513897203660299,0.3588174739370934
es_0365626,0,4,0.09889105925617665,0.3109931287541959,0.18123874108117072,0.09014598653334728,0.3187310843751095
es_0020189,3,3,0.007084737810613605,0.020697441211312617,0.10828111801738464,0.5793294921569272,0.28460721080376195
es_0204554,2,1,0.1787578600812258,0.5806900955761918,0.12067319112630903,0.09024080421267922,0.029638049003594215
es_0360334,3,2,0.12664754019477437,0.25650314068033,0.33384369191748164,0.1332046380590234,0.1498009891483906
es_0745524,4,4,0.004821412926982392,0.01106637610111141,0.041492367257012434,0.3794377260237692,0.5631821176911246
es_0446408,1,1,0.21181554937751507,0.2790726089951578,0.22662262861518573,0.22462327050825692,0.05786594250388448
es_0481551,2,0,0.5284599419662197,0.26275815896137494,0.07965370063504067,0.06055728198883823,0.06857091644852639
es_0822235,3,0,0.5938172241944804,0.2788717661898415,0.039352164900324726,0.04778131409562266,0.040177530619730756
es_0019360,2,2,0.014939234582206484,0.11320840704517751,0.406837713185171,0.400953508631411,0.06406113655603402
es_0826530,2,3,0.011996102678637105,0.10103417059118573,0.3401520210481981,0.5327318514316722,0.014085854250306682
es_0784840,0,2,0.05650001084557652,0.3069696136723775,0.46947227761180466,0.1582135035451156,0.008844594325125795
es_0428510,4,4,0.009097338394284135,0.06037666435705462,0.04523415013741554,0.19958122534941186,0.685710621761834
es_0834297,3,4,0.003050166405238724,0.01060337076946038,0.03779169084810988,0.15610492174052043,0.7924498502366706
es_0377105,4,4,0.21597088962630306,0.1977855003377247,0.21690503758980473,0.08235629227005607,0.28698228017611144
es_0173632,0,0,0.5823536104890364,0.22069242494267466,0.09901025222143416,0.06437489605672797,0.03356881629012668
es_0791090,2,0,0.7438335684819343,0.11939475953962889,0.06768981462070647,0.043100047001400923,0.025981810356329404
es_0361345,0,0,0.6733940663579396,0.215792245234928,0.04907502524966136,0.024363624462641714,0.03737503869482917
es_0548191,1,1,0.14419101238646265,0.46873416159579806,0.14542488970222034,0.19490245625684297,0.04674748005867596
es_0911231,0,0,0.7411153797177011,0.09954085591710145,0.0691620189798267,0.06611718593065032,0.024064559454720386
es_0797692,1,1,0.3094284671238298,0.43255098841463324,0.07519127737315648,0.1092183674458402,0.07361089964254026
es_0695942,4,4,0.038191897035947116,0.03984280967305067,0.13973857493799074,0.16100347801100284,0.6212232403420088
es_0278533,0,0,0.6479421157821064,0.3000622519604317,0.034020196214869715,0.010090224906517599,0.007885211136074769
es_0192382,3,2,0.002521410783028372,0.06382498516810516,0.526383488177383,0.39090892496839197,0.016361190903091533
es_0704584,2,1,0.08010582445974826,0.3177783228048801,0.24974787370067447,0.07091546608807249,0.2814525129466247
es_0001155,4,4,0.02048765737152978,0.16691851006222141,0.12333981527850964,0.3360354692781279,0.35321854800961133
es_0149069,1,0,0.32455842511765365,0.24215250207333586,0.15834740391201088,0.1725728742086315,0.10236879468836813
es_0760205,4,4,0.22635554224164328,0.14734616735509096,0.048946252011051065,0.12485277697353288,0.4524992614186818
es_0670902,0,0,0.5876944949084825,0.21800507665268176,0.08688211751444919,0.08937931810962793,0.018038992814758757
es_0117773,3,4,0.061649340794041316,0.02984347970983056,0.26938438881575644,0.2540826586285439,0.38504013205182774
es_0967550,0,0,0.539463187712459,0.2351812437721188,0.16656367506705527,0.049003592542740844,0.009788300905626107
es_0660025,3,4,0.07997183722413267,0.06269183222570457,0.16101317607756171,0.25584073818489583,0.4404824162877051
es_0420798,1,1,0.27160529077910545,0.5263053673490015,0.10488206603099934,0.07048022794381387,0.026727047897079814
es_0524659,0,1,0.2360219793671252,0.3750826509347133,0.24862713601049577,0.0902771269326741,0.04999110675499152
es_0392950,1,0,0.7261325848695371,0.16304946097135425,0.05366025212107874,0.029238230059901543,0.02791947197812844
es_0022294,4,4,0.05885199014422935,0.1103841428879122,0.04823706059202829,0.13441227799964958,0.6481145283761804
es_0266130,1,1,0.04354293330542795,0.514616074940069,0.24845060039972133,0.17198479295598038,0.021405598398801396
es_0218861,1,2,0.022038956900782974,0.3275986934416016,0.4756573096568739,0.15147336847734108,0.02323167152340037
es_0767811,3,4,0.023923949263592176,0.02065032892332316,0.13004194121578938,0.18588604934340097,0.6394977312538943
es_0329071,4,4,0.00510000064079318,0.03685684818702003,0.05985965434586009,0.16472634862538893,0.7334571482009379
es_0660371,3,3,0.012401702423334427,0.040533863913272836,0.10938846730644133,0.567356230732399,0.2703197356245524
es_0059420,1,2,0.08708263417234323,0.21404762598694727,0.4345036369877916,0.2498746240709114,0.014491478782006429
es_0057233,3,3,0.00847223059962284,0.0923853384600942,0.2942041189213109,0.5126959295763653,0.09224238244260675
es_0880674,2,1,0.2694874583283223,0.42334155369412985,0.1541290638370833,0.11702713347589733,0.036014790664567184
es_0688689,2,2,0.005240142124454219,0.027822014055066197,0.5416739578952756,0.34287866397211497,0.08238522195308909
es_0991175,0,0,0.3656412718832371,0.10492061554217114,0.13517418383650617,0.32047127102856027,0.07379265770952528
es_0409134,1,1,0.11323467049863618,0.27105602061335443,0.2622183957196426,0.1693707205745853,0.18412019259378137
es_0470201,2,2,0.020719400287027557,0.18261168118061527,0.45487954872928105,0.3013426615383658,0.0404467082647102
es_0346500,1,3,0.05780726144777103,0.260585359417082,0.21456964635017645,0.43852671477804395,0.028511018006926535
es_0170873,1,1,0.13529428252172163,0.6257280886967151,0.09822253336152686,0.04587083236503668,0.0948842630549996
es_0898959,1,2,0.029560871747039162,0.29093789460215935,0.3908768452064109,0.2845453874339655,0.00407900101042513
es_0095772,1,1,0.0924740055984829,0.5150949980657674,0.2742209106602627,0.07883402171584915,0.03937606395963776
es_0238822,3,3,0.023708463691924087,0.3239130517269878,0.18787352274779642,0.39647356364710534,0.06803139818618627
es_0144279,2,1,0.057018246542740306,0.4107672417962589,0.39822074409574937,0.06791213498424876,0.06608163258100261
es_0686452,3,3,0.03641019224035941,0.26588514012413744,0.1527040821193616,0.32051778359745625,0.22448280191868525
es_0029795,0,1,0.33735588083569845,0.35684894579994797,0.10315447665985877,0.12189689759906368,0.0807437991054311
es_0285498,4,4,0.0818279416371713,0.12223502854968953,0.1080480457112341,0.33127441928389956,0.3566145648180056
es_0191337,0,1,0.34101446327646817,0.44428978077149983,0.15144912126676688,0.040272960672810276,0.02297367401245486
es_0286494,2,1,0.22326164390899264,0.46454318486794355,0.25311457974143414,0.055118585692169805,0.003962005789459797
es_0147696,4,2,0.0055427648189192765,0.060524527074811554,0.4597814544693972,0.3507954506585854,0.1233558029782865
es_0567851,4,4,0.04010107344489607,0.11182663464025547,0.08445922662797686,0.3256923088551892,0.4379207564316824
es_0441312,1,2,0.008523989900364754,0.15597504903031742,0.4191487566429009,0.3854840498989684,0.0308681545274486
es_0602950,4,4,0.06367664577769591,0.06609048445552368,0.08465009438585103,0.11359071692736641,0.671992058453563
es_0671469,4,4,0.02101964393331258,0.04785564005557467,0.13544850745635997,0.21218629395598354,0.5834899145987692
es_0502615,0,1,0.23519717880842217,0.3883396738024691,0.15080459481126574,0.13977925020501278,0.08587930237283017
es_0946251,0,0,0.5387614836133603,0.3386467474260608,0.06374708514953889,0.04340606058068889,0.015438623230351025
es_0325794,0,0,0.7477439856204745,0.11469769513828723,0.06698096668948392,0.05612043917076274,0.014456913380991712
es_0740527,1,1,0.015934800803028396,0.4165908823963285,0.2642763599890563,0.2749351270533464,0.028262829758240432
es_0639168,1,1,0.14952028121743424,0.42152074205550133,0.3251241864052331,0.06851486799671336,0.035319922325117985
es_0128745,0,1,0.12577881110025055,0.676740225461976,0.07720687351317417,0.05306823138658843,0.06720585853801098
es_0567956,4,3,0.17274359266567746,0.17009248921375106,0.06513850854059375,0.3179308182568251,0.2740945913231526
es_0755215,3,4,0.018904955505765965,0.0981267182762933,0.0560101877324964,0.1953964290533578,0.6315617094320866
es_0781216,2,0,0.677897784776176,0.2053775995457519,0.03637652093825357,0.02974926195780315,0.05059883278201547
es_0844968,3,1,0.02928895452803797,0.4412245671838922,0.3897806313873885,0.10684651206690032,0.032859334833781104
es_0278753,2,0,0.5700485023055044,0.1635446898503083,0.17217949710770145,0.048170561201968734,0.04605674953451712
es_0292152,2,3,0.03427659484899547,0.08687027970136789,0.18556459011221263,0.3837888408599915,0.3094996944774326
es_0297513,1,2,0.07797328158728388,0.28476813332212025,0.3640779854512295,0.23551919225463527,0.03766140738473119
es_0987904,2,2,0.09050946319749874,0.23272669284549008,0.27480161843455,0.1858553485771759,0.21610687694528535
es_0636736,3,2,0.011669972129518105,0.21793079862135828,0.47453120018974115,0.28451021837159285,0.011357810687789691
es_0051325,4,4,0.05603805729070842,0.024139513000358038,0.020358399776200953,0.18284768929175915,0.7166163406409733
es_0456002,1,1,0.2416950820517826,0.40408209492811986,0.19728759102542442,0.11639399089305216,0.04054124110162086
es_0088478,2,3,0.03539814049850699,0.07434684742290527,0.3346322841758891,0.48316915656134773,0.072453571341351
es_0303918,1,1,0.0967063792347009,0.5879046093240856,0.2678238600916639,0.03659938642165601,0.010965764927893511
es_0085687,0,0,0.5209738710248744,0.1560178164529186,0.10144696104011681,0.1109538479021549,0.11060750357993539
es_0320412,0,0,0.7930967375638407,0.04944697443992778,0.0412323100646827,0.06509165454727164,0.05113232338427728
es_0000333,1,2,0.1683611865839036,0.30196816287957673,0.34378330764054565,0.13021342405286335,0.05567391884311066
es_0421878,2,0,0.316035931513259,0.17115606735964536,0.10805751520795204,0.18574824552555597,0.21900224039358762
es_0875672,2,2,0.04696250085736618,0.09730353138855682,0.5084007228896317,0.288485091845825,0.05884815301862032
es_0806862,1,1,0.20798858607817028,0.3035023345173192,0.21643775587865063,0.23366043503891626,0.038410888486943615
es_0932406,4,1,0.026581985545608415,0.4472128650396532,0.36218534110795997,0.1438996585103772,0.020120149796401178
es_0948169,3,3,0.00448811022551532,0.033470195621231776,0.2846880130457851,0.4345673784221945,0.24278630268527332
es_0159360,3,3,0.003074401854450675,0.009498199707759098,0.13339718451031768,0.6146504979331675,0.23937971599430505
es_0267974,3,3,0.04590126910584179,0.1814304109779886,0.3682061520259943,0.3697041240440682,0.03475804384610706
es_0248705,2,1,0.2356832397431336,0.32586701412738395,0.22943612385016482,0.1381624113319649,0.07085121094735267
es_0777042,3,2,0.06166935931739757,0.2754781343182266,0.3505126314583623,0.24073372222640113,0.07160615267961232
es_0501698,0,0,0.349889434964698,0.31953725634734387,0.12573999120397514,0.0827951392856141,0.12203817819836893
es_0684339,4,4,0.05469230442755564,0.030983266788949193,0.08531923230563104,0.26591519603569197,0.5630900004421722
es_0317961,3,4,0.012895939106178759,0.04012525523446806,0.10319015483118003,0.2654005585975456,0.5783880922306276
es_0694288,3,4,0.00519463524472696,0.0447005865002982,0.0697966064766429,0.39870362033455514,0.4816045514437768
es_0399428,0,1,0.09967628268265229,0.45703993990722597,0.29399173448183336,0.1319153890375251,0.017376653890763302
es_0026619,4,4,0.11465786942905212,0.11233759474813483,0.13124240181680186,0.29661428672216733,0.34514784728384384
es_0068670,2,3,0.1592619608833002,0.1724311862814641,0.21278712997716634,0.4308912334926494,0.024628489365420076
es_0218046,0,0,0.5392542142726459,0.29435926028695975,0.09153121775188569,0.06640619447225998,0.008449113216248652
es_0430381,0,1,0.14094821022938236,0.4449588402480386,0.23155798736884767,0.13478261142780595,0.04775235072592542
es_0744971,1,1,0.1357282799936396,0.3955091075928456,0.2450152626662861,0.1840831950445161,0.03966415470271269
es_0502189,0,0,0.3365380002002162,0.29669002101875985,0.24112105852436394,0.05478869899484593,0.07086222126181409
es_0388203,4,4,0.09442376041712479,0.07578509806170225,0.0732104767295457,0.1402855496913997,0.6162951151002275
es_0537842,2,2,0.0015189808942869575,0.20581412064056476,0.471972603290284,0.2749824776071734,0.04571181756769094
es_0708102,4,4,0.026280201742923764,0.029020480310693802,0.04543288863304109,0.39739130487108965,0.5018751244422518
es_0330835,4,2,0.07815038852685621,0.20463399134493837,0.3191263771857595,0.31184686454885513,0.08624237839359086
es_0152166,2,2,0.01881230578181447,0.21125263551460863,0.5437712547322149,0.19658497332466154,0.029578830646700527
es_0842680,4,4,0.1113210172392114,0.20177443262990497,0.09227881739466962,0.13102574366778624,0.46359998906842775
es_0349346,1,1,0.24908601747035736,0.5333251947061275,0.18213377136089037,0.02877330549716865,0.00668171096545613
es_0857126,1,1,0.23281373675866246,0.36216096563084593,0.22728628324376626,0.14282619942804167,0.03491281493868366
es_0372823,4,0,0.29995303493392234,0.2064679374821007,0.12783091634908533,0.09761552208033245,0.2681325891545592
es_0592490,1,2,0.22788883852475172,0.2915595400625113,0.30356865543218997,0.10032530546910971,0.07665766051143734
es_0154599,1,2,0.04623405244816281,0.12837549667775633,0.4059416861752315,0.3799680194238782,0.03948074527497111
es_0346169,4,3,0.019238969571647637,0.06901483776789022,0.42458127259284895,0.44279742364598845,0.044367496421624755
es_0560034,4,4,0.02547087657242969,0.07462219245708632,0.08845518475579142,0.1406374245435726,0.6708143216711201
es_0604678,1,1,0.16537514354157115,0.5857485844038267,0.1672106298183993,0.049004548523334704,0.03266109371286823
es_0854844,0,0,0.24242601308008357,0.19028285156364372,0.22164859827488534,0.2128988216561484,0.13274371542523894
es_0305401,2,2,0.033591054569363205,0.2901565184083964,0.32512687006376484,0.26373260350379085,0.08739295345468467
es_0923513,4,3,0.008304685987268523,0.11029973121098866,0.23182906088529903,0.41042861012222087,0.2391379117942229
es_0760687,2,2,0.03102276706810666,0.15701505544580752,0.4405615855504356,0.3593567299708332,0.01204386196481698
es_0849634,1,1,0.07878117420286455,0.5144311145325453,0.29534253283512635,0.08732505688595603,0.024120121543507702
es_0188935,3,4,0.04429899299431936,0.0791209601984961,0.02165726114428654,0.22335220134820938,0.6315705843146886
es_0145785,4,4,0.008554571418793963,0.04664117625757396,0.04209786482911378,0.1185410823746504,0.7841653051198679
es_0982869,3,4,0.10628337339209488,0.07662170762676937,0.09797811700892035,0.3052093962091174,0.413907405763098
es_0164039,3,4,0.0403129630148998,0.08011478234451473,0.30426718909788825,0.13594168440334478,0.4393633811393524
es_0943339,2,2,0.016703773762556873,0.27730683618299395,0.3205628950459018,0.2336130222732234,0.15181347273532392
es_0783411,1,2,0.21145520526830172,0.2979216174292604,0.30606780830974184,0.1425967902675834,0.04195857872511265
es_0553019,0,0,0.6445616015471218,0.11591906042609348,0.1664870942899878,0.06205150163177571,0.010980742105021164
es_0350457,0,0,0.5869737480393646,0.19124593079300783,0.15050269058130797,0.060403628315735626,0.010874002270583983
es_0451743,4,4,0.006962546993445781,0.03914093038204161,0.16210529688395792,0.34144995029137293,0.45034127544918173
es_0444100,2,2,0.18319649003000868,0.07623454782676951,0.4687319614937936,0.2434412984760214,0.02839570217340683
es_0939676,3,1,0.2438004159335449,0.4023404342788089,0.1572719362407969,0.07824954828954575,0.11833766525730352
es_0551228,1,0,0.5932149659390803,0.24133765540519564,0.14765319548744768,0.012185831999913094,0.005608351168363284
es_0632239,2,1,0.17115881637423497,0.3682152380551191,0.24560472723733398,0.1299773712021433,0.08504384713116862
es_0099227,2,1,0.09071681695605663,0.42245008210859714,0.1546415397152831,0.2641149323460682,0.06807662887399492
es_0690993,4,4,0.003841003141742826,0.032401695112919016,0.09436199795776992,0.3567533752678571,0.512641928519711
es_0283710,3,3,0.06462785429129814,0.2750649449475834,0.21348514298538568,0.33146353104202,0.11535852673371286
es_0695846,2,1,0.11393743802782437,0.5272311375649726,0.25338236146735066,0.06601209872425001,0.039436964215602235
es_0978853,1,0,0.6542361516180157,0.14224206492046787,0.07059762640653758,0.049474877593725104,0.0834492794612537
es_0541746,3,4,0.01041559264631651,0.05553769939656793,0.09820991095948033,0.34258950053784176,0.49324729645979354
es_0196826,0,0,0.7919281016332834,0.07024409322789911,0.06174182312451004,0.050122979929153565,0.025963002085153904
es_0636975,2,3,0.007543004239167516,0.23247470734890402,0.331376565635447,0.415664987323965,0.012940735452516467
es_0334278,4,0,0.31783810643902244,0.24888137056387608,0.16668778046696148,0.16857362317840077,0.0980191193517393
es_0628101,3,1,0.160732612596201,0.253815680269319,0.21618445952062,0.15405431907845246,0.21521292853540755
es_0652860,1,1,0.3151739210362018,0.3458446015687652,0.11217961101439111,0.10721325046294139,0.11958861591770038
es_0201936,1,0,0.45962104793537684,0.3307178686907627,0.10726905310587789,0.07815433567025631,0.024237694597726196
es_0023262,0,0,0.5166151425395318,0.1767301524013706,0.09654590584592078,0.13764973642361295,0.072459062789564
es_0900826,4,3,0.007640000210191006,0.14470523743919617,0.19707466056565814,0.48126922601211286,0.1693108757728418
es_0305504,1,1,0.0990877303143062,0.38723050733148595,0.35378833751755645,0.14202265584459173,0.01787076899205965
es_0447514,4,4,0.020968116807020567,0.08079538250874674,0.23584542990979016,0.18693015801352936,0.4754609127609132
es_0667659,4,4,0.017182851466413178,0.13430807508435127,0.06468266723442437,0.3024512677169121,0.4813751384978991
es_0636693,2,1,0.20374295090501188,0.39520215825793503,0.18334298575750743,0.12817402463463498,0.08953788044491066
es_0145742,4,4,0.02284934379827613,0.03904144720284869,0.1066960433426655,0.23063205385028485,0.6007811118059248
es_0082608,1,0,0.5669517328619165,0.2002627040472587,0.10958955621020408,0.09977364894786886,0.023422357932751933
es_0247360,0,0,0.6619649631774335,0.2186715824014199,0.058810078878876994,0.0355081481953616,0.025045227346907943
es_0627885,4,4,0.020528462655273628,0.009371617128699815,0.037945758773917836,0.4331545046621339,0.4989996567799748
es_0535057,3,3,0.0061789839246952204,0.022758825098431322,0.13364594346527855,0.5648507004166394,0.27256554709495545
es_0174891,3,3,0.025196386261784276,0.1526854721760905,0.25131889618138564,0.37953711723876654,0.191262128141973
es_0318003,2,2,0.09030129926101442,0.25339936980954486,0.535607945924833,0.08631748315301864,0.034373901851589166
es_0433274,1,0,0.5267148051913673,0.24467761551815315,0.13703925262202193,0.07368850408000208,0.01787982258845568
es_0625684,3,4,0.02351201752134361,0.03318527290720535,0.11001939083443368,0.24408808438164104,0.5891952343553764
es_0801610,2,1,0.04123942223660716,0.3510990679455606,0.23538522744362655,0.26801859223618296,0.10425769013802266
es_0823816,1,1,0.07357680195297721,0.3128777622197582,0.22789182418840612,0.27597253916607145,0.109681072472787
es_0065047,3,1,0.21591397953254252,0.31504923835862686,0.12768338513077118,0.12333958775746548,0.21801380922059405
es_0531626,1,0,0.5167959092761178,0.33152853490083345,0.10084600173324546,0.03571111667857263,0.015118437411230617
es_0508350,4,4,0.013156421638124097,0.08377213815382412,0.18276526841667712,0.31211570319910403,0.4081904685922707
es_0281790,3,3,0.003995525307144022,0.011945468357961616,0.3193396723532498,0.5824478443557656,0.08227148962587903
es_0538920,2,4,0.11842562049994658,0.047542925698048924,0.10908619469762104,0.2258156588143246,0.4991296002900588
es_0362075,4,4,0.016805388798806806,0.03301883336362486,0.10117816727977624,0.3899562229150624,0.45904138764272967
es_0889338,4,4,0.00484899573458201,0.02090623456732536,0.10482833032117542,0.16514007991024382,0.7042763594666732
es_0402570,0,0,0.7580102218281722,0.06831460552985176,0.09731257123043364,0.05354754600507541,0.022815055406467007
es_0298055,2,1,0.04764259257126399,0.37159684071901294,0.31112780588568234,0.2092313601216394,0.06040140070240131
es_0284228,3,4,0.011233783891420967,0.028870740996292478,0.06135163403088332,0.34122046196682987,0.5573233791145734
es_0714521,2,1,0.210832066438829,0.35287100795110404,0.18255630524756547,0.16928962714853762,0.08445099321396393
es_0943982,2,2,0.0644417179399975,0.16313496125482002,0.5089234531904893,0.14378200144056832,0.11971786617412497
es_0486574,1,2,0.020946944274651418,0.1606397096408321,0.4398655802901916,0.25155298857757397,0.1269947772167509
es_0011036,3,4,0.007342970192148848,0.05498568760368481,0.11805267862221976,0.3260333762563071,0.49358528732563955
es_0665790,0,1,0.17787107632712232,0.3183796588927375,0.3140065114908631,0.10018807042839573,0.08955468286088136
es_0047517,0,0,0.3847343372687237,0.3311139160238117,0.20468764251171961,0.07117644623749288,0.008287657958252188
es_0273388,0,0,0.4016088853851037,0.19569002952655884,0.11529958605809125,0.24533483922148075,0.042066659808765484
es_0913007,0,0,0.7756461471930172,0.08371358736326022,0.05211605935400737,0.06288104286335784,0.025643163226357346
es_0958706,1,0,0.6309360985086798,0.20684208197487322,0.11555045539179949,0.02215769235420739,0.024513671770439966
es_0193923,2,2,0.1343462890669156,0.1914832655713548,0.4569158108581415,0.147681077010751,0.06957355749283704
es_0931282,0,1,0.09302922904716114,0.4515971347006767,0.19571681813758576,0.13758314876951877,0.12207366934505778
es_0451931,1,1,0.2169677191165261,0.34314046936710524,0.2667118814364624,0.13789422975440235,0.03528570032550387
es_0762460,1,1,0.41774587851051487,0.49919045656712013,0.04425352968389783,0.02560791700961016,0.013202218228857037
es_0080033,1,2,0.007149399387760357,0.1188459757285952,0.5195905521551982,0.3151721794113674,0.03924189331707871
es_0058016,1,1,0.22107579638111385,0.3761485844282125,0.151404229566492,0.1530352023600198,0.09833618726416196
es_0713006,2,3,0.11712771945832431,0.09757805945715806,0.19596922414746717,0.36443224131353075,0.2248927556235197
es_0582063,0,0,0.5343006440809221,0.16262005958105444,0.1648605403756032,0.0879026746249886,0.050316081337431665
es_0708255,2,2,0.17422239821814625,0.32674174259914923,0.3714845145955141,0.09928471457756516,0.02826663000962524
es_0627827,3,3,0.0007900531237938508,0.015857318602513736,0.04844152411542514,0.5397283948775687,0.39518270928069843
es_0595617,2,1,0.10985596174508354,0.2882477464077601,0.2210041474171049,0.27098074803599353,0.10991139639405798
es_0646600,0,2,0.11780159075742982,0.2175773425841625,0.4337137968942676,0.19652864577592358,0.03437862398821656
es_0373018,2,3,0.050836809236226965,0.08567195020874183,0.2777317042646304,0.5014349647439315,0.0843245715464693
es_0605608,4,4,0.17025290407508473,0.10587723017405751,0.06896359986302875,0.21205515348621162,0.44285111240161745
es_0349203,0,0,0.700863275788147,0.14802801511067556,0.09617977800387797,0.045195668047577874,0.009733263049721564
es_0821195,0,4,0.35673197730871503,0.09208975877473569,0.08314097404850827,0.08373230059376713,0.38430498927427387
es_0060302,2,2,0.010064809556369767,0.131366966922621,0.44845015655444803,0.3856437894630218,0.024474277503539338
es_0651621,2,1,0.13565084783720477,0.45628990886564047,0.29325168683422487,0.09516753951491808,0.019640016948011756
es_0526925,1,2,0.02251995394305383,0.3804864035801287,0.43935390373158023,0.15433889778794638,0.0033008409572907577
es_0126226,1,0,0.4186125637724055,0.39265571290616286,0.06290527983787697,0.06138492672139904,0.06444151676215555
es_0721755,0,0,0.5312951272349469,0.4075056943409594,0.03446143073689981,0.017222029841275594,0.009515717845918197
es_0077424,1,1,0.2819682759932961,0.47764243903684644,0.13073203220216595,0.07646533034287034,0.03319192242482112
es_0500181,1,0,0.38212251116941576,0.2490844071049058,0.10119539275062475,0.17211837501451205,0.09547931396054174
es_0331516,1,1,0.027794233718206517,0.40423267174799316,0.33994239823993455,0.17010659819569088,0.05792409809817497
es_0763770,2,2,0.055556121152004354,0.15982613562035658,0.558414888186656,0.21462047237644769,0.011582382664535509
es_0783267,4,4,0.015989634066895186,0.034317205269254074,0.050839088313388646,0.1545425749333665,0.7443114974170956
es_0389828,0,0,0.471063954160387,0.37000315369229203,0.12025066430234546,0.02387130204758344,0.014810925797392108
es_0133563,1,1,0.08633975086401717,0.45381915024001956,0.22085618943436733,0.1862708158706603,0.05271409359093573
es_0731106,3,3,0.04691466386667338,0.07600457840556829,0.27762430823807027,0.3194143215572104,0.2800421279324776
es_0863492,0,0,0.5539375372555574,0.2530189383688426,0.12002767057860723,0.05548146904855772,0.0175343847484352
es_0886072,2,2,0.07385097161684363,0.33115450509917504,0.3334056146319965,0.14797976607127905,0.11360914258070569
es_0359690,1,3,0.28379273647653835,0.29963011563339687,0.07618008928282458,0.31045886299191944,0.02993819561532075
es_0188075,3,3,0.10478760216087424,0.1451487283933353,0.19225410344272187,0.3592394670123508,0.19857009899071773
es_0811381,2,2,0.06603800377392469,0.2128929252774062,0.41395486358993727,0.22396387059266704,0.08315033676606487
es_0800760,1,0,0.5442764241021628,0.21478499954778293,0.0945130493598914,0.08989827362403423,0.05652725336612868
es_0537946,4,3,0.029278630217353475,0.09679717178781133,0.14533467729521737,0.5242721034038129,0.20431741729580488
es_0737622,2,1,0.24531803362602017,0.3282325872594702,0.15523829711704132,0.08350350137340691,0.18770758062406148
es_0706241,4,3,0.06625506191387556,0.052666932953124655,0.1944433723322801,0.3648735874177799,0.3217610453829397
es_0262127,2,3,0.002071873487745124,0.044789811104752775,0.2513311743716118,0.5332294708344815,0.1685776702014088
es_0455995,3,3,0.14975480776422478,0.13383277432814453,0.14488245794543617,0.3850637905264143,0.18646616943578023
es_0449248,4,3,0.08689782043407804,0.039035882310228844,0.2408083791960829,0.4161889829997086,0.2170689350599017
es_0592143,1,0,0.6657432399528543,0.1298697527132563,0.12567809416366343,0.0264538857041949,0.05225502746603099
es_0537752,1,1,0.27994529123766454,0.32531401764225737,0.20748919533681204,0.12441155982672358,0.06283993595654247
es_0715608,1,1,0.2774019330559238,0.34890728534312576,0.2472226604929119,0.08660815710943426,0.03985996399860428
