review_id,true_label,predicted_label,predicted_rating,reasoning,raw_response
es_0077478,1,1,2,,"{""rating"": 2, ""reasoning"": ""La reseña expresa decepción y descontento con el producto, mencionando que no convenció a los niños y que uno de los coches no funciona correctamente, lo que sugiere una calificación baja, pero no"
es_0682269,2,3,4,,"{""rating"": 4, ""reasoning"": ""La reseña indica que el producto cumple con las expectativas, aunque menciona algunos detalles negativos como que son un poco justas y el imán se abre, pero en general todo está correcto, lo que sugiere una"
es_0260689,0,0,1,"La reseña describe una experiencia extremadamente negativa, con un problema de entrega, falta de comunicación y solución inadecuada por parte del vendedor, lo que sugiere una calificación de 1 estrella.","{""rating"": 1, ""reasoning"": ""La reseña describe una experiencia extremadamente negativa, con un problema de entrega, falta de comunicación y solución inadecuada por parte del vendedor, lo que sugiere una calificación de 1 estrella.""}"
es_0566286,2,2,3,,"{""rating"": 3, ""reasoning"": ""La reseña indica que el producto cumple su función, pero no cumple con las expectativas del comprador en términos de facilidad y rapidez de uso, y tiene problemas con las instrucciones, lo que sug"
es_0979893,4,3,4,"El reseñador está muy satisfecho con el producto, destacando su funcionalidad y calidad, pero resta una estrella debido al alto precio que considera excesivo.","{""rating"": 4, ""reasoning"": ""El reseñador está muy satisfecho con el producto, destacando su funcionalidad y calidad, pero resta una estrella debido al alto precio que considera excesivo.""}"
es_0717509,3,2,3,,"{""rating"": 3, ""reasoning"": ""La reseña menciona tanto aspectos positivos como negativos del producto. Por un lado, el producto en sí está bien y las fibras son fenomenales, pero por otro lado, el difusor es difícil de mane"
es_0752315,2,1,2,,"{""rating"": 2, ""reasoning"": ""El comprador devolvió el producto debido a una discrepancia en la información proporcionada sobre los estándares wifi, lo que indica insatisfacción, pero también menciona que el aspecto estético es bonito, lo que"
es_0144147,0,0,1,,"{""rating"": 1, ""reasoning"": ""El comprador expresa una experiencia extremadamente negativa con su compra, mencionando problemas con el servicio de reparto, intentos de entrega fallidos y un producto defectuoso, lo que indica una calificación de 1 est"
es_0039263,2,3,4,,"{""rating"": 4, ""reasoning"": ""El comprador menciona que la calidad es aceptable en relación con el precio, que es fácil de montar y que su esposa está contenta con la compra, lo que sugiere una experiencia positiva en general, pero no utiliza un"
es_0203291,1,0,1,"El reseñador menciona varios problemas con el producto, como la falta de comodidad y la dificultad para conectarlo, lo que indica una experiencia muy negativa.","{""rating"": 1, ""reasoning"": ""El reseñador menciona varios problemas con el producto, como la falta de comodidad y la dificultad para conectarlo, lo que indica una experiencia muy negativa.""}"
es_0560599,0,0,1,"El reseñador menciona que el producto no cumple con sus expectativas, no cubre el cristal original del OnePlus 6 y tiene un tamaño inadecuado, lo que indica una experiencia muy negativa.","{""rating"": 1, ""reasoning"": ""El reseñador menciona que el producto no cumple con sus expectativas, no cubre el cristal original del OnePlus 6 y tiene un tamaño inadecuado, lo que indica una experiencia muy negativa.""}"
es_0430806,1,0,1,,"{""rating"": 1, ""reasoning"": ""La reseña expresa una fuerte decepción con el producto, mencionando específicamente la mala calidad, la textura deficiente y la dificultad para aplicarlo, lo que sugiere una calificación muy baja."""
es_0616494,2,2,3,"La reseña menciona que el producto es bonita, pero tiene dos desventajas importantes: da calor y es pequeña para el carro específico del comprador, lo que sugiere una calificación promedio.","{""rating"": 3, ""reasoning"": ""La reseña menciona que el producto es bonita, pero tiene dos desventajas importantes: da calor y es pequeña para el carro específico del comprador, lo que sugiere una calificación promedio.""}"
es_0531620,1,1,2,,"{""rating"": 2, ""reasoning"": ""La reseña expresa insatisfacción con la talla del producto, lo que es un problema significativo, pero también menciona que la bota es muy bonita, lo que sugiere que el producto en sí tiene algunas cual"
es_0305457,0,0,1,"La reseña menciona que el producto era de mala calidad y se rompió en la primera semana, lo que indica una experiencia muy negativa del cliente.","{""rating"": 1, ""reasoning"": ""La reseña menciona que el producto era de mala calidad y se rompió en la primera semana, lo que indica una experiencia muy negativa del cliente.""}"
es_0951178,0,0,1,"El lenguaje utilizado es muy negativo, comparando el producto con algo que se regala con una revista y calificándolo como'malas muy malas', lo que indica una experiencia muy insatisfactoria.","{""rating"": 1, ""reasoning"": ""El lenguaje utilizado es muy negativo, comparando el producto con algo que se regala con una revista y calificándolo como'malas muy malas', lo que indica una experiencia muy insatisfactoria.""}"
es_0014960,1,2,3,"La reseña indica que el producto tiene buena calidad, pero no es compatible con un ordenador específico, lo que sugiere una experiencia mixta y una calificación promedio.","{""rating"": 3, ""reasoning"": ""La reseña indica que el producto tiene buena calidad, pero no es compatible con un ordenador específico, lo que sugiere una experiencia mixta y una calificación promedio.""}"
es_0909257,2,2,3,"La reseña indica que el producto es bonito, pero tiene un problema con el tamaño, lo que genera una experiencia mixta para el cliente, justificando una calificación intermedia de 3 estrellas.","{""rating"": 3, ""reasoning"": ""La reseña indica que el producto es bonito, pero tiene un problema con el tamaño, lo que genera una experiencia mixta para el cliente, justificando una calificación intermedia de 3 estrellas.""}"
es_0186429,1,0,1,"El comprador expresa insatisfacción con el producto porque no cumple con la descripción proporcionada, específicamente en cuanto a su característica térmica.","{""rating"": 1, ""reasoning"": ""El comprador expresa insatisfacción con el producto porque no cumple con la descripción proporcionada, específicamente en cuanto a su característica térmica.""}"
es_0990492,0,0,1,"El reseñador expresa insatisfacción con el producto, indicando que no cumple con lo que promete y no ha notado ningún beneficio o resultado positivo.","{""rating"": 1, ""reasoning"": ""El reseñador expresa insatisfacción con el producto, indicando que no cumple con lo que promete y no ha notado ningún beneficio o resultado positivo.""}"
es_0361121,2,4,5,"La reseña es breve y positiva, indica que el producto es lo que el comprador esperaba y que cumplió con las expectativas de su hija, lo que sugiere una experiencia de compra satisfactoria.","{""rating"": 5, ""reasoning"": ""La reseña es breve y positiva, indica que el producto es lo que el comprador esperaba y que cumplió con las expectativas de su hija, lo que sugiere una experiencia de compra satisfactoria.""}"
es_0495920,2,0,1,"La reseña indica que el producto tuvo que ser devuelto, lo que sugiere insatisfacción o problemas con el producto, lo que típicamente se asocia con una calificación baja.","{""rating"": 1, ""reasoning"": ""La reseña indica que el producto tuvo que ser devuelto, lo que sugiere insatisfacción o problemas con el producto, lo que típicamente se asocia con una calificación baja.""}"
es_0063164,2,4,5,"La reseña es breve pero positiva, indicando que el producto se ajusta a la descripción y la foto, lo que sugiere una experiencia satisfactoria y una calificación alta.","{""rating"": 5, ""reasoning"": ""La reseña es breve pero positiva, indicando que el producto se ajusta a la descripción y la foto, lo que sugiere una experiencia satisfactoria y una calificación alta.""}"
es_0466283,0,0,1,"El lenguaje utilizado en la reseña es extremadamente negativo, con palabras como 'PESIMO' y 'DESASTRE', lo que indica una experiencia muy mala con el servicio.","{""rating"": 1, ""reasoning"": ""El lenguaje utilizado en la reseña es extremadamente negativo, con palabras como 'PESIMO' y 'DESASTRE', lo que indica una experiencia muy mala con el servicio.""}"
es_0600972,2,2,3,"La reseña menciona que el producto funciona, pero tiene un problema específico con el sistema de apertura del dosificador para alimentos granulados, lo que indica una experiencia mixta y no completamente satisfactoria.","{""rating"": 3, ""reasoning"": ""La reseña menciona que el producto funciona, pero tiene un problema específico con el sistema de apertura del dosificador para alimentos granulados, lo que indica una experiencia mixta y no completamente satisfactoria.""}"
es_0476267,4,0,1,"El comprador indica que el producto recibido no era compatible con su coche, lo que sugiere una mala experiencia y una calificación baja","{""rating"": 1, ""reasoning"": ""El comprador indica que el producto recibido no era compatible con su coche, lo que sugiere una mala experiencia y una calificación baja""}"
es_0572541,4,4,5,"El reseñador utilizó palabras como 'triunfe' y 'a todos les encantó', lo que indica una gran satisfacción con el producto, lo que sugiere una calificación de 5 estrellas.","{""rating"": 5, ""reasoning"": ""El reseñador utilizó palabras como 'triunfe' y 'a todos les encantó', lo que indica una gran satisfacción con el producto, lo que sugiere una calificación de 5 estrellas.""}"
es_0271706,0,0,1,,"{""rating"": 1, ""reasoning"": ""El reseñante utiliza un lenguaje muy negativo, como 'Malo', 'Malisimo' y 'No vale la pena gastarse el dinero', lo que indica una experiencia extremadamente insatisfactoria con el producto"
es_0005177,3,4,5,"La reseña utiliza palabras como 'Perfectas' y menciona una'relación calidad precio excelente', lo que indica una opinión muy positiva del producto.","{""rating"": 5, ""reasoning"": ""La reseña utiliza palabras como 'Perfectas' y menciona una'relación calidad precio excelente', lo que indica una opinión muy positiva del producto.""}"
es_0089003,4,4,5,"El cliente utiliza palabras como 'Perfecto' y 'Satisfecho', lo que indica una experiencia muy positiva con el producto.","{""rating"": 5, ""reasoning"": ""El cliente utiliza palabras como 'Perfecto' y 'Satisfecho', lo que indica una experiencia muy positiva con el producto.""}"
es_0375110,4,4,5,"La reseña es muy positiva, el usuario recomienda el producto y menciona que funciona muy bien, lo que indica una alta satisfacción con la compra.","{""rating"": 5, ""reasoning"": ""La reseña es muy positiva, el usuario recomienda el producto y menciona que funciona muy bien, lo que indica una alta satisfacción con la compra.""}"
es_0177963,1,0,1,"El cliente expresa insatisfacción con el producto, mencionando que es casi imposible practicar deporte con él, lo que indica una mala experiencia y una baja calificación.","{""rating"": 1, ""reasoning"": ""El cliente expresa insatisfacción con el producto, mencionando que es casi imposible practicar deporte con él, lo que indica una mala experiencia y una baja calificación.""}"
es_0065576,4,4,5,"La reseña es muy positiva, destacando el gran almacenamiento del producto y mencionando solo un detalle menor que no es considerado un problema significativo.","{""rating"": 5, ""reasoning"": ""La reseña es muy positiva, destacando el gran almacenamiento del producto y mencionando solo un detalle menor que no es considerado un problema significativo.""}"
es_0111073,4,4,5,"El lenguaje utilizado es muy positivo, con palabras como 'Genial' y 'Muy bonito', lo que indica una gran satisfacción con el producto.","{""rating"": 5, ""reasoning"": ""El lenguaje utilizado es muy positivo, con palabras como 'Genial' y 'Muy bonito', lo que indica una gran satisfacción con el producto.""}"
es_0885632,2,3,4,,"{""rating"": 4, ""reasoning"": ""La reseña utiliza un lenguaje positivo, como 'entretenida' y'se divierte', lo que sugiere una experiencia satisfactoria, pero la falta de detalles y superlativos sugiere que no es perfect"
es_0281420,0,0,1,,"{""rating"": 1, ""reasoning"": ""La reseña expresa una experiencia extremadamente negativa con el producto y el servicio de Amazon, mencionando un desperfecto en el producto, un precio más alto de lo esperado y una falta de transparencia y honest"
es_0529016,3,2,3,,"{""rating"": 3, ""reasoning"": ""El producto cumple con la descripción, pero tiene fallas puntuales en la app y la cerradura, lo que indica una experiencia mixta y no del todo satisfactoria, pero aún así es considerado un buen producto"
es_0048691,4,4,5,,"{""rating"": 5, ""reasoning"": ""La reseña es muy positiva, destacando que el producto es perfecto para iniciación, ofrece buenas características y es barato, además de tener una buena autonomía, lo que sugiere una alta satisfacción del cliente."""
es_0734219,4,4,5,,"{""rating"": 5, ""reasoning"": ""La reseña expresa una gran satisfacción con el producto, mencionando que es perfecto, fácil de limpiar y que no ha tenido problemas con él, además de comprar otro como regalo, lo que indica una alta"
es_0002195,1,0,1,"El comprador tuvo que devolver el producto debido a problemas con la batería y una descripción engañosa en la publicidad, lo que indica una experiencia muy negativa.","{""rating"": 1, ""reasoning"": ""El comprador tuvo que devolver el producto debido a problemas con la batería y una descripción engañosa en la publicidad, lo que indica una experiencia muy negativa.""}"
es_0101721,1,0,1,,"{""rating"": 1, ""reasoning"": ""El cliente expresa insatisfacción con la calidad del producto, mencionando que el acrílico es delgado y se ralla fácilmente, y que se rompió después de un mes de uso, lo que sugiere"
es_0330953,3,2,3,,"{""rating"": 3, ""reasoning"": ""La reseña indica que el producto parece nuevo, lo que es positivo, pero también menciona algunas características inusuales y la falta de factura de compra, lo que puede ser considerado negativo, por lo que se puede infer"
es_0573093,0,0,1,"El comprador recibió el producto correctamente, pero después recibió un cobro adicional sin explicación, lo que indica una mala experiencia con el vendedor o el proceso de pago.","{""rating"": 1, ""reasoning"": ""El comprador recibió el producto correctamente, pero después recibió un cobro adicional sin explicación, lo que indica una mala experiencia con el vendedor o el proceso de pago.""}"
es_0828030,3,3,4,,"{""rating"": 4, ""reasoning"": ""El reseñador está satisfecho con el producto, menciona que su funcionamiento es mejor de lo esperado y tiene buena resolución, aunque menciona algunos problemas menores con la imagen y la interferencia, pero los"
es_0564872,3,4,5,"El cliente recibió el producto en la fecha indicada y funcionó correctamente con la mayoría de los codecs, lo que sugiere una experiencia satisfactoria.","{""rating"": 5, ""reasoning"": ""El cliente recibió el producto en la fecha indicada y funcionó correctamente con la mayoría de los codecs, lo que sugiere una experiencia satisfactoria.""}"
es_0720608,0,0,1,,"{""rating"": 1, ""reasoning"": ""El reseñador expresa una gran insatisfacción con el producto, utilizando palabras como 'nefasto' y 'fatal', y menciona que la solución ofrecida por el vendedor es inaceptable, lo que"
es_0423191,2,4,5,"El lenguaje utilizado es muy positivo, destacando la sorpresa y satisfacción con el producto, lo que indica una experiencia muy buena y una alta calificación.","{""rating"": 5, ""reasoning"": ""El lenguaje utilizado es muy positivo, destacando la sorpresa y satisfacción con el producto, lo que indica una experiencia muy buena y una alta calificación.""}"
es_0211743,1,1,2,"El cliente se sintió decepcionado con el producto debido a su acabado y precio, aunque menciona que finalmente no quedó mal con los adornos, lo que sugiere una experiencia mediocre.","{""rating"": 2, ""reasoning"": ""El cliente se sintió decepcionado con el producto debido a su acabado y precio, aunque menciona que finalmente no quedó mal con los adornos, lo que sugiere una experiencia mediocre.""}"
es_0240309,3,4,5,"La reseña utiliza un lenguaje muy positivo, como 'Me ha gustado mucho', 'Estupenda' y 'Recomendable sin ninguna duda', lo que indica una gran satisfacción con el producto.","{""rating"": 5, ""reasoning"": ""La reseña utiliza un lenguaje muy positivo, como 'Me ha gustado mucho', 'Estupenda' y 'Recomendable sin ninguna duda', lo que indica una gran satisfacción con el producto.""}"
es_0492562,0,0,1,"El producto se rompió inmediatamente después de su uso, lo que indica una calidad deficiente y una mala experiencia del cliente, lo que justifica la calificación más baja.","{""rating"": 1, ""reasoning"": ""El producto se rompió inmediatamente después de su uso, lo que indica una calidad deficiente y una mala experiencia del cliente, lo que justifica la calificación más baja.""}"
es_0281953,3,3,4,"El producto es funcional y la caja es perfecta, pero tiene un defecto menor en la tapa, lo que impide dar la calificación máxima de 5 estrellas.","{""rating"": 4, ""reasoning"": ""El producto es funcional y la caja es perfecta, pero tiene un defecto menor en la tapa, lo que impide dar la calificación máxima de 5 estrellas.""}"
es_0384994,3,3,4,,"{""rating"": 4, ""reasoning"": ""El cliente parece satisfecho con el producto, menciona que se corresponde con las especificaciones técnicas y solo tiene dudas sobre la durabilidad a largo plazo, lo que sugiere una calificación positiva pero con una"
es_0124262,2,2,3,"El reseñador considera que el producto es normal y corriente, pero destaca su buen precio como un punto a favor, lo que sugiere una calificación promedio.","{""rating"": 3, ""reasoning"": ""El reseñador considera que el producto es normal y corriente, pero destaca su buen precio como un punto a favor, lo que sugiere una calificación promedio.""}"
es_0033281,3,4,5,,"{""rating"": 5, ""reasoning"": ""La reseña es muy positiva, menciona que el producto se ajusta perfectamente y admite cualquier color, además de dar un toque divertido con los dibujos, lo que sugiere una experiencia de compra muy satisf"
es_0222003,1,2,3,,"{""rating"": 3, ""reasoning"": ""La reseña describe el producto como 'pasable' y menciona que cubre el pie pero no es muy grande, lo que sugiere una experiencia neutral o mediocre, típica de una calificación de 3 estrellas."""
es_0465083,2,0,1,"La reseña utiliza un lenguaje muy negativo, como 'Pésimo' y menciona dos problemas significativos con el producto, lo que sugiere una experiencia muy insatisfactoria.","{""rating"": 1, ""reasoning"": ""La reseña utiliza un lenguaje muy negativo, como 'Pésimo' y menciona dos problemas significativos con el producto, lo que sugiere una experiencia muy insatisfactoria.""}"
es_0234607,4,4,5,,"{""rating"": 5, ""reasoning"": ""La reseña es extremadamente positiva, mencionando que el producto es de buena calidad, fácil de instalar, no tiene burbujas de aire y no afecta la sensibilidad de la pantalla, lo que sugiere"
es_0175975,3,3,4,,"{""rating"": 4, ""reasoning"": ""El reseñador menciona que el producto tiene una buena relación calidad/precio y es generalmente bueno, pero tiene una pequeña crítica sobre los colores, lo que sugiere una calificación positiva pero no perfecta."""
es_0657781,3,3,4,"El comprador menciona una desventaja (las piezas son pequeñas), pero su satisfacción general es alta, ya que está dispuesto a volver a comprar el producto.","{""rating"": 4, ""reasoning"": ""El comprador menciona una desventaja (las piezas son pequeñas), pero su satisfacción general es alta, ya que está dispuesto a volver a comprar el producto.""}"
es_0337075,0,0,1,,"{""rating"": 1, ""reasoning"": ""La reseña expresa una experiencia extremadamente negativa, con el producto dejando de funcionar después de menos de un mes y sufriendo un daño grave como la explosión de la batería, lo que indica una"
es_0259152,2,2,3,,"{""rating"": 3, ""reasoning"": ""La reseña indica que el producto 'no está mal', lo que sugiere una opinión neutral o moderadamente positiva, pero también menciona un problema específico con la pieza que se afloja y se tuerce"
es_0260272,1,0,1,,"{""rating"": 1, ""reasoning"": ""El cliente expresa insatisfacción con el tamaño del producto, la dificultad para limpiarlo y la falta de una bandeja adicional, lo que indica una experiencia muy negativa y una calificación de 1 estrella."""
es_0635241,2,3,4,,"{""rating"": 4, ""reasoning"": ""La reseña es generalmente positiva, destacando la practicidad y comodidad del producto, aunque menciona una pega con el material utilizado en un componente específico, pero concluye que vale la pena comprarlo."""
es_0644804,3,3,4,,"{""rating"": 4, ""reasoning"": ""La reseña es generalmente positiva, menciona que el producto hace su función y la amiga del comprador está contenta, pero también menciona que no es un producto milagroso, lo que sugiere una cal"
es_0397224,1,0,1,"El cliente expresa insatisfacción con el producto debido a que el tejido no es el esperado y la talla es pequeña, lo que indica una mala experiencia y probablemente una calificación baja.","{""rating"": 1, ""reasoning"": ""El cliente expresa insatisfacción con el producto debido a que el tejido no es el esperado y la talla es pequeña, lo que indica una mala experiencia y probablemente una calificación baja.""}"
es_0349725,2,2,3,"La reseña indica que el producto es correcto para su precio, pero también menciona algunas desventajas como la fragilidad y la poca cantidad en cada bobina, lo que sugiere una calificación media.","{""rating"": 3, ""reasoning"": ""La reseña indica que el producto es correcto para su precio, pero también menciona algunas desventajas como la fragilidad y la poca cantidad en cada bobina, lo que sugiere una calificación media.""}"
es_0676700,1,1,2,"El reseñador menciona que el producto tiene buena calidad, pero critica su durabilidad, lo que sugiere una calificación promedio y no muy positiva.","{""rating"": 2, ""reasoning"": ""El reseñador menciona que el producto tiene buena calidad, pero critica su durabilidad, lo que sugiere una calificación promedio y no muy positiva.""}"
es_0648620,2,2,3,"El reseñante menciona un aspecto positivo (el tamaño es perfecto para el niño) y un aspecto negativo (las pilas duran muy poco), lo que sugiere una calificación promedio.","{""rating"": 3, ""reasoning"": ""El reseñante menciona un aspecto positivo (el tamaño es perfecto para el niño) y un aspecto negativo (las pilas duran muy poco), lo que sugiere una calificación promedio.""}"
es_0677308,4,3,4,,"{""rating"": 4, ""reasoning"": ""El reseñador está satisfecho con el producto, lo considera barato y recomendable, y aunque menciona un problema con la flexibilidad y la rotura de una pieza, lo atribuye a un uso in"
es_0519596,1,0,1,"El producto se ha derretido y ha fallado en su función principal en un plazo muy corto de tiempo, lo que indica una calidad deficiente y una mala experiencia del usuario.","{""rating"": 1, ""reasoning"": ""El producto se ha derretido y ha fallado en su función principal en un plazo muy corto de tiempo, lo que indica una calidad deficiente y una mala experiencia del usuario.""}"
es_0100024,1,1,2,,"{""rating"": 2, ""reasoning"": ""El comprador recibió el producto con daños y material incompleto, lo que es un problema significativo, pero menciona que el producto es sólido y fácil de montar, lo que evita una calificación de"
es_0219723,0,0,1,,"{""rating"": 1, ""reasoning"": ""La reseña expresa una gran decepción y descontento con el producto, mencionando que se rompió fácilmente y tiene mala calidad para su precio, lo que sugiere una calificación de 1 estrella"
es_0353057,3,3,4,,"{""rating"": 4, ""reasoning"": ""La reseña describe el juguete como de calidad y a buen precio, lo que sugiere una opinión positiva, pero también menciona una posible desventaja con las piezas pequeñas, lo que evita una cal"
es_0707591,0,2,3,,"{""rating"": 3, ""reasoning"": ""La reseña indica que el producto es 'bien' pero tiene algunos defectos, como venir muy seco y dejar la pestaña apelmazada, lo que sugiere una experiencia medianamente satisfactoria pero con aspect"
es_0991935,0,0,1,,"{""rating"": 1, ""reasoning"": ""El lenguaje utilizado es muy negativo, con palabras como 'cutre' y 'cristales curras', lo que indica una gran insatisfacción con el producto, además de compararlo desfavorablemente con otros productos más"
es_0260027,4,3,4,,"{""rating"": 4, ""reasoning"": ""La reseña es positiva, menciona que el producto es de buena calidad y tamaño adecuado, y que la entrega fue rápida, pero no utiliza superlativos ni expresa una satisfacción excepcional, lo que"
es_0293883,0,0,1,,"{""rating"": 1, ""reasoning"": ""El cliente expresa insatisfacción con el producto, mencionando que no funciona bien y que solo se encienden los LED verdes, incluso a temperatura elevada, lo que indica un problema de funcionamiento y confiabilidad."""
es_0177014,1,0,1,"El reseñador expresa insatisfacción con el producto, mencionando que es muy fino y de poca calidad, lo que sugiere una experiencia negativa y una calificación baja.","{""rating"": 1, ""reasoning"": ""El reseñador expresa insatisfacción con el producto, mencionando que es muy fino y de poca calidad, lo que sugiere una experiencia negativa y una calificación baja.""}"
es_0391694,0,0,1,"El cliente experimentó un error de software grave en el producto después de solo dos meses de uso, lo que lo llevó a solicitar un reembolso y cambiar de marca, indicando una experiencia muy negativa.","{""rating"": 1, ""reasoning"": ""El cliente experimentó un error de software grave en el producto después de solo dos meses de uso, lo que lo llevó a solicitar un reembolso y cambiar de marca, indicando una experiencia muy negativa.""}"
es_0424060,1,0,1,"La reseña utiliza palabras como'mala calidad','se rompe enseguida' y 'no es resistente', lo que indica una experiencia muy negativa con el producto.","{""rating"": 1, ""reasoning"": ""La reseña utiliza palabras como'mala calidad','se rompe enseguida' y 'no es resistente', lo que indica una experiencia muy negativa con el producto.""}"
es_0304330,0,0,1,,"{""rating"": 1, ""reasoning"": ""El comprador expresa insatisfacción con el producto, mencionando que no cumplió con sus expectativas, tuvo problemas con la conexión a internet, se dañó fácilmente y no recibió atención al cliente del vendedor"
es_0357388,4,4,5,"La reseña es muy positiva, destacando el buen olor, la eficiencia y el diseño del envase, sin mencionar ninguna queja o aspecto negativo.","{""rating"": 5, ""reasoning"": ""La reseña es muy positiva, destacando el buen olor, la eficiencia y el diseño del envase, sin mencionar ninguna queja o aspecto negativo.""}"
es_0764025,4,4,5,,"{""rating"": 5, ""reasoning"": ""El reseñante describe el producto como muy práctico, cómodo y fácil de poner, lo que sugiere una experiencia muy positiva. Aunque menciona un posible inconveniente, lo presenta como algo que se puede sol"
es_0277359,0,0,1,,"{""rating"": 1, ""reasoning"": ""La reseña expresa una fuerte insatisfacción con el estado de la caja del funko, mencionando múltiples desperfectos y abolladuras, lo que indica una mala experiencia con el producto y"
es_0372621,1,0,1,"El reseñador expresa insatisfacción con la instalación, problemas con la imagen y una fuerte desaprobación del producto, lo que indica una calificación muy baja.","{""rating"": 1, ""reasoning"": ""El reseñador expresa insatisfacción con la instalación, problemas con la imagen y una fuerte desaprobación del producto, lo que indica una calificación muy baja.""}"
es_0170383,1,0,1,,"{""rating"": 1, ""reasoning"": ""La reseña es muy negativa, menciona que el producto se deshace rápidamente, los cosidos se van y la tela se deshilacha, lo que indica una mala calidad y no vale el dinero pagado"
es_0925003,1,0,1,"El cliente está insatisfecho porque el producto llegó sin tapa, lo que sugiere un problema de calidad o embalaje, y considera que el precio es demasiado alto para recibir un producto incompleto.","{""rating"": 1, ""reasoning"": ""El cliente está insatisfecho porque el producto llegó sin tapa, lo que sugiere un problema de calidad o embalaje, y considera que el precio es demasiado alto para recibir un producto incompleto.""}"
es_0468689,1,0,1,"La reseña expresa insatisfacción total con el producto, mencionando varias deficiencias y declarando que no lo volvería a comprar, lo que indica una calificación de 1 estrella.","{""rating"": 1, ""reasoning"": ""La reseña expresa insatisfacción total con el producto, mencionando varias deficiencias y declarando que no lo volvería a comprar, lo que indica una calificación de 1 estrella.""}"
es_0116802,2,1,2,,"{""rating"": 2, ""reasoning"": ""El producto funciona parcialmente, pero tiene varios problemas significativos, como la necesidad de usar el adaptador de corriente original y la falta de sonido en la aplicación de YouTube, lo que llevó al cliente a devolver"
es_0796276,4,4,5,"El reseñador utiliza términos como 'funciona a la perfección','relación calidad precio muy buena' y 'va perfecto', lo que indica una gran satisfacción con el producto.","{""rating"": 5, ""reasoning"": ""El reseñador utiliza términos como 'funciona a la perfección','relación calidad precio muy buena' y 'va perfecto', lo que indica una gran satisfacción con el producto.""}"
es_0911751,1,2,3,,"{""rating"": 3, ""reasoning"": ""La reseña indica que el producto cumple con su función principal de proteger el teléfono del agua y el polvo, pero tiene algunos defectos como el sonido más bajo y la falta de un protector de pantalla anti-cho"
es_0990178,0,0,1,"El comprador expresa insatisfacción total con el proveedor, mencionando retrasos en la entrega y falta de comunicación, lo que indica una experiencia extremadamente negativa.","{""rating"": 1, ""reasoning"": ""El comprador expresa insatisfacción total con el proveedor, mencionando retrasos en la entrega y falta de comunicación, lo que indica una experiencia extremadamente negativa.""}"
es_0443201,0,1,2,,"{""rating"": 2, ""reasoning"": ""El comprador expresa frustración porque el juego llegó para la consola equivocada en dos ocasiones, lo que sugiere una mala experiencia con el producto o el servicio, aunque menciona que el juego parece divertido."""
es_0388824,1,1,2,,"{""rating"": 2, ""reasoning"": ""La reseña expresa decepción y descontento con la presentación del producto, específicamente con la caja, pero menciona que los tapones están en buen estado y son llamativos, lo que sugiere una calificación"
es_0444132,2,0,1,"El comprador expresa decepción y frustración porque el producto recibido no coincide con lo que se describía en la página de venta, lo que indica una mala experiencia con el producto y la tienda en línea.","{""rating"": 1, ""reasoning"": ""El comprador expresa decepción y frustración porque el producto recibido no coincide con lo que se describía en la página de venta, lo que indica una mala experiencia con el producto y la tienda en línea.""}"
es_0559198,1,1,2,"El reseñador se muestra decepcionado con el tamaño del producto, lo que sugiere una calificación baja, pero menciona que no es caro, lo que evita una calificación de 1 estrella.","{""rating"": 2, ""reasoning"": ""El reseñador se muestra decepcionado con el tamaño del producto, lo que sugiere una calificación baja, pero menciona que no es caro, lo que evita una calificación de 1 estrella.""}"
es_0491548,0,0,1,"El comprador se siente engañado por el tamaño del producto y considera que es una pérdida de tiempo y dinero, lo que indica una experiencia muy negativa.","{""rating"": 1, ""reasoning"": ""El comprador se siente engañado por el tamaño del producto y considera que es una pérdida de tiempo y dinero, lo que indica una experiencia muy negativa.""}"
es_0998076,4,4,5,"La reseña utiliza palabras muy positivas como 'Muy bonita' y'realmente preciosa', y también incluye una recomendación, lo que indica una opinión muy favorable del producto.","{""rating"": 5, ""reasoning"": ""La reseña utiliza palabras muy positivas como 'Muy bonita' y'realmente preciosa', y también incluye una recomendación, lo que indica una opinión muy favorable del producto.""}"
es_0813986,2,1,2,,"{""rating"": 2, ""reasoning"": ""La reseña menciona varios aspectos negativos como la poca precisión, la base no muy estable y que el producto no duró mucho, lo que supera a los pocos aspectos positivos mencionados, como"
es_0371489,0,0,1,"El producto no funcionó nunca, no hace nada y el proceso para hacer uso de la garantía es complicado, lo que lleva a una experiencia negativa y una calificación baja.","{""rating"": 1, ""reasoning"": ""El producto no funcionó nunca, no hace nada y el proceso para hacer uso de la garantía es complicado, lo que lleva a una experiencia negativa y una calificación baja.""}"
es_0637355,4,4,5,"La reseña utiliza palabras positivas como'me encanta' y'super suave' para describir la tela, lo que sugiere una alta satisfacción con el producto.","{""rating"": 5, ""reasoning"": ""La reseña utiliza palabras positivas como'me encanta' y'super suave' para describir la tela, lo que sugiere una alta satisfacción con el producto.""}"
es_0710355,4,4,5,"El cliente está muy contento con la compra, considera que tiene una gran relación precio-calidad y lo aconseja, lo que indica una experiencia muy positiva.","{""rating"": 5, ""reasoning"": ""El cliente está muy contento con la compra, considera que tiene una gran relación precio-calidad y lo aconseja, lo que indica una experiencia muy positiva.""}"
es_0749808,2,2,3,"La reseña es breve y neutral, solo advierte sobre un posible problema con el producto si no se usa correctamente, pero no expresa una opinión extremadamente positiva o negativa.","{""rating"": 3, ""reasoning"": ""La reseña es breve y neutral, solo advierte sobre un posible problema con el producto si no se usa correctamente, pero no expresa una opinión extremadamente positiva o negativa.""}"
es_0024126,2,1,2,,"{""rating"": 2, ""reasoning"": ""La reseña expresa una opinión neutral a negativa sobre el producto, mencionando que no supera a la versión tradicional española, tiene un sabor monótono y no ve motivos para volver a comprar"
es_0997819,3,4,5,"El cliente expresa satisfacción con el producto y el plazo de entrega, utilizando palabras como'muy buena' y'me siento satisfecho', lo que indica una experiencia muy positiva.","{""rating"": 5, ""reasoning"": ""El cliente expresa satisfacción con el producto y el plazo de entrega, utilizando palabras como'muy buena' y'me siento satisfecho', lo que indica una experiencia muy positiva.""}"
es_0999306,2,0,1,,"{""rating"": 1, ""reasoning"": ""La reseña expresa una gran insatisfacción con el servicio de entrega y el producto recibido, mencionando problemas como la falta de piezas necesarias, la recepción de partes defectuosas y la lentitud en la"
es_0955113,0,0,1,"El cliente expresa insatisfacción total con el producto, mencionando que las pilas vinieron en mal estado de carga y no funcionan como se espera, lo que sugiere una calificación de 1 estrella.","{""rating"": 1, ""reasoning"": ""El cliente expresa insatisfacción total con el producto, mencionando que las pilas vinieron en mal estado de carga y no funcionan como se espera, lo que sugiere una calificación de 1 estrella.""}"
es_0023377,4,4,5,"El comprador expresa satisfacción con el diseño y la calidad del producto, y menciona que no defrauda, lo que sugiere una experiencia muy positiva y una calificación máxima.","{""rating"": 5, ""reasoning"": ""El comprador expresa satisfacción con el diseño y la calidad del producto, y menciona que no defrauda, lo que sugiere una experiencia muy positiva y una calificación máxima.""}"
es_0926833,3,1,2,"La reseña indica que el producto parece bueno, pero tiene un defecto significativo que lo hace inutilizable en verano, lo que reduce su calificación a 2 estrellas.","{""rating"": 2, ""reasoning"": ""La reseña indica que el producto parece bueno, pero tiene un defecto significativo que lo hace inutilizable en verano, lo que reduce su calificación a 2 estrellas.""}"
es_0726451,1,0,1,"El cliente expresa insatisfacción con el producto debido a que la pastilla de cloro no entra y tiene que ser rota, lo que considera ilógico para su uso previsto.","{""rating"": 1, ""reasoning"": ""El cliente expresa insatisfacción con el producto debido a que la pastilla de cloro no entra y tiene que ser rota, lo que considera ilógico para su uso previsto.""}"
es_0020629,3,2,3,,"{""rating"": 3, ""reasoning"": ""El comprador está satisfecho con la relación calidad-precio, pero menciona varios defectos, como el sonido no óptimo y la sensación de juguete, lo que sugiere una calificación promedio."""
es_0248324,4,4,5,,"{""rating"": 5, ""reasoning"": ""La reseña utiliza un lenguaje muy positivo, como 'Perfecta compra','muy bonito y cómodo', 'buena calidad', 'Calentito y suave' y 'Mejor imposible"
es_0688711,2,2,3,,"{""rating"": 3, ""reasoning"": ""La reseña destaca aspectos positivos como la practicidad del equipo debido a sus ruedas, asas y diseño, pero también menciona un aspecto negativo relacionado con la eficacia del accesorio"
es_0672635,3,4,5,,"{""rating"": 5, ""reasoning"": ""La reseña utiliza palabras y frases positivas como 'Muy comoda', 'Cumple con lo que se pide' y 'ligera pero resistente', lo que indica una experiencia muy satisfactoria con el producto."""
es_0365259,0,0,1,"La reseña utiliza un lenguaje muy negativo, como 'No vale para nada','mala calidad' y 'absurdo', lo que indica una experiencia extremadamente insatisfactoria con el producto.","{""rating"": 1, ""reasoning"": ""La reseña utiliza un lenguaje muy negativo, como 'No vale para nada','mala calidad' y 'absurdo', lo que indica una experiencia extremadamente insatisfactoria con el producto.""}"
es_0064241,0,0,1,"La reseña es extremadamente negativa, el producto no funcionó como se esperaba, se rompió fácilmente y el material es de baja calidad, lo que indica una experiencia muy mala del cliente.","{""rating"": 1, ""reasoning"": ""La reseña es extremadamente negativa, el producto no funcionó como se esperaba, se rompió fácilmente y el material es de baja calidad, lo que indica una experiencia muy mala del cliente.""}"
es_0289023,1,3,4,"El comprador está satisfecho con la sincronización y el funcionamiento inicial, pero tiene un problema con el joystick izquierdo después de una semana, lo que le impide dar 5 estrellas.","{""rating"": 4, ""reasoning"": ""El comprador está satisfecho con la sincronización y el funcionamiento inicial, pero tiene un problema con el joystick izquierdo después de una semana, lo que le impide dar 5 estrellas.""}"
es_0931660,2,3,4,,"{""rating"": 4, ""reasoning"": ""La reseña es generalmente positiva, menciona que el producto es 'bien' y que los peces juegan, lo que sugiere que el comprador está satisfecho con el funcionamiento del producto, aunque"
es_0819875,0,0,1,"El reseñante expresa decepción y menciona un problema significativo con la duración de la batería, lo que lleva a una calificación muy baja","{""rating"": 1, ""reasoning"": ""El reseñante expresa decepción y menciona un problema significativo con la duración de la batería, lo que lleva a una calificación muy baja""}"
es_0722421,1,2,3,,"{""rating"": 3, ""reasoning"": ""La reseña destaca que la funda cumple su función básica, pero tiene algunos defectos importantes como la falta de sujeción segura de la tablet y la obstrucción de la cámara frontal. Sin embargo,"
es_0519637,0,0,1,,"{""rating"": 1, ""reasoning"": ""El reseñador expresa insatisfacción con el producto, mencionando que perdió calidad después de un año, se hundió y se volvió incómodo, lo que indica una mala experiencia y una"
es_0275327,4,4,5,"El cliente expresa total satisfacción con el producto, mencionando que es perfecto para su uso y destacando su funcionalidad dual como mando con teclado y mouse.","{""rating"": 5, ""reasoning"": ""El cliente expresa total satisfacción con el producto, mencionando que es perfecto para su uso y destacando su funcionalidad dual como mando con teclado y mouse.""}"
es_0441158,1,0,1,,"{""rating"": 1, ""reasoning"": ""El cliente expresa insatisfacción total con el producto, mencionando incompatibilidad con programas, imposibilidad de sintonizar canales y mala ejecución por parte de la empresa, a pesar de considerar que la"
es_0671578,4,4,5,,"{""rating"": 5, ""reasoning"": ""El cliente está muy satisfecho con el producto, menciona que se ajusta perfectamente a su cámara Sony alfa 6000 y le da tranquilidad tener el filtro para proteger la lente, lo que sugiere"
es_0976849,1,1,2,"La reseña indica que el producto ayuda, pero tiene fallos graves y no es completamente fiable, lo que sugiere una calificación media-baja, correspondiente a 2 estrellas.","{""rating"": 2, ""reasoning"": ""La reseña indica que el producto ayuda, pero tiene fallos graves y no es completamente fiable, lo que sugiere una calificación media-baja, correspondiente a 2 estrellas.""}"
es_0648865,1,1,2,,"{""rating"": 2, ""reasoning"": ""La reseña menciona una desventaja específica del producto, la escasa duración de las brocas, lo que sugiere insatisfacción con el rendimiento del producto, pero no utiliza un lenguaje extremadamente neg"
es_0416466,1,0,1,,"{""rating"": 1, ""reasoning"": ""El reseñador utiliza un lenguaje muy negativo, como 'No recomendable' y 'No lo recomiendo', y menciona varios defectos del producto, como su grosor excesivo, su alto precio y la"
es_0330304,2,1,2,,"{""rating"": 2, ""reasoning"": ""El comprador expresa insatisfacción con el producto, mencionando que la vibración no varía significativamente entre modos y que el tamaño es demasiado grande para su gusto, lo que sugiere una calificación baja pero"
es_0351171,4,4,5,"La reseña es muy positiva, menciona que le gusta el olor, que el producto tiene un regulador con varios niveles y que cumplen bien su función, lo que indica una alta satisfacción con el producto.","{""rating"": 5, ""reasoning"": ""La reseña es muy positiva, menciona que le gusta el olor, que el producto tiene un regulador con varios niveles y que cumplen bien su función, lo que indica una alta satisfacción con el producto.""}"
es_0222480,1,1,2,,"{""rating"": 2, ""reasoning"": ""La reseña menciona varias deficiencias importantes en el producto, como la falta de interruptor de puesta en marcha y cierre de seguridad, lo que sugiere una calificación baja, pero también comenta que el resto"
es_0843621,0,0,1,,"{""rating"": 1, ""reasoning"": ""El cliente expresa insatisfacción y utiliza el término 'estafa', lo que indica una experiencia muy negativa con el producto o servicio, recibiendo solo 1 paquete en lugar de los 10 anunciados y después de un"
es_0361187,4,4,5,"El lenguaje utilizado es extremadamente positivo, con palabras como 'Muy bien' y 'perfecto', lo que indica una gran satisfacción con el producto.","{""rating"": 5, ""reasoning"": ""El lenguaje utilizado es extremadamente positivo, con palabras como 'Muy bien' y 'perfecto', lo que indica una gran satisfacción con el producto.""}"
es_0346300,3,4,5,"La reseña es breve pero utiliza el adjetivo'muy comodo', lo que indica una experiencia muy positiva con el producto.","{""rating"": 5, ""reasoning"": ""La reseña es breve pero utiliza el adjetivo'muy comodo', lo que indica una experiencia muy positiva con el producto.""}"
es_0398829,3,2,3,"La reseñadora está contenta con el producto, pero considera que es caro para el uso diario, lo que sugiere una calificación promedio.","{""rating"": 3, ""reasoning"": ""La reseñadora está contenta con el producto, pero considera que es caro para el uso diario, lo que sugiere una calificación promedio.""}"
es_0068480,2,2,3,"El producto llegó rápido y bien embalado, pero tiene un problema de calidad con la adherencia a la superficie, lo que genera inconvenientes para el usuario, por lo que la calificación es media.","{""rating"": 3, ""reasoning"": ""El producto llegó rápido y bien embalado, pero tiene un problema de calidad con la adherencia a la superficie, lo que genera inconvenientes para el usuario, por lo que la calificación es media.""}"
es_0983744,1,0,1,,"{""rating"": 1, ""reasoning"": ""El comprador está insatisfecho porque el artículo que recibió estaba usado y abierto, a pesar de que se vendió como nuevo, lo que indica una mala experiencia y una falta de confianza en la descripción"
es_0194048,4,4,5,"El comentario es breve pero muy positivo, mencionando que el producto está bien empacado y funciona bien, lo que sugiere una experiencia del cliente muy satisfactoria.","{""rating"": 5, ""reasoning"": ""El comentario es breve pero muy positivo, mencionando que el producto está bien empacado y funciona bien, lo que sugiere una experiencia del cliente muy satisfactoria.""}"
es_0254241,1,0,1,El comprador se sintió engañado al recibir un producto con contenido en catalán cuando esperaba que estuviera en castellano según la portada y contraportada,"{""rating"": 1, ""reasoning"": ""El comprador se sintió engañado al recibir un producto con contenido en catalán cuando esperaba que estuviera en castellano según la portada y contraportada""}"
es_0975444,0,0,1,"El comprador expresa insatisfacción con el producto debido a la falta de cable y instrucciones, además de un error en la descripción del tipo de cable necesario, lo que sugiere una experiencia muy negativa.","{""rating"": 1, ""reasoning"": ""El comprador expresa insatisfacción con el producto debido a la falta de cable y instrucciones, además de un error en la descripción del tipo de cable necesario, lo que sugiere una experiencia muy negativa.""}"
es_0871302,4,4,5,"El lenguaje utilizado en la reseña es muy positivo, con palabras como'muy buen libro' y 'lectura fascinante', lo que sugiere una opinión extremadamente favorable del libro.","{""rating"": 5, ""reasoning"": ""El lenguaje utilizado en la reseña es muy positivo, con palabras como'muy buen libro' y 'lectura fascinante', lo que sugiere una opinión extremadamente favorable del libro.""}"
es_0882625,4,4,5,,"{""rating"": 5, ""reasoning"": ""El cliente expresa completa satisfacción con el producto y el servicio al cliente, utilizando un lenguaje muy positivo como 'Todo perfecto' y 'de maravilla', y además indica que volverá a comprar del vendedor y"
es_0658436,1,1,2,"El reseñador menciona que el producto llegó rápido, pero critica su capacidad, lo que sugiere una experiencia mixta y una calificación intermedia.","{""rating"": 2, ""reasoning"": ""El reseñador menciona que el producto llegó rápido, pero critica su capacidad, lo que sugiere una experiencia mixta y una calificación intermedia.""}"
es_0370280,3,3,4,,"{""rating"": 4, ""reasoning"": ""La reseña es muy positiva, destacando la comodidad y la facilidad de montaje del producto, pero menciona un inconveniente menor relacionado con el ancho del coche que impide que le den"
es_0145829,4,2,3,,"{""rating"": 3, ""reasoning"": ""La reseña indica que el contenido es adecuado, pero el usuario tiene una queja específica sobre el uso de unidades de medida en pies, pulgadas y millas, lo que sugiere una opinión neutral y no"
es_0568424,1,1,2,"La reseña menciona un diseño deficiente y un problema con la conectividad, pero también destaca la calidad del material y su apariencia duradera, lo que sugiere una calificación intermedia baja.","{""rating"": 2, ""reasoning"": ""La reseña menciona un diseño deficiente y un problema con la conectividad, pero también destaca la calidad del material y su apariencia duradera, lo que sugiere una calificación intermedia baja.""}"
es_0531289,1,1,2,"La reseñadora expresa decepción debido a que el producto no llegó a tiempo, lo que afectó su propósito original, aunque menciona que el producto en sí está bien","{""rating"": 2, ""reasoning"": ""La reseñadora expresa decepción debido a que el producto no llegó a tiempo, lo que afectó su propósito original, aunque menciona que el producto en sí está bien""}"
es_0239785,2,3,4,,"{""rating"": 4, ""reasoning"": ""El comprador está contento con la compra y menciona varias características positivas, pero tiene una pequeña queja sobre la necesidad de esperar a que se enfríe para cambiar una punta, lo que sugiere una"
es_0707995,4,4,5,,"{""rating"": 5, ""reasoning"": ""La reseña es muy positiva, el cliente está satisfecho con la compra, menciona que el producto funciona bien, secando rápido, y que la entrega fue rápida y en buen estado, lo que sugiere una"
es_0435484,2,1,2,"La reseña menciona un problema específico con el producto, lo que sugiere insatisfacción, pero también menciona algo positivo, lo que evita una calificación más baja.","{""rating"": 2, ""reasoning"": ""La reseña menciona un problema específico con el producto, lo que sugiere insatisfacción, pero también menciona algo positivo, lo que evita una calificación más baja.""}"
es_0695487,2,2,3,,"{""rating"": 3, ""reasoning"": ""El cliente está satisfecho con la silla en general, pero tiene un problema con el apoyabrazos izquierdo que no funciona, lo que le causa una decepción y motivo para considerar devolver el producto,"
es_0544461,3,4,5,"La reseña indica que el producto encaja perfectamente en el Ford Focus MK1, lo que sugiere una satisfacción total con el producto y su compatibilidad.","{""rating"": 5, ""reasoning"": ""La reseña indica que el producto encaja perfectamente en el Ford Focus MK1, lo que sugiere una satisfacción total con el producto y su compatibilidad.""}"
es_0436386,3,3,4,"El cliente está satisfecho con la apariencia del producto y considera que la relación calidad-precio es buena, aunque menciona que las instrucciones de montaje son un poco complicadas de seguir.","{""rating"": 4, ""reasoning"": ""El cliente está satisfecho con la apariencia del producto y considera que la relación calidad-precio es buena, aunque menciona que las instrucciones de montaje son un poco complicadas de seguir.""}"
es_0926507,2,0,1,"El producto no funciona correctamente con la tarjeta de memoria recomendada, lo que genera un error y no permite grabar ni tomar fotos, lo que indica una mala experiencia del usuario.","{""rating"": 1, ""reasoning"": ""El producto no funciona correctamente con la tarjeta de memoria recomendada, lo que genera un error y no permite grabar ni tomar fotos, lo que indica una mala experiencia del usuario.""}"
es_0862121,4,4,5,,"{""rating"": 5, ""reasoning"": ""El lenguaje utilizado es muy positivo, con palabras como 'Perfecta' y 'Me ha encantado', lo que indica una opinión muy favorable del libro. Además, se mencionan aspectos específicos que gustaron"
es_0843556,2,0,1,"La reseña expresa insatisfacción con el producto, mencionando que lo que se muestra en la pantalla es demasiado pequeño, lo que sugiere una mala experiencia del usuario y una calificación baja.","{""rating"": 1, ""reasoning"": ""La reseña expresa insatisfacción con el producto, mencionando que lo que se muestra en la pantalla es demasiado pequeño, lo que sugiere una mala experiencia del usuario y una calificación baja.""}"
es_0714788,1,0,1,"El lenguaje utilizado es extremadamente negativo, se mencionan varios defectos del producto y se expresa una fuerte desaprobación, lo que sugiere una calificación de 1 estrella","{""rating"": 1, ""reasoning"": ""El lenguaje utilizado es extremadamente negativo, se mencionan varios defectos del producto y se expresa una fuerte desaprobación, lo que sugiere una calificación de 1 estrella""}"
es_0102373,3,3,4,,"{""rating"": 4, ""reasoning"": ""El comprador parece satisfecho con el producto, menciona que es cómodo y cumple con sus expectativas, aunque menciona un retraso en la entrega, pero no parece ser un problema grave enough para afectar signific"
es_0897553,4,4,5,"La reseña es breve y positiva, utilizando el adjetivo'muy buenas' para describir las cartas, lo que sugiere una opinión extremadamente favorable del producto.","{""rating"": 5, ""reasoning"": ""La reseña es breve y positiva, utilizando el adjetivo'muy buenas' para describir las cartas, lo que sugiere una opinión extremadamente favorable del producto.""}"
es_0678648,0,0,1,"La reseña describe el producto como endeble y menciona que se rompió en el primer uso, lo que indica una experiencia extremadamente negativa.","{""rating"": 1, ""reasoning"": ""La reseña describe el producto como endeble y menciona que se rompió en el primer uso, lo que indica una experiencia extremadamente negativa.""}"
es_0810988,4,4,5,"El cliente expresa satisfacción total con el producto, mencionando que es eficaz, de buena calidad y que ha cumplido con sus expectativas en dos ocasiones diferentes, lo que sugiere una calificación máxima.","{""rating"": 5, ""reasoning"": ""El cliente expresa satisfacción total con el producto, mencionando que es eficaz, de buena calidad y que ha cumplido con sus expectativas en dos ocasiones diferentes, lo que sugiere una calificación máxima.""}"
es_0188644,1,0,1,"El cliente recibió un producto defectuoso que no funciona, a pesar de que el diseño es atractivo.","{""rating"": 1, ""reasoning"": ""El cliente recibió un producto defectuoso que no funciona, a pesar de que el diseño es atractivo.""}"
es_0420608,4,3,4,,"{""rating"": 4, ""reasoning"": ""El cliente está satisfecho con el envío rápido y la inclusión de las piezas correctas, pero menciona un detalle negativo sobre la falta de tonillos pequeños, lo que reduce la calificación a 4 est"
es_0284163,0,0,1,"El reseñador expresa una opinión muy negativa sobre el producto, mencionando que no vale para nada y que una de sus características principales no funciona, lo que sugiere una experiencia extremadamente insatisfactoria.","{""rating"": 1, ""reasoning"": ""El reseñador expresa una opinión muy negativa sobre el producto, mencionando que no vale para nada y que una de sus características principales no funciona, lo que sugiere una experiencia extremadamente insatisfactoria.""}"
es_0176170,1,0,1,"El cliente expresa una gran insatisfacción con el servicio de entrega y transporte, mencionando retrasos y falta de comunicación, lo que sugiere una experiencia muy negativa.","{""rating"": 1, ""reasoning"": ""El cliente expresa una gran insatisfacción con el servicio de entrega y transporte, mencionando retrasos y falta de comunicación, lo que sugiere una experiencia muy negativa.""}"
es_0198132,1,0,1,,"{""rating"": 1, ""reasoning"": ""El reseñador expresa una experiencia muy negativa con el producto, mencionando materiales de baja calidad y un problema específico con la clavija que se rompió fácilmente, lo que indica una calificación de"
es_0667927,2,1,2,"El producto no cumple con la función principal para la que fue comprado, aunque sí funciona para otra función secundaria, lo que indica una experiencia del cliente parcialmente insatisfactoria.","{""rating"": 2, ""reasoning"": ""El producto no cumple con la función principal para la que fue comprado, aunque sí funciona para otra función secundaria, lo que indica una experiencia del cliente parcialmente insatisfactoria.""}"
es_0627420,4,3,4,,"{""rating"": 4, ""reasoning"": ""El reseñador parece satisfecho con la entrega rápida, la calidad y la practicidad del producto, aunque aún no ha probado su funcionamiento en condiciones reales, lo que sugiere una calificación positiva"
es_0776878,0,0,1,"El comprador expresa insatisfacción con el producto debido a una discrepancia en la frecuencia, lo que indica una mala experiencia y probablemente una calificación baja.","{""rating"": 1, ""reasoning"": ""El comprador expresa insatisfacción con el producto debido a una discrepancia en la frecuencia, lo que indica una mala experiencia y probablemente una calificación baja.""}"
es_0770111,0,0,1,"El comprador expresa insatisfacción porque no recibió el producto y lo considera un timo, lo que indica una experiencia muy negativa.","{""rating"": 1, ""reasoning"": ""El comprador expresa insatisfacción porque no recibió el producto y lo considera un timo, lo que indica una experiencia muy negativa.""}"
es_0585055,2,0,1,"La reseña es extremadamente negativa, mencionando varios defectos del producto como el ruido, el tamaño pequeño y el sobrecalentamiento, y concluye recomendando no comprarlo.","{""rating"": 1, ""reasoning"": ""La reseña es extremadamente negativa, mencionando varios defectos del producto como el ruido, el tamaño pequeño y el sobrecalentamiento, y concluye recomendando no comprarlo.""}"
es_0244282,0,0,1,"El cliente expresa insatisfacción total con la experiencia, mencionando que no recibió el producto y que se le cobró, lo que sugiere una falla significativa en el servicio.","{""rating"": 1, ""reasoning"": ""El cliente expresa insatisfacción total con la experiencia, mencionando que no recibió el producto y que se le cobró, lo que sugiere una falla significativa en el servicio.""}"
es_0672699,3,2,3,,"{""rating"": 3, ""reasoning"": ""El reseñador menciona que el producto funciona bien, lo que indica una satisfacción parcial, pero también menciona un inconveniente significativo, la batería poco potente, lo que reduce la calificación a un"
es_0430293,1,1,2,,"{""rating"": 2, ""reasoning"": ""El comprador está descontento con el estado del producto al llegar, ya que estaba golpeado y requería reparaciones para poder usarlo, lo que sugiere una mala experiencia y un producto de baja calidad, pero aún así"
es_0704864,2,1,2,,"{""rating"": 2, ""reasoning"": ""El cliente expresa insatisfacción con la duración de la batería, lo que indica una experiencia negativa, pero también menciona que el problema podría ser esperable dado el precio, lo que sugiere que no está completamente des"
es_0993995,0,0,1,"El comprador recibió un producto diferente al solicitado, con piezas faltantes y no correspondiente a la descripción, lo que indica una experiencia muy mala con el vendedor.","{""rating"": 1, ""reasoning"": ""El comprador recibió un producto diferente al solicitado, con piezas faltantes y no correspondiente a la descripción, lo que indica una experiencia muy mala con el vendedor.""}"
es_0131245,1,1,2,"El comprador expresa insatisfacción con el producto, mencionando que las piezas se aflojan con facilidad y que no es adecuado para un jamón, lo que sugiere una calificación baja.","{""rating"": 2, ""reasoning"": ""El comprador expresa insatisfacción con el producto, mencionando que las piezas se aflojan con facilidad y que no es adecuado para un jamón, lo que sugiere una calificación baja.""}"
es_0345352,0,2,3,"El comprador expresa neutralidad y escepticismo, pero no muestra enfado ni decepción extrema, por lo que se puede inferir una calificación promedio.","{""rating"": 3, ""reasoning"": ""El comprador expresa neutralidad y escepticismo, pero no muestra enfado ni decepción extrema, por lo que se puede inferir una calificación promedio.""}"
es_0397902,2,2,3,,"{""rating"": 3, ""reasoning"": ""La reseñadora considera que los biberones son buenos, pero su hijo no se adaptó a la tetina, lo que sugiere una experiencia neutral o mixta, típica de una calificación de 3"
es_0680823,0,0,1,"El comprador menciona varios defectos en el producto, como la caja abollada, la uña rajada y fallos de pintura, lo que indica una mala calidad y un servicio deficiente.","{""rating"": 1, ""reasoning"": ""El comprador menciona varios defectos en el producto, como la caja abollada, la uña rajada y fallos de pintura, lo que indica una mala calidad y un servicio deficiente.""}"
es_0743914,1,0,1,,"{""rating"": 1, ""reasoning"": ""El cliente recibió un producto que estaba sucio y lleno de pelusas, a pesar de estar etiquetado como nuevo, lo que indica una falta de cuidado en el empaquetado y almacenamiento, lo que"
es_0221079,2,1,2,,"{""rating"": 2, ""reasoning"": ""La reseña menciona que el producto no cumplió con las expectativas del usuario debido a su poca capacidad, lo que sugiere una calificación baja, pero también menciona que es genial si solo se utilizan las lá"
es_0870441,1,1,2,,"{""rating"": 2, ""reasoning"": ""La reseña menciona problemas de calidad, como la tela deshilachada y su finura excesiva, lo que sugiere una baja satisfacción con el producto, pero aún considera que tiene un buen diseño y puede ser"
es_0015023,1,2,3,,"{""rating"": 3, ""reasoning"": ""La reseña expresa una mezcla de sentimientos, por un lado el producto cumple con las expectativas en términos de apariencia y funcionalidad, y a los niños les gusta. Sin embargo, el precio"
es_0612116,4,4,5,"La reseña utiliza palabras positivas como 'perfecta', 'protege muy bien' y 'elegante', lo que sugiere una opinión muy favorable sobre el producto.","{""rating"": 5, ""reasoning"": ""La reseña utiliza palabras positivas como 'perfecta', 'protege muy bien' y 'elegante', lo que sugiere una opinión muy favorable sobre el producto.""}"
es_0194580,3,3,4,"La reseña menciona una calidad buena de material y presentación, pero critica el estuche por ser endeble para uso profesional, lo que sugiere una calificación alta pero no perfecta.","{""rating"": 4, ""reasoning"": ""La reseña menciona una calidad buena de material y presentación, pero critica el estuche por ser endeble para uso profesional, lo que sugiere una calificación alta pero no perfecta.""}"
es_0084563,4,3,4,"El producto funcionó después de que otros fallaron, el usuario lo recomienda y solo necesitó un poco de ayuda adicional para despejar el atasco, lo que indica una experiencia generalmente positiva.","{""rating"": 4, ""reasoning"": ""El producto funcionó después de que otros fallaron, el usuario lo recomienda y solo necesitó un poco de ayuda adicional para despejar el atasco, lo que indica una experiencia generalmente positiva.""}"
es_0154006,0,0,1,"La reseña utiliza un lenguaje muy negativo, como 'No son fiables' y 'no llegan los pedidos a tiempo', lo que indica una experiencia muy mala con el servicio.","{""rating"": 1, ""reasoning"": ""La reseña utiliza un lenguaje muy negativo, como 'No son fiables' y 'no llegan los pedidos a tiempo', lo que indica una experiencia muy mala con el servicio.""}"
es_0652022,0,0,1,,"{""rating"": 1, ""reasoning"": ""El cliente expresa una gran insatisfacción con el producto, mencionando que tarda mucho en secar, se desgasta rápidamente y no dura más de una semana, lo que indica una mala calidad y rend"
es_0518314,1,1,2,"La reseña menciona varios defectos del producto, como inestabilidad y mal diseño, pero también comenta que cumple su función considerando su precio, lo que sugiere una calificación baja pero no la mínima.","{""rating"": 2, ""reasoning"": ""La reseña menciona varios defectos del producto, como inestabilidad y mal diseño, pero también comenta que cumple su función considerando su precio, lo que sugiere una calificación baja pero no la mínima.""}"
es_0255005,0,0,1,"El lenguaje utilizado es extremadamente negativo, utilizando palabras como 'Fatal' y'mierda', lo que indica una experiencia muy mala con el producto y una fuerte recomendación en contra de su compra.","{""rating"": 1, ""reasoning"": ""El lenguaje utilizado es extremadamente negativo, utilizando palabras como 'Fatal' y'mierda', lo que indica una experiencia muy mala con el producto y una fuerte recomendación en contra de su compra.""}"
es_0084818,3,3,4,,"{""rating"": 4, ""reasoning"": ""La reseña es generalmente positiva, mencionando que el producto es comodo y calentito, pero tiene una critica menor sobre la parte de atras siendo un poco corta, lo que sugiere una calificacion"
es_0386000,2,4,5,"El comprador menciona que el producto ha cumplido con las características esperadas, lo que sugiere una experiencia positiva y satisfactoria, típica de una calificación de 5 estrellas.","{""rating"": 5, ""reasoning"": ""El comprador menciona que el producto ha cumplido con las características esperadas, lo que sugiere una experiencia positiva y satisfactoria, típica de una calificación de 5 estrellas.""}"
es_0931231,0,0,1,"El producto no funcionó como se esperaba, no se pudo hacer funcionar en ninguna televisión o proyector, y el comprador tuvo que devolverlo y está esperando un reembolso.","{""rating"": 1, ""reasoning"": ""El producto no funcionó como se esperaba, no se pudo hacer funcionar en ninguna televisión o proyector, y el comprador tuvo que devolverlo y está esperando un reembolso.""}"
es_0474977,4,4,5,"La reseña utiliza el término 'Perfecto' y menciona que el producto encaja bien y parece original, lo que indica una experiencia muy positiva con el producto.","{""rating"": 5, ""reasoning"": ""La reseña utiliza el término 'Perfecto' y menciona que el producto encaja bien y parece original, lo que indica una experiencia muy positiva con el producto.""}"
es_0755999,0,0,1,"El reseñador describe la tapa como inútil y menciona que se cae con un movimiento pequeño, lo que indica una mala calidad del producto y una experiencia negativa del cliente.","{""rating"": 1, ""reasoning"": ""El reseñador describe la tapa como inútil y menciona que se cae con un movimiento pequeño, lo que indica una mala calidad del producto y una experiencia negativa del cliente.""}"
es_0959925,3,4,5,"El usuario utiliza un lenguaje muy positivo, como 'lo recomiendo' y 'es imprescindible', lo que sugiere una experiencia muy satisfactoria con el producto.","{""rating"": 5, ""reasoning"": ""El usuario utiliza un lenguaje muy positivo, como 'lo recomiendo' y 'es imprescindible', lo que sugiere una experiencia muy satisfactoria con el producto.""}"
es_0848701,3,4,5,,"{""rating"": 5, ""reasoning"": ""El reseñador expresa satisfacción con el producto y la entrega, utilizando palabras positivas como 'Quedan bien' y 'Llegó antes de lo previsto', lo que sugiere una experiencia completamente satisfactoria."""
es_0206668,3,2,3,,"{""rating"": 3, ""reasoning"": ""La reseña describe el producto como 'bien de tamaño' y 'unas barriguitas normales', lo que sugiere una opinión neutral o moderadamente positiva. Sin embargo, también menciona que a su niña"
es_0018769,3,1,2,,"{""rating"": 2, ""reasoning"": ""El cliente expresa insatisfacción con el producto porque no cumple con su función principal (secar los pies) y tiene una expectativa no cumplida sobre el tamaño del dibujo, pero no utiliza un lenguaje extremadamente"
es_0959052,1,0,1,"El reseñador expresa decepción y menciona que los cables duraron muy poco, lo que indica una mala calidad del producto y una relación calidad-precio deficiente, lo que sugiere una calificación muy baja.","{""rating"": 1, ""reasoning"": ""El reseñador expresa decepción y menciona que los cables duraron muy poco, lo que indica una mala calidad del producto y una relación calidad-precio deficiente, lo que sugiere una calificación muy baja.""}"
es_0758628,2,1,2,,"{""rating"": 2, ""reasoning"": ""La reseña describe el producto como estéticamente bonito, pero critica su falta de practicidad, capacidad y durabilidad, lo que sugiere una calificación baja, pero no la más baja, ya que el producto tiene"
es_0537710,3,1,2,,"{""rating"": 2, ""reasoning"": ""El comprador se sintió decepcionado al descubrir que el producto no era más barato en Amazon que en otros comercios de su ciudad, y además, el producto llegó con daños en la caja debido al transporte"
es_0699361,3,4,5,,"{""rating"": 5, ""reasoning"": ""El reseñador utiliza palabras y frases muy positivas como 'Buena calidad','muy cómoda', 'fácil de montar y desmontar' y'muy recomendable', lo que indica una alta"
es_0160706,1,1,2,"El comprador está insatisfecho con el estado del paquete, lo que afecta su percepción del producto, pero menciona que el reloj parece funcionar, lo que evita una calificación más baja.","{""rating"": 2, ""reasoning"": ""El comprador está insatisfecho con el estado del paquete, lo que afecta su percepción del producto, pero menciona que el reloj parece funcionar, lo que evita una calificación más baja.""}"
es_0325508,3,3,4,,"{""rating"": 4, ""reasoning"": ""La reseña destaca la buena calidad de sonido y los materiales, pero menciona algunos inconvenientes como el cable corto y la diadema rígida, lo que sugiere una experiencia generalmente positiva con"
es_0345756,2,3,4,"El comprador confirma que el producto es lo que se especifica, pero tiene dificultades para instalarlo, lo que sugiere una experiencia generalmente positiva pero con algunos inconvenientes menores.","{""rating"": 4, ""reasoning"": ""El comprador confirma que el producto es lo que se especifica, pero tiene dificultades para instalarlo, lo que sugiere una experiencia generalmente positiva pero con algunos inconvenientes menores.""}"
es_0290320,1,1,2,"La reseña utiliza la palabra 'Normal' y expresa una queja sobre el producto, lo que sugiere una calificación media-baja, pero no extremadamente negativa.","{""rating"": 2, ""reasoning"": ""La reseña utiliza la palabra 'Normal' y expresa una queja sobre el producto, lo que sugiere una calificación media-baja, pero no extremadamente negativa.""}"
es_0842891,3,2,3,"El cliente tiene una pregunta sobre el producto y está solicitando información, lo que indica una experiencia neutral o moderadamente positiva, pero no extremadamente satisfactoria o insatisfactoria.","{""rating"": 3, ""reasoning"": ""El cliente tiene una pregunta sobre el producto y está solicitando información, lo que indica una experiencia neutral o moderadamente positiva, pero no extremadamente satisfactoria o insatisfactoria.""}"
es_0825016,3,4,5,"La reseña es breve pero muy positiva, utilizando la palabra 'excelente' dos veces para describir el producto y su funcionalidad, lo que sugiere una alta satisfacción del cliente.","{""rating"": 5, ""reasoning"": ""La reseña es breve pero muy positiva, utilizando la palabra 'excelente' dos veces para describir el producto y su funcionalidad, lo que sugiere una alta satisfacción del cliente.""}"
es_0990806,2,2,3,,"{""rating"": 3, ""reasoning"": ""La reseña expresa una opinión neutral, destacando tanto los aspectos positivos (protege, es barato y viene en múltiples unidades) como los negativos (se despega con facilidad), lo"
es_0793039,0,0,1,"El cliente recibió el producto en mal estado, con la caja y el bote rotos, lo que indica una mala experiencia con el producto y el servicio de entrega.","{""rating"": 1, ""reasoning"": ""El cliente recibió el producto en mal estado, con la caja y el bote rotos, lo que indica una mala experiencia con el producto y el servicio de entrega.""}"
es_0673427,0,0,1,"El reseñador utiliza palabras como'mala calidad' y menciona que los productos no funcionaron, lo que indica una experiencia extremadamente negativa.","{""rating"": 1, ""reasoning"": ""El reseñador utiliza palabras como'mala calidad' y menciona que los productos no funcionaron, lo que indica una experiencia extremadamente negativa.""}"
es_0711026,2,4,5,"La reseña utiliza palabras positivas como 'buena' y'muy completa', lo que indica una opinión muy favorable sobre el producto.","{""rating"": 5, ""reasoning"": ""La reseña utiliza palabras positivas como 'buena' y'muy completa', lo que indica una opinión muy favorable sobre el producto.""}"
es_0209194,1,1,2,"El producto no funciona correctamente en una de sus funciones principales, pero sí funciona en otra, lo que indica una experiencia mixta y parcialmente deficiente.","{""rating"": 2, ""reasoning"": ""El producto no funciona correctamente en una de sus funciones principales, pero sí funciona en otra, lo que indica una experiencia mixta y parcialmente deficiente.""}"
es_0201153,4,2,3,,"{""rating"": 3, ""reasoning"": ""La reseña describe el producto como 'normal' y 'lo esperado', lo que sugiere una experiencia neutral y sin sorpresas, ni positivas ni negativas, lo que se alinea con una calificación promedio de"
es_0758541,1,0,1,"El comprador está insatisfecho porque el libro llegó sin plástico y abierto, lo que sugiere que no era nuevo como se esperaba, lo que indica una mala experiencia y una calificación baja.","{""rating"": 1, ""reasoning"": ""El comprador está insatisfecho porque el libro llegó sin plástico y abierto, lo que sugiere que no era nuevo como se esperaba, lo que indica una mala experiencia y una calificación baja.""}"
es_0595093,2,2,3,,"{""rating"": 3, ""reasoning"": ""La reseña menciona tanto aspectos positivos (a la hija le gustó y sigue funcionando) como negativos (problemas de acabado, ruido del motor), lo que sugiere una calificación media."""
es_0303131,4,4,5,,"{""rating"": 5, ""reasoning"": ""El reseñador expresa satisfacción con el producto, mencionando que es mejor de lo que esperaba, lo que indica una experiencia muy positiva. Además, menciona que lo utiliza para diferentes actividades y que es cómodo"
es_0685903,0,0,1,"El producto llegó dañado debido a un empaquetado deficiente, lo que indica una mala experiencia del cliente y justifica la calificación más baja.","{""rating"": 1, ""reasoning"": ""El producto llegó dañado debido a un empaquetado deficiente, lo que indica una mala experiencia del cliente y justifica la calificación más baja.""}"
es_0998944,4,4,5,"La reseña utiliza palabras positivas como 'chulo' y menciona que no es caro, lo que sugiere una opinión muy favorable del producto.","{""rating"": 5, ""reasoning"": ""La reseña utiliza palabras positivas como 'chulo' y menciona que no es caro, lo que sugiere una opinión muy favorable del producto.""}"
es_0907908,4,4,5,"La reseña es breve pero indica que el producto ha cumplido con su propósito, lo que sugiere una experiencia positiva y una calificación alta.","{""rating"": 5, ""reasoning"": ""La reseña es breve pero indica que el producto ha cumplido con su propósito, lo que sugiere una experiencia positiva y una calificación alta.""}"
es_0102397,2,2,3,"La reseña menciona un aspecto positivo (buena iluminación) y otro negativo (son muy frágiles), lo que sugiere una calificación promedio.","{""rating"": 3, ""reasoning"": ""La reseña menciona un aspecto positivo (buena iluminación) y otro negativo (son muy frágiles), lo que sugiere una calificación promedio.""}"
es_0081938,1,2,3,,"{""rating"": 3, ""reasoning"": ""El cliente está satisfecho con el funcionamiento del producto, pero tiene una queja importante sobre el contenido de mentol que no estaba claro en la descripción, lo que le causa incomodidad al principio, por lo que su"
es_0099571,0,1,2,"El usuario menciona que el producto es fácil de usar, pero tiene un problema significativo con las llamadas entrantes y lo ha devuelto, lo que indica una experiencia negativa que supera los aspectos positivos.","{""rating"": 2, ""reasoning"": ""El usuario menciona que el producto es fácil de usar, pero tiene un problema significativo con las llamadas entrantes y lo ha devuelto, lo que indica una experiencia negativa que supera los aspectos positivos.""}"
es_0886117,3,3,4,"El cliente describe el producto como 'perfecto' y solo menciona un pequeño defecto con la cintura, lo que sugiere una opinión generalmente positiva.","{""rating"": 4, ""reasoning"": ""El cliente describe el producto como 'perfecto' y solo menciona un pequeño defecto con la cintura, lo que sugiere una opinión generalmente positiva.""}"
es_0054172,1,2,3,"La reseña indica que el producto no es excelente, pero considera que es aceptable dado su precio bajo, lo que sugiere una calificación promedio.","{""rating"": 3, ""reasoning"": ""La reseña indica que el producto no es excelente, pero considera que es aceptable dado su precio bajo, lo que sugiere una calificación promedio.""}"
es_0345917,0,0,1,,"{""rating"": 1, ""reasoning"": ""El producto se estropeó rápidamente, justo después de que expirara la garantía, y el usuario lo había utilizado muy poco, lo que indica una mala calidad y una falta de confiabilidad, lo que just"
es_0925068,2,1,2,"El cliente está descontento con el color del producto, que no coincide con la foto, pero aún no ha decidido devolverlo, lo que sugiere una calificación negativa pero no extremadamente baja.","{""rating"": 2, ""reasoning"": ""El cliente está descontento con el color del producto, que no coincide con la foto, pero aún no ha decidido devolverlo, lo que sugiere una calificación negativa pero no extremadamente baja.""}"
es_0138050,1,0,1,"El usuario expresa una opinión muy negativa sobre el producto, indicando que no es útil y que lo tiró a la basura después de usarlo solo una vez.","{""rating"": 1, ""reasoning"": ""El usuario expresa una opinión muy negativa sobre el producto, indicando que no es útil y que lo tiró a la basura después de usarlo solo una vez.""}"
es_0893736,1,2,3,"El producto funciona correctamente, pero no se corresponde con la descripción o la foto, lo que genera una experiencia neutral para el cliente.","{""rating"": 3, ""reasoning"": ""El producto funciona correctamente, pero no se corresponde con la descripción o la foto, lo que genera una experiencia neutral para el cliente.""}"
es_0738689,4,4,5,"El lenguaje utilizado es muy positivo, con palabras como 'Encantadas', 'Le encantó' y 'Lo recomiendo', lo que sugiere una experiencia extremadamente satisfactoria con el producto.","{""rating"": 5, ""reasoning"": ""El lenguaje utilizado es muy positivo, con palabras como 'Encantadas', 'Le encantó' y 'Lo recomiendo', lo que sugiere una experiencia extremadamente satisfactoria con el producto.""}"
es_0493852,2,2,3,"La reseña indica que el producto tiene una relación precio-calidad correcta, pero no destaca nada excepcional, lo que sugiere una calificación promedio.","{""rating"": 3, ""reasoning"": ""La reseña indica que el producto tiene una relación precio-calidad correcta, pero no destaca nada excepcional, lo que sugiere una calificación promedio.""}"
es_0082105,3,3,4,,"{""rating"": 4, ""reasoning"": ""El reseñador menciona que el producto es 'normalito', lo que implica que no es excepcional, pero también destaca que para el precio no se puede pedir más, lo que sugiere que considera que"
es_0324344,4,4,5,"El cliente expresa satisfacción con la calidad del producto, su funcionalidad y la velocidad de entrega, lo que sugiere una experiencia muy positiva.","{""rating"": 5, ""reasoning"": ""El cliente expresa satisfacción con la calidad del producto, su funcionalidad y la velocidad de entrega, lo que sugiere una experiencia muy positiva.""}"
es_0109896,2,3,4,"El cliente ha expresado satisfacción general con el producto, pero ha mencionado un defecto específico, lo que sugiere una calificación alta pero no perfecta.","{""rating"": 4, ""reasoning"": ""El cliente ha expresado satisfacción general con el producto, pero ha mencionado un defecto específico, lo que sugiere una calificación alta pero no perfecta.""}"
es_0571803,2,3,4,,"{""rating"": 4, ""reasoning"": ""El cliente está satisfecho con el producto en sí, pero tiene una queja específica sobre la falta de opciones de color, lo que le impide realizar más compras, pero no es un problema grave enough para dar una cal"
es_0497744,4,4,5,"El cliente expresa estar'muy contento' y menciona que el vendedor resolvió los problemas con 'gran solvencia', lo que sugiere una experiencia muy positiva.","{""rating"": 5, ""reasoning"": ""El cliente expresa estar'muy contento' y menciona que el vendedor resolvió los problemas con 'gran solvencia', lo que sugiere una experiencia muy positiva.""}"
es_0886101,0,0,1,"El cliente expresa insatisfacción debido a que el vendedor canceló su pedido después de un mes de espera, lo que indica una mala experiencia de compra.","{""rating"": 1, ""reasoning"": ""El cliente expresa insatisfacción debido a que el vendedor canceló su pedido después de un mes de espera, lo que indica una mala experiencia de compra.""}"
es_0157673,0,0,1,"La reseña expresa frustración y decepción con el producto, mencionando problemas con la compatibilidad de las juntas y la falta de disponibilidad para su compra, lo que sugiere una experiencia muy negativa.","{""rating"": 1, ""reasoning"": ""La reseña expresa frustración y decepción con el producto, mencionando problemas con la compatibilidad de las juntas y la falta de disponibilidad para su compra, lo que sugiere una experiencia muy negativa.""}"
es_0771579,2,1,2,,"{""rating"": 2, ""reasoning"": ""La reseña indica que el producto tiene una calidad precio regular y no ha cumplido con las expectativas del comprador en cuanto a aislar del frío, aunque sí bloquea la luz, lo que sugiere una calificación media"
es_0412213,2,0,1,"El reseñador utiliza palabras como 'Mala calidad' y menciona un problema específico con el producto, lo que indica una experiencia muy negativa.","{""rating"": 1, ""reasoning"": ""El reseñador utiliza palabras como 'Mala calidad' y menciona un problema específico con el producto, lo que indica una experiencia muy negativa.""}"
es_0905850,1,1,2,"La reseña expresa insatisfacción con la mecánica del juego, pero menciona que el juego está bien fabricado, lo que sugiere una calificación intermedia, ni muy alta ni muy baja.","{""rating"": 2, ""reasoning"": ""La reseña expresa insatisfacción con la mecánica del juego, pero menciona que el juego está bien fabricado, lo que sugiere una calificación intermedia, ni muy alta ni muy baja.""}"
es_0239783,2,2,3,,"{""rating"": 3, ""reasoning"": ""La reseña menciona aspectos tanto positivos como negativos del producto, como su durabilidad, facilidad de instalación y deficiencias en la cobertura de la pantalla, lo que sugiere una calificación promedio."""
es_0621031,0,0,1,"El comprador indica que el producto no ha llegado, lo que sugiere una experiencia negativa con la compra y el servicio de entrega.","{""rating"": 1, ""reasoning"": ""El comprador indica que el producto no ha llegado, lo que sugiere una experiencia negativa con la compra y el servicio de entrega.""}"
es_0495835,3,2,3,"La reseña describe el producto como 'aceptable' y menciona que es bueno considerando el precio, lo que sugiere una calificación neutral o promedio, pero no muy positiva ni negativa.","{""rating"": 3, ""reasoning"": ""La reseña describe el producto como 'aceptable' y menciona que es bueno considerando el precio, lo que sugiere una calificación neutral o promedio, pero no muy positiva ni negativa.""}"
es_0044296,4,3,4,,"{""rating"": 4, ""reasoning"": ""La reseña es generalmente positiva, describe el libro como 'genial' y lo recomienda, aunque menciona que puede ser avanzado para los más pequeños, lo que sugiere una calificación alta pero no perfecta"
es_0496948,1,1,2,"El producto se ha roto después de un mes de uso, lo que indica una falta de durabilidad, aunque el usuario menciona que la parte de arriba es cómoda","{""rating"": 2, ""reasoning"": ""El producto se ha roto después de un mes de uso, lo que indica una falta de durabilidad, aunque el usuario menciona que la parte de arriba es cómoda""}"
es_0807151,0,0,1,"La reseña expresa una experiencia muy negativa con el producto, mencionando que dañó el teléfono en lugar de protegerlo, a pesar de que el diseño es bueno.","{""rating"": 1, ""reasoning"": ""La reseña expresa una experiencia muy negativa con el producto, mencionando que dañó el teléfono en lugar de protegerlo, a pesar de que el diseño es bueno.""}"
es_0577934,4,4,5,"El cliente está satisfecho con el producto, el precio y la entrega, y ha repetido la compra, lo que indica una experiencia muy positiva.","{""rating"": 5, ""reasoning"": ""El cliente está satisfecho con el producto, el precio y la entrega, y ha repetido la compra, lo que indica una experiencia muy positiva.""}"
es_0019676,1,0,1,"El reseñador expresa decepción y menciona que el producto se rompió rápidamente, lo que indica una mala calidad y una baja satisfacción con la compra.","{""rating"": 1, ""reasoning"": ""El reseñador expresa decepción y menciona que el producto se rompió rápidamente, lo que indica una mala calidad y una baja satisfacción con la compra.""}"
es_0128637,4,3,4,"El comprador está satisfecho con el producto para un uso casual y destaca sus ventajas, como el precio y la compatibilidad con el móvil, aunque menciona que no es adecuado para uso profesional.","{""rating"": 4, ""reasoning"": ""El comprador está satisfecho con el producto para un uso casual y destaca sus ventajas, como el precio y la compatibilidad con el móvil, aunque menciona que no es adecuado para uso profesional.""}"
es_0134657,0,0,1,"El usuario indica que no ha recibido el producto, lo que sugiere una experiencia negativa con la compra o el servicio de entrega.","{""rating"": 1, ""reasoning"": ""El usuario indica que no ha recibido el producto, lo que sugiere una experiencia negativa con la compra o el servicio de entrega.""}"
es_0817696,4,4,5,"La reseña indica que el producto es igual al original y funciona a la perfección, lo que sugiere una experiencia completamente satisfactoria y positiva","{""rating"": 5, ""reasoning"": ""La reseña indica que el producto es igual al original y funciona a la perfección, lo que sugiere una experiencia completamente satisfactoria y positiva""}"
es_0518729,3,3,4,,"{""rating"": 4, ""reasoning"": ""La reseña es generalmente positiva, menciona que el producto cumple su cometido y se adapta a cualquier coche, aunque menciona algunas limitaciones y posibles problemas con el uso prolongado, pero no son graves"
es_0514048,3,1,2,"La reseña es breve y no muy positiva, solo comenta que el producto parece más bonito en la foto, lo que sugiere una ligera decepción o insatisfacción con el producto real.","{""rating"": 2, ""reasoning"": ""La reseña es breve y no muy positiva, solo comenta que el producto parece más bonito en la foto, lo que sugiere una ligera decepción o insatisfacción con el producto real.""}"
es_0770486,3,3,4,,"{""rating"": 4, ""reasoning"": ""El reseñador parece satisfecho con el producto, menciona que el acabado de los componentes es bueno y que vale la pena tenerlo por coleccionismo, aunque no ha podido probar la mecánica"
es_0765351,0,0,1,"El comprador expresa frustración y descontento porque el producto no llegó y no recibió ninguna notificación o comunicación, lo que sugiere una mala experiencia con el vendedor o el servicio de entrega.","{""rating"": 1, ""reasoning"": ""El comprador expresa frustración y descontento porque el producto no llegó y no recibió ninguna notificación o comunicación, lo que sugiere una mala experiencia con el vendedor o el servicio de entrega.""}"
es_0958124,2,1,2,,"{""rating"": 2, ""reasoning"": ""La reseña es breve y expresa una opinión neutral o ligeramente negativa, lo que sugiere una calificación de 2 estrellas, ya que el cliente no parece completamente insatisfecho, pero tampoco s"
es_0130792,4,4,5,"El comprador está satisfecho con el producto, lo describe como'muy bonito' y coincide con sus expectativas, lo que sugiere una experiencia positiva y una calificación alta.","{""rating"": 5, ""reasoning"": ""El comprador está satisfecho con el producto, lo describe como'muy bonito' y coincide con sus expectativas, lo que sugiere una experiencia positiva y una calificación alta.""}"
es_0703745,3,4,5,"La reseña expresa satisfacción total con el producto y el servicio, utilizando palabras como 'Todo correcto' y 'Estoy muy contenta', lo que indica una experiencia positiva y sin problemas.","{""rating"": 5, ""reasoning"": ""La reseña expresa satisfacción total con el producto y el servicio, utilizando palabras como 'Todo correcto' y 'Estoy muy contenta', lo que indica una experiencia positiva y sin problemas.""}"
es_0661308,4,4,5,,"{""rating"": 5, ""reasoning"": ""La reseña no indica ninguna queja o problema con el producto, por lo que es probable que el comprador esté satisfecho y haya dado una calificación alta, aunque no ha probado el producto en sí mismo."""
es_0515040,4,4,5,"El reseñador expresa satisfacción con el precio y la velocidad de entrega, y aunque no ha probado el juego, se basa en vídeos y lo recomienda, lo que sugiere una experiencia positiva en general.","{""rating"": 5, ""reasoning"": ""El reseñador expresa satisfacción con el precio y la velocidad de entrega, y aunque no ha probado el juego, se basa en vídeos y lo recomienda, lo que sugiere una experiencia positiva en general.""}"
es_0532817,3,2,3,"La reseña indica que el producto cumple con las expectativas iniciales, pero el usuario tiene dudas sobre su durabilidad y rendimiento a largo plazo, lo que sugiere una calificación neutral o promedio.","{""rating"": 3, ""reasoning"": ""La reseña indica que el producto cumple con las expectativas iniciales, pero el usuario tiene dudas sobre su durabilidad y rendimiento a largo plazo, lo que sugiere una calificación neutral o promedio.""}"
es_0559590,0,1,2,"La reseña expresa insatisfacción con el rendimiento de la antena, mencionando que apenas amplifica y pierde señal, aunque reconoce que ocupa poco espacio y no encuentra alternativas más compactas.","{""rating"": 2, ""reasoning"": ""La reseña expresa insatisfacción con el rendimiento de la antena, mencionando que apenas amplifica y pierde señal, aunque reconoce que ocupa poco espacio y no encuentra alternativas más compactas.""}"
es_0934912,0,0,1,"El cliente expresa insatisfacción total con la compra, ya que el pedido nunca llegó después de 5 semanas de espera, lo que indica una experiencia muy negativa.","{""rating"": 1, ""reasoning"": ""El cliente expresa insatisfacción total con la compra, ya que el pedido nunca llegó después de 5 semanas de espera, lo que indica una experiencia muy negativa.""}"
es_0430632,4,4,5,"El cliente expresa satisfacción con el producto y menciona que encaja perfectamente, lo que sugiere una experiencia positiva y sin problemas.","{""rating"": 5, ""reasoning"": ""El cliente expresa satisfacción con el producto y menciona que encaja perfectamente, lo que sugiere una experiencia positiva y sin problemas.""}"
es_0110350,3,3,4,,"{""rating"": 4, ""reasoning"": ""El comprador está satisfecho con el producto y lo encuentra atractivo, pero tiene una queja menor relacionada con la falta de información sobre las medidas sin la tapa, lo que no parece ser un problema grave enough para"
es_0402097,0,0,1,"El reseñador utiliza un lenguaje muy negativo, como 'Muy malo', y no encuentra ningún aspecto positivo en el producto, ni siquiera considerando su bajo precio.","{""rating"": 1, ""reasoning"": ""El reseñador utiliza un lenguaje muy negativo, como 'Muy malo', y no encuentra ningún aspecto positivo en el producto, ni siquiera considerando su bajo precio.""}"
es_0411111,0,0,1,"El reseñador menciona que el producto es caro y de mala calidad, y que tiene defectos como grietas y pérdida, lo que indica una experiencia muy negativa con el producto y el proveedor.","{""rating"": 1, ""reasoning"": ""El reseñador menciona que el producto es caro y de mala calidad, y que tiene defectos como grietas y pérdida, lo que indica una experiencia muy negativa con el producto y el proveedor.""}"
es_0681217,0,0,1,"La reseña expresa insatisfacción total con el producto, mencionando que el gato le tiene miedo, no funciona correctamente y es demasiado grande, lo que sugiere una experiencia muy negativa.","{""rating"": 1, ""reasoning"": ""La reseña expresa insatisfacción total con el producto, mencionando que el gato le tiene miedo, no funciona correctamente y es demasiado grande, lo que sugiere una experiencia muy negativa.""}"
es_0736696,1,0,1,,"{""rating"": 1, ""reasoning"": ""El reseñador utiliza palabras como'mala calidad' y critica varios aspectos del producto, como ser de una sola cara, de baja calidad y tener una parte trasera de baja calidad, lo que indica una experiencia muy neg"
es_0351794,1,0,1,"La reseña expresa insatisfacción con la duración de los globos inflados con helio y la cantidad de globos que se pueden inflar, además de considerar el producto demasiado caro para su valor.","{""rating"": 1, ""reasoning"": ""La reseña expresa insatisfacción con la duración de los globos inflados con helio y la cantidad de globos que se pueden inflar, además de considerar el producto demasiado caro para su valor.""}"
es_0066257,2,0,1,"El cliente expresó insatisfacción con el producto, mencionando que es demasiado grande para su uso previsto y que lo devolvió, lo que indica una mala experiencia y una calificación baja.","{""rating"": 1, ""reasoning"": ""El cliente expresó insatisfacción con el producto, mencionando que es demasiado grande para su uso previsto y que lo devolvió, lo que indica una mala experiencia y una calificación baja.""}"
es_0610908,1,2,3,"El comprador recibió el artículo como se esperaba, pero tuvo problemas con el envío y la comunicación con el vendedor, lo que reduce su satisfacción con la compra.","{""rating"": 3, ""reasoning"": ""El comprador recibió el artículo como se esperaba, pero tuvo problemas con el envío y la comunicación con el vendedor, lo que reduce su satisfacción con la compra.""}"
es_0124255,0,0,1,,"{""rating"": 1, ""reasoning"": ""El comprador expresa una gran insatisfacción con el producto, calificándolo de estafa y mencionando que no cumple con lo que se promete en cuanto a la distancia de funcionamiento del mando a distancia,"
es_0604381,0,0,1,,"{""rating"": 1, ""reasoning"": ""La reseña utiliza un lenguaje muy negativo para describir la experiencia con el vendedor, mencionando problemas con la comunicación, la gestión y el trato, lo que indica una gran insatisfacción y falta"
es_0787935,3,4,5,"La reseña utiliza palabras y frases muy positivas como 'es bonita','magnifica', lo que indica una opinión muy favorable sobre el producto.","{""rating"": 5, ""reasoning"": ""La reseña utiliza palabras y frases muy positivas como 'es bonita','magnifica', lo que indica una opinión muy favorable sobre el producto.""}"
es_0792860,2,2,3,"La reseña es neutral y no expresa una opinión extremadamente positiva o negativa, el comprador parece satisfecho con el producto en relación con su precio y necesidades básicas","{""rating"": 3, ""reasoning"": ""La reseña es neutral y no expresa una opinión extremadamente positiva o negativa, el comprador parece satisfecho con el producto en relación con su precio y necesidades básicas""}"
es_0438163,0,0,1,"El reseñante expresa decepción y frustración con el producto, mencionando que no funciona y que no carga, lo que indica una experiencia muy negativa.","{""rating"": 1, ""reasoning"": ""El reseñante expresa decepción y frustración con el producto, mencionando que no funciona y que no carga, lo que indica una experiencia muy negativa.""}"
es_0704937,1,1,2,"La reseña expresa insatisfacción con el tamaño y el precio de los productos, pero menciona una característica positiva, lo que sugiere una calificación de 2 estrellas, que indica una experiencia mediocre.","{""rating"": 2, ""reasoning"": ""La reseña expresa insatisfacción con el tamaño y el precio de los productos, pero menciona una característica positiva, lo que sugiere una calificación de 2 estrellas, que indica una experiencia mediocre.""}"
es_0128253,2,0,1,"El reseñador utiliza un lenguaje muy negativo, destacando la mala calidad del producto tanto por fuera como por dentro, lo que indica una experiencia muy insatisfactoria.","{""rating"": 1, ""reasoning"": ""El reseñador utiliza un lenguaje muy negativo, destacando la mala calidad del producto tanto por fuera como por dentro, lo que indica una experiencia muy insatisfactoria.""}"
es_0995809,4,4,5,"La reseña es muy positiva, menciona la entrega rápida y que el producto encaja perfecto y es recomendable al 100%.","{""rating"": 5, ""reasoning"": ""La reseña es muy positiva, menciona la entrega rápida y que el producto encaja perfecto y es recomendable al 100%.""}"
es_0854889,1,0,1,,"{""rating"": 1, ""reasoning"": ""El reseñador expresa insatisfacción con el producto, mencionando que el adhesivo es insuficiente y de mala calidad, lo que lleva a que los protectores se despeguen fácilmente,"
es_0402708,4,4,5,,"{""rating"": 5, ""reasoning"": ""La reseña utiliza un lenguaje muy positivo, como 'Muy buena correa deportiva', 'perfecta','suave' y'muy flexible', lo que sugiere una gran satisfacción con el producto."""
es_0744344,4,4,5,"La reseña es breve pero positiva, indicando que el producto está en buen estado, lo que sugiere una experiencia de compra satisfactoria.","{""rating"": 5, ""reasoning"": ""La reseña es breve pero positiva, indicando que el producto está en buen estado, lo que sugiere una experiencia de compra satisfactoria.""}"
es_0917536,2,1,2,,"{""rating"": 2, ""reasoning"": ""La reseña expresa decepción con la cámara, específicamente la cámara frontal, lo que sugiere una experiencia negativa con el producto, pero no es una crítica total, por lo que se puede inferir una cal"
es_0272459,3,4,5,,"{""rating"": 5, ""reasoning"": ""El reseñador utiliza palabras y frases muy positivas como 'buena calidad', 'elegantes' y 'cumplen perfectamente con su misión', lo que sugiere una experiencia muy satisfactoria con el producto."""
es_0605761,0,0,1,,"{""rating"": 1, ""reasoning"": ""El reseñador utiliza un lenguaje muy negativo, como 'NO RECOMENDABLE' y menciona problemas específicos con el producto, como que las pinzas cortan los pelos, lo que indica una experiencia muy m"
es_0796132,4,4,5,"El lenguaje utilizado es muy positivo, con palabras como 'excelente' y 'enorme', lo que sugiere una opinión muy favorable del producto.","{""rating"": 5, ""reasoning"": ""El lenguaje utilizado es muy positivo, con palabras como 'excelente' y 'enorme', lo que sugiere una opinión muy favorable del producto.""}"
es_0357326,4,4,5,"La reseña es muy positiva y menciona que a la niña le ha encantado, lo que sugiere una experiencia muy satisfactoria.","{""rating"": 5, ""reasoning"": ""La reseña es muy positiva y menciona que a la niña le ha encantado, lo que sugiere una experiencia muy satisfactoria.""}"
es_0546789,0,0,1,"El producto no funcionó como se esperaba, el comprador no pudo hacer que la cámara funcionara y parece que el problema es con la conexión, lo que lleva a una experiencia muy negativa.","{""rating"": 1, ""reasoning"": ""El producto no funcionó como se esperaba, el comprador no pudo hacer que la cámara funcionara y parece que el problema es con la conexión, lo que lleva a una experiencia muy negativa.""}"
es_0170054,4,4,5,,"{""rating"": 5, ""reasoning"": ""El reseñador expresa una opinión muy positiva sobre el producto, mencionando que le ha gustado mucho y que lo recomendaría a sus amistades, lo que sugiere una calificación de 5 est"
es_0134891,2,2,3,,"{""rating"": 3, ""reasoning"": ""La reseña indica que el producto cumple su función, pero tiene algunos defectos, como la silicona visible y el problema con zapatos de punta estrecha, lo que lleva a una calificación neutral de 3"
es_0107282,3,2,3,,"{""rating"": 3, ""reasoning"": ""El reseñante encuentra el cubo plegable duradero, pero menciona una desventaja significativa: le cuesta mucho plegar el barreño, lo que sugiere una experiencia mixta y una calificación"
es_0021537,3,3,4,,"{""rating"": 4, ""reasoning"": ""El comprador está satisfecho con el producto, menciona que vale la pena por el precio, se pegan bien y resaltan, aunque tiene una reserva sobre la durabilidad a largo plazo, lo que sugiere una"
es_0371031,3,2,3,,"{""rating"": 3, ""reasoning"": ""La reseña menciona que el paquete de envío llegó en mal estado y abierto, lo que es un problema, pero también menciona que la calidad del producto es buena, lo que sugiere que el producto en sí"
es_0208302,2,2,3,,"{""rating"": 3, ""reasoning"": ""La reseña menciona que el producto tiene una calidad precio razonable y que la funda es buena, pero también menciona que los auriculares son incómodos debido a su tamaño, lo que sugiere una cal"
es_0741980,3,3,4,,"{""rating"": 4, ""reasoning"": ""El cliente está satisfecho con el producto, menciona que el material es bueno y que el embalaje es excelente, pero tiene una pequeña queja sobre el ancho del producto, lo que sugiere una calificación alta"
es_0499421,0,0,1,"El reseñador utiliza palabras como 'flojo' y menciona que el producto dejó de funcionar al poco tiempo, lo que indica una experiencia muy negativa.","{""rating"": 1, ""reasoning"": ""El reseñador utiliza palabras como 'flojo' y menciona que el producto dejó de funcionar al poco tiempo, lo que indica una experiencia muy negativa.""}"
es_0394317,1,3,4,,"{""rating"": 4, ""reasoning"": ""La reseña es generalmente positiva, el cliente está satisfecho con el producto, menciona que están \""genial\"" y \""son bonitas\"", aunque tiene algunas dificultades con la instalación y el ajuste"
es_0940674,4,4,5,"La reseña es breve y solo menciona aspectos positivos del producto, como la facilidad de instalación y la comodidad al conectar y desconectar, sin hacer ninguna crítica o comentario negativo.","{""rating"": 5, ""reasoning"": ""La reseña es breve y solo menciona aspectos positivos del producto, como la facilidad de instalación y la comodidad al conectar y desconectar, sin hacer ninguna crítica o comentario negativo.""}"
es_0304793,4,4,5,,"{""rating"": 5, ""reasoning"": ""El usuario está'super encantado' con el producto, lo recomienda y menciona varias ventajas, como la calidad-precio, el tamaño y el peso, lo que sugiere una experiencia muy positiva y una calificación má"
es_0511325,2,4,5,,"{""rating"": 5, ""reasoning"": ""El reseñante utiliza un lenguaje positivo, como 'Buen producto' y 'viene muy bien', lo que sugiere una opinión muy favorable sobre el libro, indicando una calificación de 5 estrellas"
es_0775187,1,0,1,,"{""rating"": 1, ""reasoning"": ""La reseña utiliza palabras como 'Mala calidad' y 'Baja calidad', y menciona varios defectos como el rajado y el olor desagradable, lo que indica una experiencia muy negativa con el producto."""
es_0291972,0,0,1,,"{""rating"": 1, ""reasoning"": ""El reseñador devuelve el producto, menciona varias desventajas como ángulo limitado, mala calidad de grabación y mal funcionamiento del sensor de movimiento, y explícitamente dice que no lo recomienda."""
es_0938468,1,0,1,"La reseña indica una experiencia negativa, ya que el usuario menciona un 'percance', lo que sugiere un problema o insatisfacción con el producto.","{""rating"": 1, ""reasoning"": ""La reseña indica una experiencia negativa, ya que el usuario menciona un 'percance', lo que sugiere un problema o insatisfacción con el producto.""}"
es_0097546,1,2,3,"El comprador no pudo valorar el producto porque no era para él, pero no expresó ninguna queja o insatisfacción, por lo que se asume una calificación neutral","{""rating"": 3, ""reasoning"": ""El comprador no pudo valorar el producto porque no era para él, pero no expresó ninguna queja o insatisfacción, por lo que se asume una calificación neutral""}"
es_0882371,2,1,2,,"{""rating"": 2, ""reasoning"": ""La reseña menciona que el producto es bonito, pero también menciona un problema significativo, como que se partió una mano después de solo dos días, lo que sugiere una mala calidad o durabilidad, lo que"
es_0294775,2,2,3,"La reseña es neutral, menciona un defecto en el producto pero también indica que no está mal, lo que sugiere una calificación media.","{""rating"": 3, ""reasoning"": ""La reseña es neutral, menciona un defecto en el producto pero también indica que no está mal, lo que sugiere una calificación media.""}"
es_0534650,2,2,3,"El comprador menciona un problema con el producto (ruido en modo silencioso), pero también comenta que por lo demás está bien, lo que sugiere una experiencia neutral y no extremadamente negativa o positiva.","{""rating"": 3, ""reasoning"": ""El comprador menciona un problema con el producto (ruido en modo silencioso), pero también comenta que por lo demás está bien, lo que sugiere una experiencia neutral y no extremadamente negativa o positiva.""}"
es_0675730,1,1,2,,"{""rating"": 2, ""reasoning"": ""El reseñador menciona que el dispositivo funciona, pero tiene problemas con saltos en los vídeos y no puede acceder a ciertas aplicaciones como HBO debido a limitaciones de Amazon, lo que reduce su funcionalidad y valor"
es_0065024,0,0,1,"El comprador indica que no ha recibido el producto y parece haber un error en el seguimiento del pedido, lo que sugiere una mala experiencia con la compra.","{""rating"": 1, ""reasoning"": ""El comprador indica que no ha recibido el producto y parece haber un error en el seguimiento del pedido, lo que sugiere una mala experiencia con la compra.""}"
es_0897817,4,4,5,"La reseña utiliza palabras positivas como'muy buena compra' y'recomendable', lo que indica una alta satisfacción con el producto.","{""rating"": 5, ""reasoning"": ""La reseña utiliza palabras positivas como'muy buena compra' y'recomendable', lo que indica una alta satisfacción con el producto.""}"
es_0824164,1,4,5,"El cliente menciona que pudo reparar el producto fácilmente y que quedó perfecto, lo que indica una alta satisfacción con la calidad y durabilidad del producto.","{""rating"": 5, ""reasoning"": ""El cliente menciona que pudo reparar el producto fácilmente y que quedó perfecto, lo que indica una alta satisfacción con la calidad y durabilidad del producto.""}"
es_0381424,1,1,2,,"{""rating"": 2, ""reasoning"": ""El comprador menciona que el producto cumple con su apariencia y tamaño, pero se siente decepcionado porque no incluía el látigo que se mencionaba en la descripción y el paquete, y consider"
es_0059394,3,2,3,"La reseña menciona tanto aspectos positivos (resistencia, capacidad para cargar celulares y recargar con luz solar) como negativos (peso, tamaño), lo que sugiere una calificación promedio.","{""rating"": 3, ""reasoning"": ""La reseña menciona tanto aspectos positivos (resistencia, capacidad para cargar celulares y recargar con luz solar) como negativos (peso, tamaño), lo que sugiere una calificación promedio.""}"
es_0739272,0,0,1,El producto no cumple con su función principal y el comprador expresa insatisfacción total con su compra.,"{""rating"": 1, ""reasoning"": ""El producto no cumple con su función principal y el comprador expresa insatisfacción total con su compra.""}"
es_0483991,4,4,5,"El reseñador utiliza un lenguaje positivo, como'se ve genial' y 'tiene buen sonido', lo que indica una alta satisfacción con el producto y el vendedor.","{""rating"": 5, ""reasoning"": ""El reseñador utiliza un lenguaje positivo, como'se ve genial' y 'tiene buen sonido', lo que indica una alta satisfacción con el producto y el vendedor.""}"
es_0632661,2,0,1,,"{""rating"": 1, ""reasoning"": ""El cliente expresa una gran decepción con el producto, mencionando que no alcanza las temperaturas esperadas y que las potencias más bajas casi no calientan, lo que sugiere un rendimiento deficiente en compar"
es_0257951,2,0,1,,"{""rating"": 1, ""reasoning"": ""La reseña menciona varios problemas con el producto, incluyendo la mala calidad de los LEDs, incompatibilidad con controladores RGB de otros fabricantes y un adhesivo que se despega rápidamente, lo"
es_0712995,4,4,5,"La reseña utiliza palabras y frases positivas como 'Buen producto','muy agradable' y 'Buena compra', lo que indica una opinión muy favorable del producto.","{""rating"": 5, ""reasoning"": ""La reseña utiliza palabras y frases positivas como 'Buen producto','muy agradable' y 'Buena compra', lo que indica una opinión muy favorable del producto.""}"
es_0844475,2,2,3,,"{""rating"": 3, ""reasoning"": ""La reseña menciona que el producto es más pequeño de lo esperado, lo que es un punto negativo, pero también destaca que la calidad es buena, lo que es un punto positivo, lo que sugiere una"
es_0304184,3,4,5,"El lenguaje utilizado es positivo, destacando que el articulo es bueno, muy calido y ajustado, lo que sugiere una alta satisfacción del cliente.","{""rating"": 5, ""reasoning"": ""El lenguaje utilizado es positivo, destacando que el articulo es bueno, muy calido y ajustado, lo que sugiere una alta satisfacción del cliente.""}"
es_0304782,4,4,5,,"{""rating"": 5, ""reasoning"": ""La reseña utiliza palabras como 'Perfecto' dos veces, lo que indica una gran satisfacción con el producto, y también menciona que es'muy facil de instalar' y 'queda muy bien', lo que sugiere"
es_0979457,3,3,4,,"{""rating"": 4, ""reasoning"": ""La reseña indica que el producto funciona bien en general, pero tiene algunos inconvenientes menores, como los adhesivos defectuosos y la imposibilidad de escuchar música o indicaciones del GPS mientras se habla con"
es_0716362,2,2,3,,"{""rating"": 3, ""reasoning"": ""La reseña destaca algunos aspectos positivos como la facilidad de instalación, la claridad del sonido y la buena relación calidad/precio, pero también menciona varios puntos negativos como la poca potencia de los"
es_0955849,2,3,4,,"{""rating"": 4, ""reasoning"": ""El reseñador está satisfecho con el funcionamiento del producto, aunque menciona algunas limitaciones en cuanto a la calidad y el acabado, pero considera que es una buena opción para su precio y funcionalidad."""
es_0377439,0,0,1,"El reseñador utiliza un lenguaje muy negativo, como 'No recomendable' y menciona que el producto no cumple con su función, lo que indica una experiencia muy mala con el producto.","{""rating"": 1, ""reasoning"": ""El reseñador utiliza un lenguaje muy negativo, como 'No recomendable' y menciona que el producto no cumple con su función, lo que indica una experiencia muy mala con el producto.""}"
es_0478123,3,3,4,,"{""rating"": 4, ""reasoning"": ""El reseñador está satisfecho con el producto en general, mencionando que se ajusta a la descripción, tiene un buen precio y es muy bonito, pero encuentra una pequeña pega con las alas artic"
es_0010072,4,4,5,"El comprador está encantada con el producto y lo considera una buena calidad, especialmente considerando el bajo precio de menos de 15 euros, y su hijo de 4 años también lo disfruta.","{""rating"": 5, ""reasoning"": ""El comprador está encantada con el producto y lo considera una buena calidad, especialmente considerando el bajo precio de menos de 15 euros, y su hijo de 4 años también lo disfruta.""}"
es_0913267,1,2,3,"El comprador está satisfecho con el producto en sí, pero menciona un problema con la entrega, lo que sugiere una experiencia neutral o promedio.","{""rating"": 3, ""reasoning"": ""El comprador está satisfecho con el producto en sí, pero menciona un problema con la entrega, lo que sugiere una experiencia neutral o promedio.""}"
es_0993926,3,4,5,"La reseña es breve pero positiva, destacando la utilidad y la simplicidad del producto, lo que sugiere una experiencia muy satisfactoria.","{""rating"": 5, ""reasoning"": ""La reseña es breve pero positiva, destacando la utilidad y la simplicidad del producto, lo que sugiere una experiencia muy satisfactoria.""}"
es_0906723,4,4,5,,"{""rating"": 5, ""reasoning"": ""La reseñadora expresa una gran satisfacción con su compra, mencionando que es la mejor que ha hecho en Amazon y que el producto sigue en buen estado después de más de dos años, lo que indica una experiencia muy posit"
es_0181037,0,0,1,"El reseñador expresa insatisfacción con el material y la calidad del producto, mencionando que se dañó después de solo dos usos, lo que indica una experiencia muy negativa.","{""rating"": 1, ""reasoning"": ""El reseñador expresa insatisfacción con el material y la calidad del producto, mencionando que se dañó después de solo dos usos, lo que indica una experiencia muy negativa.""}"
es_0485235,3,3,4,,"{""rating"": 4, ""reasoning"": ""La reseña es generalmente positiva, mencionando que el artículo es 'precioso' y que el tamaño y claridad de las bolas son 'ok'. La única crítica es sobre la caja, pero no parece"
es_0889491,4,4,5,,"{""rating"": 5, ""reasoning"": ""La reseña es muy positiva, menciona que el producto es sencillo y práctico, que el montaje fue más fácil de lo esperado, y que viene con todas las piezas necesarias, lo que indica"
es_0170691,3,4,5,"El cliente utiliza palabras como 'genial' e 'inmejorable' para describir el producto y el servicio de entrega, lo que indica una experiencia muy positiva y satisfactoria.","{""rating"": 5, ""reasoning"": ""El cliente utiliza palabras como 'genial' e 'inmejorable' para describir el producto y el servicio de entrega, lo que indica una experiencia muy positiva y satisfactoria.""}"
es_0480716,0,0,1,"El producto no cumple con las expectativas del comprador, quien menciona que no puede utilizarlo para su propósito original, lo que indica una experiencia negativa y una calificación baja.","{""rating"": 1, ""reasoning"": ""El producto no cumple con las expectativas del comprador, quien menciona que no puede utilizarlo para su propósito original, lo que indica una experiencia negativa y una calificación baja.""}"
es_0463211,2,4,5,"La reseña indica que 'todo es perfecto', lo que sugiere una experiencia muy positiva, aunque el comprador aún no ha utilizado el producto.","{""rating"": 5, ""reasoning"": ""La reseña indica que 'todo es perfecto', lo que sugiere una experiencia muy positiva, aunque el comprador aún no ha utilizado el producto.""}"
es_0344907,1,0,1,"El cliente expresa insatisfacción con el producto porque no cumple con su expectativa de enfriar la estancia, solo funciona como ventilador.","{""rating"": 1, ""reasoning"": ""El cliente expresa insatisfacción con el producto porque no cumple con su expectativa de enfriar la estancia, solo funciona como ventilador.""}"
es_0719223,1,0,1,"El comprador recibió el producto en un sobre de terciopelo azul en lugar de su caja original, lo que le hizo dudar de su autenticidad y decidió devolverlo.","{""rating"": 1, ""reasoning"": ""El comprador recibió el producto en un sobre de terciopelo azul en lugar de su caja original, lo que le hizo dudar de su autenticidad y decidió devolverlo.""}"
es_0493523,0,0,1,,"{""rating"": 1, ""reasoning"": ""El cliente expresa una gran decepción con el producto, mencionando varios defectos y problemas con la cámara y sus aplicaciones, lo que no justifica el precio pagado, lo que sugiere una calificación muy baja."""
es_0144980,2,2,3,"El cliente está satisfecho en general, pero tiene una queja específica sobre el cortador de tartas, lo que sugiere una experiencia mediocre y una calificación de 3 estrellas.","{""rating"": 3, ""reasoning"": ""El cliente está satisfecho en general, pero tiene una queja específica sobre el cortador de tartas, lo que sugiere una experiencia mediocre y una calificación de 3 estrellas.""}"
es_0209524,2,1,2,"El producto tiene un efecto negativo en el pelo del usuario, dejándolo seco y encrespado, lo que sugiere una experiencia insatisfactoria.","{""rating"": 2, ""reasoning"": ""El producto tiene un efecto negativo en el pelo del usuario, dejándolo seco y encrespado, lo que sugiere una experiencia insatisfactoria.""}"
es_0007325,0,0,1,"El comprador expresa insatisfacción con la entrega tardía y la mala calidad de las chupas de sujeción, lo que sugiere una experiencia muy negativa con el producto.","{""rating"": 1, ""reasoning"": ""El comprador expresa insatisfacción con la entrega tardía y la mala calidad de las chupas de sujeción, lo que sugiere una experiencia muy negativa con el producto.""}"
es_0321037,2,2,3,"La reseña menciona que el kit es completo y dio mucho juego, pero critica la calidad del material y su durabilidad, lo que sugiere una calificación media.","{""rating"": 3, ""reasoning"": ""La reseña menciona que el kit es completo y dio mucho juego, pero critica la calidad del material y su durabilidad, lo que sugiere una calificación media.""}"
es_0338932,3,3,4,,"{""rating"": 4, ""reasoning"": ""El reseñador utiliza términos positivos como'sobrio', 'tacto agradable','se adapta perfectamente' y 'protección satisfactoria', lo que sugiere una opinión muy favorable,"
es_0935205,0,1,2,"La reseña menciona que los productos son bonitos, pero el peso es un problema significativo, lo que sugiere una calificación media-baja","{""rating"": 2, ""reasoning"": ""La reseña menciona que los productos son bonitos, pero el peso es un problema significativo, lo que sugiere una calificación media-baja""}"
es_0824620,1,1,2,,"{""rating"": 2, ""reasoning"": ""El reseñador menciona que el producto es silencioso, pero critica su precio y calidad de materiales, indicando que no vale lo que cuesta, lo que sugiere una calificación baja pero no la mínima"
es_0067497,0,0,1,,"{""rating"": 1, ""reasoning"": ""La reseña utiliza un lenguaje muy negativo, como 'estafa de empresa', y describe una experiencia muy mala con el servicio al cliente y la entrega del pedido, lo que sugiere una calificación de 1 est"
es_0114295,0,0,1,"La reseña expresa una opinión muy negativa sobre el producto, indicando que no cumple con su función principal de quitar los puntos negros, lo que sugiere una calificación de estrellas muy baja.","{""rating"": 1, ""reasoning"": ""La reseña expresa una opinión muy negativa sobre el producto, indicando que no cumple con su función principal de quitar los puntos negros, lo que sugiere una calificación de estrellas muy baja.""}"
es_0023378,3,3,4,"La reseña es positiva, menciona que el producto funciona bien y ha mejorado la calidad del sueño, además de ofrecer variedad de sonidos, lo que sugiere una experiencia satisfactoria.","{""rating"": 4, ""reasoning"": ""La reseña es positiva, menciona que el producto funciona bien y ha mejorado la calidad del sueño, además de ofrecer variedad de sonidos, lo que sugiere una experiencia satisfactoria.""}"
es_0306105,4,3,4,,"{""rating"": 4, ""reasoning"": ""La reseña es breve y positiva, mencionando la buena calidad y precio del producto, lo que sugiere una experiencia satisfactoria y una calificación alta, pero no perfecta debido a la falta de detalles y entus"
es_0725480,3,2,3,,"{""rating"": 3, ""reasoning"": ""El reseñante describe el producto como práctico, lo que sugiere que tiene aspectos positivos, pero también lo califica de endeble, lo que implica una crítica negativa, lo que lleva a una"
es_0478961,0,0,1,"La reseña es muy negativa, menciona que la funda se rompe inmediatamente y no la recomienda, lo que indica una mala experiencia con el producto.","{""rating"": 1, ""reasoning"": ""La reseña es muy negativa, menciona que la funda se rompe inmediatamente y no la recomienda, lo que indica una mala experiencia con el producto.""}"
es_0968785,0,0,1,,"{""rating"": 1, ""reasoning"": ""El cliente expresa insatisfacción total con su pedido, mencionando que las piezas entregadas no eran las correctas y que el pedido resultó inútil, lo que sugiere una mala experiencia y justifica la"
es_0709873,3,3,4,,"{""rating"": 4, ""reasoning"": ""El reseñador está satisfecho con la apariencia y variedad de los accesorios, pero expresa una reserva sobre la durabilidad a largo plazo, lo que sugiere una calificación positiva pero no"
es_0675755,2,2,3,,"{""rating"": 3, ""reasoning"": ""La reseña destaca aspectos tanto positivos como negativos del producto, como la calidad del brazo, la funcionalidad y la regulación de la dureza, pero también menciona defectos de fabricación y limit"
es_0418527,0,0,1,"El lenguaje utilizado es muy negativo, comparando el producto con algo tan ineficaz como la pasta de dientes para limpiar, lo que indica una gran insatisfacción con el producto.","{""rating"": 1, ""reasoning"": ""El lenguaje utilizado es muy negativo, comparando el producto con algo tan ineficaz como la pasta de dientes para limpiar, lo que indica una gran insatisfacción con el producto.""}"
es_0749598,1,0,1,"El producto duró solo una semana, lo que indica una falta de durabilidad y calidad, lo que sugiere una calificación baja","{""rating"": 1, ""reasoning"": ""El producto duró solo una semana, lo que indica una falta de durabilidad y calidad, lo que sugiere una calificación baja""}"
es_0644590,1,1,2,,"{""rating"": 2, ""reasoning"": ""El reseñador menciona varios problemas con el producto, como la incompatibilidad con cargadores de móvil y la duración escasa de la batería, lo que indica una experiencia negativa, pero también menciona un"
es_0240020,1,0,1,"El producto no cumple con las expectativas del comprador, específicamente carece de aire frío, lo que es considerado un requisito indispensable, y además se considera caro para lo que ofrece.","{""rating"": 1, ""reasoning"": ""El producto no cumple con las expectativas del comprador, específicamente carece de aire frío, lo que es considerado un requisito indispensable, y además se considera caro para lo que ofrece.""}"
es_0067329,3,3,4,,"{""rating"": 4, ""reasoning"": ""El cliente parece satisfecho con el producto, menciona que se ve como en la foto, es bonito y práctico, y aunque no es barato, considera que el precio es razonable, lo que sug"
es_0995273,1,0,1,,"{""rating"": 1, ""reasoning"": ""El cliente expresa insatisfacción con el producto, mencionando que no cumple con su función principal de proteger el dispositivo, específicamente la parte trasera y la cámara, lo que sugiere una mala calidad o diseño"
es_0114427,3,2,3,,"{""rating"": 3, ""reasoning"": ""La reseña tiene un comentario negativo sobre el tamaño del producto, pero también menciona que es perfecto para dar masajes e hidratar la piel, lo que sugiere que el producto en sí mismo es útil y efect"
es_0860940,0,0,1,"El cliente indica que su pedido no ha sido entregado como se esperaba, lo que sugiere una mala experiencia con la compra y el servicio de entrega.","{""rating"": 1, ""reasoning"": ""El cliente indica que su pedido no ha sido entregado como se esperaba, lo que sugiere una mala experiencia con la compra y el servicio de entrega.""}"
es_0926731,4,4,5,"La reseña utiliza palabras positivas como 'Muy bueno' y destaca características del producto como'muy luminoso', lo que sugiere una opinión muy favorable del comprador.","{""rating"": 5, ""reasoning"": ""La reseña utiliza palabras positivas como 'Muy bueno' y destaca características del producto como'muy luminoso', lo que sugiere una opinión muy favorable del comprador.""}"
es_0555368,4,4,5,"La reseña utiliza un lenguaje muy positivo, como 'Está muy bien' y 'le gusta mucho', lo que indica una alta satisfacción con el producto.","{""rating"": 5, ""reasoning"": ""La reseña utiliza un lenguaje muy positivo, como 'Está muy bien' y 'le gusta mucho', lo que indica una alta satisfacción con el producto.""}"
es_0349088,2,2,3,"La reseña menciona tanto aspectos positivos (son bonitas, relación calidad precio aceptable) como negativos (se despegan con facilidad), lo que sugiere una calificación media.","{""rating"": 3, ""reasoning"": ""La reseña menciona tanto aspectos positivos (son bonitas, relación calidad precio aceptable) como negativos (se despegan con facilidad), lo que sugiere una calificación media.""}"
es_0624242,4,4,5,,"{""rating"": 5, ""reasoning"": ""El lenguaje utilizado es muy positivo, con palabras como 'Genial' y 'Muy bien', y se menciona que el producto ha sido muy efectivo para la hija del comprador, lo que sugiere una experiencia"
es_0818784,2,2,3,,"{""rating"": 3, ""reasoning"": ""La reseña menciona una entrega rápida y que les ha encantado el producto, pero también menciona que ha llegado con una pequeña raja y está rota, lo que indica una experiencia mixta y una cal"
es_0707566,1,0,1,,"{""rating"": 1, ""reasoning"": ""El reseñante utiliza un lenguaje muy negativo, como 'Muy malo', y menciona varios problemas con el producto, como la falta de humectación, la inexactitud del nivel de humedad y el"
es_0386809,2,1,2,,"{""rating"": 2, ""reasoning"": ""El reseñador expresa dudas sobre la calidad del producto, mencionando que el corcho es fino y cuestiona su resistencia, lo que sugiere una experiencia neutral o ligeramente negativa, pero no extrem"
es_0522445,2,2,3,,"{""rating"": 3, ""reasoning"": ""El reseñador menciona aspectos positivos como la facilidad de montaje e instalación, pero también destaca aspectos negativos como la endeblez del producto y el caudal de agua justo, lo que sug"
es_0144567,1,1,2,,"{""rating"": 2, ""reasoning"": ""La reseña menciona que la pulsera es bonita, pero tiene un problema con el cierre que se abre con facilidad, lo que genera inseguridad y riesgo de perderla, por lo que el usuario le"
es_0336824,0,0,1,"El cliente expresa insatisfacción total con el producto, mencionando que solo duró tres meses y presenta el mismo problema que tenía antes, lo que indica una baja calidad y falta de durabilidad.","{""rating"": 1, ""reasoning"": ""El cliente expresa insatisfacción total con el producto, mencionando que solo duró tres meses y presenta el mismo problema que tenía antes, lo que indica una baja calidad y falta de durabilidad.""}"
es_0816541,1,1,2,,"{""rating"": 2, ""reasoning"": ""La reseña expresa insatisfacción con el producto, mencionando que es incómodo de usar y que no cumple con las expectativas en cuanto a corte exacto, lo que sugiere una calificación baja,"
es_0437534,1,1,2,,"{""rating"": 2, ""reasoning"": ""El reseñador expresa decepción con el producto, mencionando que no cumple con sus expectativas en cuanto a iluminación, lo que sugiere una calificación baja, pero no la más baja, ya que no"
es_0657233,4,4,5,,"{""rating"": 5, ""reasoning"": ""La reseña es muy positiva, destacando los beneficios del producto como su variedad de rotuladores, secado rápido, resistencia a golpes y facilidad de uso, además de recomendarlo sin duda."""
es_0941827,3,1,2,,"{""rating"": 2, ""reasoning"": ""La reseña es breve y menciona una característica positiva ('La precisión'), pero también expresa insatisfacción con el tiempo de entrega ('Ha tardado demasiado tiempo'), lo que sugiere una calificación promedio."""
es_0198286,1,0,1,,"{""rating"": 1, ""reasoning"": ""El reseñador expresa insatisfacción con el producto, mencionando que no funciona bien con ninguna sierra, es muy aparatoso, consume mucho tiempo y no logra hacer líneas rectas, lo que indica una"
es_0117629,1,4,5,,"{""rating"": 5, ""reasoning"": ""El lenguaje utilizado es positivo y entusiasta, con frases como 'Vuela alto' y 'La bateria aguanta', lo que sugiere que el producto ha superado las expectativas del usuario. Además,"
es_0741364,4,4,5,"La reseña es breve pero indica satisfacción con la calidad del producto y la velocidad de entrega, lo que sugiere una experiencia positiva y una calificación alta.","{""rating"": 5, ""reasoning"": ""La reseña es breve pero indica satisfacción con la calidad del producto y la velocidad de entrega, lo que sugiere una experiencia positiva y una calificación alta.""}"
es_0236500,4,4,5,"La reseña es breve pero muy positiva, utilizando palabras como 'Perfecto' y mencionando que cumple su objetivo y es fácil de instalar, lo que sugiere una experiencia completamente satisfactoria.","{""rating"": 5, ""reasoning"": ""La reseña es breve pero muy positiva, utilizando palabras como 'Perfecto' y mencionando que cumple su objetivo y es fácil de instalar, lo que sugiere una experiencia completamente satisfactoria.""}"
es_0703242,3,3,4,,"{""rating"": 4, ""reasoning"": ""El cliente está satisfecho con el producto, menciona que es fácil de instalar y que la cantidad de luz es suficiente, aunque sugiere que los materiales podrían ser mejores. Sin embargo, considera que la calidad"
es_0253136,3,4,5,,"{""rating"": 5, ""reasoning"": ""La reseña expresa satisfacción con el tamaño del bolso, que fue mayor de lo esperado, y también comenta que el diseño es bonito y no tiene muchos fallos de impresión, lo que sugiere una experiencia"
es_0732282,3,3,4,,"{""rating"": 4, ""reasoning"": ""El comprador está satisfecho con el producto ya que cumple con lo que indica y se ajusta al teléfono, pero menciona que en el futuro buscará uno con un cierre más cómodo, lo que sugiere"
es_0005853,0,0,1,"El producto no coincide con la descripción, lo que generó insatisfacción y devolución del mismo.","{""rating"": 1, ""reasoning"": ""El producto no coincide con la descripción, lo que generó insatisfacción y devolución del mismo.""}"
es_0747911,4,4,5,"La reseña es muy positiva, destacando la calidad y el precio del producto como'muy buena', lo que sugiere una alta satisfacción del cliente.","{""rating"": 5, ""reasoning"": ""La reseña es muy positiva, destacando la calidad y el precio del producto como'muy buena', lo que sugiere una alta satisfacción del cliente.""}"
es_0376323,2,4,5,,"{""rating"": 5, ""reasoning"": ""La reseña es muy positiva, menciona que la instalación es rápida y sencilla, y que la relación calidad-precio es buena, lo que sugiere que el producto ha cumplido con las expectativas del cliente"
es_0355455,0,0,1,"El cliente recibió un producto incorrecto, lo que indica una falla en el proceso de cumplimiento del pedido, y expresa insatisfacción con la experiencia.","{""rating"": 1, ""reasoning"": ""El cliente recibió un producto incorrecto, lo que indica una falla en el proceso de cumplimiento del pedido, y expresa insatisfacción con la experiencia.""}"
es_0627305,4,4,5,"El comprador expresa satisfacción con el producto, mencionando su calidad y potencia, y también comenta que se ha cargado rápidamente, lo que sugiere que está muy contento con su compra.","{""rating"": 5, ""reasoning"": ""El comprador expresa satisfacción con el producto, mencionando su calidad y potencia, y también comenta que se ha cargado rápidamente, lo que sugiere que está muy contento con su compra.""}"
es_0654753,1,0,1,"El producto causa irritación en la piel y requiere muchas pasadas, lo que indica una mala experiencia del usuario y una baja calificación.","{""rating"": 1, ""reasoning"": ""El producto causa irritación en la piel y requiere muchas pasadas, lo que indica una mala experiencia del usuario y una baja calificación.""}"
es_0722171,3,2,3,"La reseña es mixta, el cliente está satisfecho con el color natural del producto, pero critica la cantidad y la duración del mismo, lo que sugiere una calificación promedio.","{""rating"": 3, ""reasoning"": ""La reseña es mixta, el cliente está satisfecho con el color natural del producto, pero critica la cantidad y la duración del mismo, lo que sugiere una calificación promedio.""}"
es_0527449,1,0,1,"El reseñador expresa frustración y descontento con el producto, mencionando problemas de funcionalidad y falta de instrucciones, lo que sugiere una experiencia muy negativa.","{""rating"": 1, ""reasoning"": ""El reseñador expresa frustración y descontento con el producto, mencionando problemas de funcionalidad y falta de instrucciones, lo que sugiere una experiencia muy negativa.""}"
es_0770722,1,1,2,,"{""rating"": 2, ""reasoning"": ""La reseña indica que el producto cumple con sus funciones básicas, pero el proceso de abrirlo es extremadamente difícil, lo que sugiere una experiencia del cliente mediocre y, por lo tanto, una calificación de 2 est"
es_0091861,1,2,3,"La reseña menciona tanto aspectos positivos (buena cantidad de carga) como negativos (mucho peso y grosor), lo que sugiere una calificación neutral o promedio.","{""rating"": 3, ""reasoning"": ""La reseña menciona tanto aspectos positivos (buena cantidad de carga) como negativos (mucho peso y grosor), lo que sugiere una calificación neutral o promedio.""}"
es_0043207,0,0,1,,"{""rating"": 1, ""reasoning"": ""El cliente está muy insatisfecho con la experiencia de reparación del producto y critica a Amazon por vender un modelo que no es compatible con el servicio de reparación en España, lo que indica una mala experiencia general con la"
es_0887353,2,2,3,,"{""rating"": 3, ""reasoning"": ""La reseña destaca la buena calidad de la cápsula y su compatibilidad con la máquina Nespresso, pero critica la cuchara incluida y el sabor del café resultante, que es más diluido debido"
es_0438094,3,3,4,,"{""rating"": 4, ""reasoning"": ""La reseña es generalmente positiva, menciona que el producto es perfecto para aprender y divertirse, pero tiene una pequeña crítica sobre la dificultad para los niños pequeños de abrir el candado, lo que"
es_0379701,3,4,5,"La reseña es muy positiva, destacando que el producto es bueno y tiene un buen precio, y que el envío fue perfecto, lo que sugiere una experiencia de compra muy satisfactoria.","{""rating"": 5, ""reasoning"": ""La reseña es muy positiva, destacando que el producto es bueno y tiene un buen precio, y que el envío fue perfecto, lo que sugiere una experiencia de compra muy satisfactoria.""}"
es_0479728,0,0,1,"La reseña es extremadamente negativa, indicando que el producto no cumple con las expectativas del comprador en cuanto a su fragancia, lo que sugiere una experiencia muy insatisfactoria.","{""rating"": 1, ""reasoning"": ""La reseña es extremadamente negativa, indicando que el producto no cumple con las expectativas del comprador en cuanto a su fragancia, lo que sugiere una experiencia muy insatisfactoria.""}"
es_0276660,3,2,3,,"{""rating"": 3, ""reasoning"": ""La reseña es breve y simplemente indica que el producto cumple su función, lo que sugiere una opinión neutral o moderadamente positiva, pero sin entusiasmo o comentarios adicionales que justifiquen una cal"
es_0690942,3,4,5,"La reseña es breve y positiva, indicando que el producto cumple con su propósito y no tiene problemas, lo que sugiere una calificación máxima.","{""rating"": 5, ""reasoning"": ""La reseña es breve y positiva, indicando que el producto cumple con su propósito y no tiene problemas, lo que sugiere una calificación máxima.""}"
es_0452970,2,1,2,"El comprador expresa decepción con el producto, mencionando que no ve una mejora significativa en comparación con el producto anterior que utilizaba, y critica el precio más alto.","{""rating"": 2, ""reasoning"": ""El comprador expresa decepción con el producto, mencionando que no ve una mejora significativa en comparación con el producto anterior que utilizaba, y critica el precio más alto.""}"
es_0019844,4,4,5,"El reseñador utiliza un lenguaje muy positivo, como'muy buena calidad' y 'compra totalmente recomendable', lo que indica una gran satisfacción con el producto.","{""rating"": 5, ""reasoning"": ""El reseñador utiliza un lenguaje muy positivo, como'muy buena calidad' y 'compra totalmente recomendable', lo que indica una gran satisfacción con el producto.""}"
es_0593368,1,1,2,,"{""rating"": 2, ""reasoning"": ""El cliente expresa insatisfacción con la durabilidad y el diseño del producto, mencionando que una parte dejó de funcionar después de poco más de un año y que los botones son incómodos, pero reconoce"
es_0313567,2,4,5,"La reseña utiliza palabras como 'genial' y'muy original', lo que indica una opinión muy positiva sobre el producto.","{""rating"": 5, ""reasoning"": ""La reseña utiliza palabras como 'genial' y'muy original', lo que indica una opinión muy positiva sobre el producto.""}"
es_0672759,2,2,3,,"{""rating"": 3, ""reasoning"": ""La reseña menciona que el producto cumple bien y es bonito, pero también tiene defectos como la falta de compartimentos interiores y un olor desagradable que persiste después de un mes, lo que sug"
es_0552377,1,1,2,"El producto es descrito como muy básico y propenso a fallos, lo que indica una mala experiencia del usuario, pero no es completamente inutilizable","{""rating"": 2, ""reasoning"": ""El producto es descrito como muy básico y propenso a fallos, lo que indica una mala experiencia del usuario, pero no es completamente inutilizable""}"
es_0935231,4,4,5,,"{""rating"": 5, ""reasoning"": ""El reseñador menciona que valora el producto con cinco estrellas, lo que indica una gran satisfacción con la compra, y solo menciona una mejora menor en el mando del freno, pero no afecta su"
es_0241793,0,0,1,,"{""rating"": 1, ""reasoning"": ""El cliente se sintió estafado porque no recibió el producto solicitado y solo le reembolsaron el precio mínimo de 0,01, pero no los gastos de envío, lo que indica una mala experiencia y"
es_0811721,0,0,1,"El reseñador expresa una experiencia extremadamente negativa, utilizando palabras como 'estafa' y 'no compreis', lo que indica un alto nivel de insatisfacción y frustración con la compra.","{""rating"": 1, ""reasoning"": ""El reseñador expresa una experiencia extremadamente negativa, utilizando palabras como 'estafa' y 'no compreis', lo que indica un alto nivel de insatisfacción y frustración con la compra.""}"
es_0330557,4,4,5,"La reseña menciona que el niño disfrutó mucho del libro y que el comprador volverá a comprar otro, lo que indica una experiencia muy positiva y satisfactoria.","{""rating"": 5, ""reasoning"": ""La reseña menciona que el niño disfrutó mucho del libro y que el comprador volverá a comprar otro, lo que indica una experiencia muy positiva y satisfactoria.""}"
es_0455650,4,4,5,"El reseñador utiliza palabras como 'genial' y menciona que el libro es tan bueno que compró todos los demás de la serie, lo que indica una opinión muy positiva.","{""rating"": 5, ""reasoning"": ""El reseñador utiliza palabras como 'genial' y menciona que el libro es tan bueno que compró todos los demás de la serie, lo que indica una opinión muy positiva.""}"
es_0738636,0,0,1,,"{""rating"": 1, ""reasoning"": ""El reseñador expresa insatisfacción con el vendedor, calificándolo de 'poco responsable' y 'poco serio', y menciona que el proceso de devolución fue un 'dolor de cabeza',"
es_0583222,4,4,5,"La reseña es breve pero positiva, menciona que el producto es útil, el material parece robusto y llegó a tiempo, lo que sugiere una experiencia satisfactoria y una calificación alta.","{""rating"": 5, ""reasoning"": ""La reseña es breve pero positiva, menciona que el producto es útil, el material parece robusto y llegó a tiempo, lo que sugiere una experiencia satisfactoria y una calificación alta.""}"
es_0963605,2,1,2,"La reseña describe el producto como'regular' y menciona una carencia específica (falta de tapa protectora), lo que sugiere una calificación mediocre, pero no extremadamente negativa.","{""rating"": 2, ""reasoning"": ""La reseña describe el producto como'regular' y menciona una carencia específica (falta de tapa protectora), lo que sugiere una calificación mediocre, pero no extremadamente negativa.""}"
es_0153109,2,2,3,"La reseña es neutral, menciona aspectos positivos como la calidad de los dibujos, pero también un aspecto negativo como la cantidad de páginas, aunque considera que el precio es razonable.","{""rating"": 3, ""reasoning"": ""La reseña es neutral, menciona aspectos positivos como la calidad de los dibujos, pero también un aspecto negativo como la cantidad de páginas, aunque considera que el precio es razonable.""}"
es_0805029,3,3,4,,"{""rating"": 4, ""reasoning"": ""La reseña destaca la buena relación calidad/precio, la utilidad del producto y su idoneidad como regalo, pero menciona algunas desventajas menores como la incomodidad al sacar y meter tarjetas"
es_0817640,2,2,3,"La reseñadora compara el producto de manera positiva con otros, pero no ha utilizado el producto aún, por lo que no puede dar una valoración completa y definitiva.","{""rating"": 3, ""reasoning"": ""La reseñadora compara el producto de manera positiva con otros, pero no ha utilizado el producto aún, por lo que no puede dar una valoración completa y definitiva.""}"
es_0327221,3,4,5,"La reseña utiliza un lenguaje muy positivo, como 'Acierto total' y'muy recomendable', lo que sugiere una opinión extremadamente favorable del producto.","{""rating"": 5, ""reasoning"": ""La reseña utiliza un lenguaje muy positivo, como 'Acierto total' y'muy recomendable', lo que sugiere una opinión extremadamente favorable del producto.""}"
es_0930172,2,1,2,,"{""rating"": 2, ""reasoning"": ""La reseña menciona un problema específico con el producto, lo que sugiere insatisfacción, pero no utiliza un lenguaje extremadamente negativo, lo que indica que el problema no es grave enough para merecer la cal"
es_0849831,2,4,5,"La reseña es breve pero indica que el producto cumple con las expectativas (la descripción es ajustada) y que su hija está satisfecha con el producto, lo que sugiere una experiencia muy positiva.","{""rating"": 5, ""reasoning"": ""La reseña es breve pero indica que el producto cumple con las expectativas (la descripción es ajustada) y que su hija está satisfecha con el producto, lo que sugiere una experiencia muy positiva.""}"
es_0795072,1,1,2,"El comprador está insatisfecho con el artículo debido a un defecto de fabricación, pero reconoce que el artículo parece de buena calidad, lo que sugiere que la calificación no es la más baja posible.","{""rating"": 2, ""reasoning"": ""El comprador está insatisfecho con el artículo debido a un defecto de fabricación, pero reconoce que el artículo parece de buena calidad, lo que sugiere que la calificación no es la más baja posible.""}"
es_0071966,2,2,3,,"{""rating"": 3, ""reasoning"": ""La reseña menciona aspectos positivos como el material y el motor, pero también destaca varios puntos negativos, como la incomodidad de tener que enchufar y desenchufar la batidora y la dific"
es_0325878,3,3,4,,"{""rating"": 4, ""reasoning"": ""La reseña destaca aspectos positivos como la buena cámara, pantalla y precio, pero menciona algunos puntos negativos como la fragilidad de la pantalla y problemas con la capa de personalización de Samsung, lo que"
es_0285563,1,2,3,"El reseñador menciona que el producto tiene una gran cantidad, pero critica su tamaño, y aunque menciona que la calidad no es mala, no expresa una satisfacción total con la compra.","{""rating"": 3, ""reasoning"": ""El reseñador menciona que el producto tiene una gran cantidad, pero critica su tamaño, y aunque menciona que la calidad no es mala, no expresa una satisfacción total con la compra.""}"
es_0492511,1,0,1,"El comentario es extremadamente negativo, mencionando dos defectos importantes del producto: su tamaño y la facilidad con la que se despega, lo que indica una experiencia muy mala del cliente.","{""rating"": 1, ""reasoning"": ""El comentario es extremadamente negativo, mencionando dos defectos importantes del producto: su tamaño y la facilidad con la que se despega, lo que indica una experiencia muy mala del cliente.""}"
es_0376008,2,2,3,,"{""rating"": 3, ""reasoning"": ""La reseña menciona tanto aspectos positivos como negativos del producto. Por un lado, el ratón tiene una buena estructura y resistencia, y el acabado de los botones es cómodo. Por otro lado,"
es_0585607,1,1,2,,"{""rating"": 2, ""reasoning"": ""La reseña expresa insatisfacción con el producto, utilizando la frase 'No me gusta mucho' y mencionando un problema específico ('Demasiado Justo para camaleón 3'), lo que sugiere una cal"
es_0418208,1,0,1,,"{""rating"": 1, ""reasoning"": ""La reseñadora expresa insatisfacción con el producto, mencionando que no cumple con su propósito principal de pesar objetos pequeños con precisión, lo que sugiere una mala experiencia y una calificación baja"
es_0638294,2,2,3,,"{""rating"": 3, ""reasoning"": ""La reseña es mixta, destacando la calidad de las pinzas y su presentación, pero mencionando desventajas como el tamaño y peso, y un precio elevado, lo que sugiere una calificación promedio"
es_0802957,0,0,1,"La reseña menciona varios problemas con el producto, como la diferencia con la foto, la falta de retención de agua y la ausencia de un componente importante, lo que indica una experiencia muy negativa del cliente.","{""rating"": 1, ""reasoning"": ""La reseña menciona varios problemas con el producto, como la diferencia con la foto, la falta de retención de agua y la ausencia de un componente importante, lo que indica una experiencia muy negativa del cliente.""}"
es_0079907,3,2,3,"La reseña indica que el producto es similar a la foto, pero menciona un detalle negativo sobre el tamaño de la palmera, lo que sugiere una experiencia neutral o moderadamente positiva.","{""rating"": 3, ""reasoning"": ""La reseña indica que el producto es similar a la foto, pero menciona un detalle negativo sobre el tamaño de la palmera, lo que sugiere una experiencia neutral o moderadamente positiva.""}"
es_0964674,2,2,3,,"{""rating"": 3, ""reasoning"": ""El cliente ha expresado tanto aspectos positivos (puntualidad en la entrega, tipo de envase y practicidad) como negativos (contenido demasiado ligero y poca cantidad de ácido hialurónico),"
es_0663482,1,0,1,"El cliente utiliza un lenguaje negativo para describir el producto, como 'cutre', y menciona que lo devolvió, lo que indica una gran insatisfacción con la compra.","{""rating"": 1, ""reasoning"": ""El cliente utiliza un lenguaje negativo para describir el producto, como 'cutre', y menciona que lo devolvió, lo que indica una gran insatisfacción con la compra.""}"
es_0492141,4,4,5,,"{""rating"": 5, ""reasoning"": ""El reseñador utiliza un lenguaje muy positivo, como 'un producto muy util', 'un diseño muy bonito' y menciona que toda la familia lo utiliza, lo que indica una alta satisfacción con el producto."""
es_0136454,2,3,4,,"{""rating"": 4, ""reasoning"": ""El comprador está satisfecho con los acabados y la apariencia de los productos, pero menciona que son un poco más pequeños de lo esperado, lo que sugiere una calificación alta pero no perfecta."""
es_0739155,0,0,1,"El producto llegó dañado y no estaba bien condicionado, lo que indica una mala experiencia del cliente con el producto y el servicio de entrega.","{""rating"": 1, ""reasoning"": ""El producto llegó dañado y no estaba bien condicionado, lo que indica una mala experiencia del cliente con el producto y el servicio de entrega.""}"
es_0645518,1,0,1,"El reseñador expresa insatisfacción con la calidad del producto, calificándola como'malo' y afirmando que no debería haberse vendido, lo que indica una experiencia muy negativa.","{""rating"": 1, ""reasoning"": ""El reseñador expresa insatisfacción con la calidad del producto, calificándola como'malo' y afirmando que no debería haberse vendido, lo que indica una experiencia muy negativa.""}"
es_0079000,4,4,5,"El comprador está satisfecho con el producto, menciona que ha cumplido con sus expectativas, llegó a tiempo y tiene un buen precio, lo que indica una experiencia muy positiva.","{""rating"": 5, ""reasoning"": ""El comprador está satisfecho con el producto, menciona que ha cumplido con sus expectativas, llegó a tiempo y tiene un buen precio, lo que indica una experiencia muy positiva.""}"
es_0130490,3,3,4,,"{""rating"": 4, ""reasoning"": ""La reseña utiliza palabras positivas como 'buena' y 'entretenida', lo que sugiere una opinión favorable del producto, pero la falta de detalles y superlativos como 'excelente' o'muy entre"
es_0161280,4,3,4,"El comprador está satisfecho con el precio y la relación calidad-precio, pero tiene una queja menor sobre la cantidad máxima que puede comprar, lo que sugiere una calificación alta pero no perfecta.","{""rating"": 4, ""reasoning"": ""El comprador está satisfecho con el precio y la relación calidad-precio, pero tiene una queja menor sobre la cantidad máxima que puede comprar, lo que sugiere una calificación alta pero no perfecta.""}"
es_0504900,2,2,3,,"{""rating"": 3, ""reasoning"": ""La reseña menciona un precio razonable y funcionalidad básica, pero también menciona limitaciones significativas como el software antiguo y la falta de capacidad de copia de grabaciones en la red, lo que sug"
es_0538036,1,0,1,"El usuario expresa insatisfacción total con el producto, mencionando que no funciona y no ha visto resultados después de 15 días, lo que indica una mala experiencia y una calificación baja.","{""rating"": 1, ""reasoning"": ""El usuario expresa insatisfacción total con el producto, mencionando que no funciona y no ha visto resultados después de 15 días, lo que indica una mala experiencia y una calificación baja.""}"
es_0781727,0,0,1,,"{""rating"": 1, ""reasoning"": ""El comprador expresa insatisfacción con el producto, mencionando que la caja llegó abierta y que la estantería es muy endeble, lo que sugiere una mala calidad del producto y un servicio de"
es_0645542,1,2,3,"La reseña indica que el producto no es perfecto, pero es útil en ciertas condiciones, lo que sugiere una calificación promedio.","{""rating"": 3, ""reasoning"": ""La reseña indica que el producto no es perfecto, pero es útil en ciertas condiciones, lo que sugiere una calificación promedio.""}"
es_0800012,2,2,3,,"{""rating"": 3, ""reasoning"": ""El producto tiene características positivas como ser pequeño y cómodo, pero también tiene desventajas significativas como la mala calidad de sonido y el ruido que se escucha en el otro extremo de la llamada, lo"
es_0569194,3,4,5,"El comprador está satisfecho con el producto, menciona que está muy bien y que la batería dura mucho, solo ha usado una vez y le queda un 30% de carga después de 8 km.","{""rating"": 5, ""reasoning"": ""El comprador está satisfecho con el producto, menciona que está muy bien y que la batería dura mucho, solo ha usado una vez y le queda un 30% de carga después de 8 km.""}"
es_0538445,3,2,3,"El comprador está descontento porque el producto no viene con el BOOT F, pero menciona que funciona correctamente después de configurarlo, lo que sugiere una experiencia neutral o mediocre.","{""rating"": 3, ""reasoning"": ""El comprador está descontento porque el producto no viene con el BOOT F, pero menciona que funciona correctamente después de configurarlo, lo que sugiere una experiencia neutral o mediocre.""}"
es_0149979,3,2,3,,"{""rating"": 3, ""reasoning"": ""La reseña es neutral, menciona aspectos positivos como la facilidad de la cocina y la inclusión de ingredientes españoles, pero también menciona una carencia importante como la falta de fotos, lo que sugiere una"
es_0277413,3,4,5,"El cliente utiliza palabras como 'Muy cómodo' y'se siente muy bien', lo que indica una experiencia muy positiva con el producto, y no menciona ninguna desventaja o crítica significativa.","{""rating"": 5, ""reasoning"": ""El cliente utiliza palabras como 'Muy cómodo' y'se siente muy bien', lo que indica una experiencia muy positiva con el producto, y no menciona ninguna desventaja o crítica significativa.""}"
es_0796635,3,3,4,,"{""rating"": 4, ""reasoning"": ""El cliente está satisfecho con la calidad y el precio de la silla, pero menciona un pequeño defecto que evita que le dé 5 estrellas, lo que sugiere una calificación de 4 estrellas"
es_0666873,1,0,1,"El cliente expresa insatisfacción con el servicio de entrega, específicamente con el transportista ASM, y menciona que no es la primera vez que ha tenido problemas, lo que indica una experiencia muy negativa.","{""rating"": 1, ""reasoning"": ""El cliente expresa insatisfacción con el servicio de entrega, específicamente con el transportista ASM, y menciona que no es la primera vez que ha tenido problemas, lo que indica una experiencia muy negativa.""}"
es_0430199,4,4,5,,"{""rating"": 5, ""reasoning"": ""La reseña utiliza palabras muy positivas como 'Genial' y 'Perfecto', y destaca aspectos específicos del producto que han gustado, como los dibujos y los materiales, lo que sugiere una experiencia"
es_0701149,1,1,2,,"{""rating"": 2, ""reasoning"": ""El cliente expresa decepción con el producto, mencionando específicamente que los palos y los símbolos son demasiado pequeños, lo que indica una experiencia negativa pero no extremadamente negativa, lo que sugiere"
es_0869647,4,4,5,"La reseña es muy positiva, destacando la comodidad y facilidad de lectura del libro, así como la calidad de los audios, sin mencionar ninguna crítica o aspecto negativo.","{""rating"": 5, ""reasoning"": ""La reseña es muy positiva, destacando la comodidad y facilidad de lectura del libro, así como la calidad de los audios, sin mencionar ninguna crítica o aspecto negativo.""}"
es_0746254,4,4,5,,"{""rating"": 5, ""reasoning"": ""La reseña utiliza un lenguaje muy positivo, como 'Totalmente recomendables' y'muy cómodos', lo que sugiere una alta satisfacción con el producto, a pesar de una pequeña observación"
es_0331668,0,0,1,,"{""rating"": 1, ""reasoning"": ""El producto no cumple con su función principal de proteger del frío, además de presentar daños físicos como una funda rota, lo que lleva a la devolución del producto y una experiencia muy negativa para el"
es_0328127,0,0,1,"El cliente menciona varios problemas con el producto, como la inestabilidad, el peligro de quedar aislado y la falta de compatibilidad con Alexa, lo que indica una experiencia muy negativa.","{""rating"": 1, ""reasoning"": ""El cliente menciona varios problemas con el producto, como la inestabilidad, el peligro de quedar aislado y la falta de compatibilidad con Alexa, lo que indica una experiencia muy negativa.""}"
es_0261159,1,1,2,"La reseña menciona que el diseño es bonito, pero critica fuertemente la calidad de las barras de colgar y su seguro, lo que indica una experiencia negativa que supera los aspectos positivos.","{""rating"": 2, ""reasoning"": ""La reseña menciona que el diseño es bonito, pero critica fuertemente la calidad de las barras de colgar y su seguro, lo que indica una experiencia negativa que supera los aspectos positivos.""}"
es_0404655,4,4,5,"La reseña utiliza un lenguaje muy positivo, como 'Muy buena', 'Me encanta' y 'La recomiendo', lo que indica una alta satisfacción con el producto.","{""rating"": 5, ""reasoning"": ""La reseña utiliza un lenguaje muy positivo, como 'Muy buena', 'Me encanta' y 'La recomiendo', lo que indica una alta satisfacción con el producto.""}"
es_0456614,0,0,1,,"{""rating"": 1, ""reasoning"": ""El reseñante menciona varios problemas con el producto, como la falta de pilas, la cinta mojada y la falta de regulación de la barra, además de un mal trato por parte del servicio de atención"
es_0320414,4,4,5,,"{""rating"": 5, ""reasoning"": ""El reseñador está muy satisfecho con la brújula, menciona que ha cumplido perfectamente su función en más de 15 inmersiones, y destaca su buena calidad y comodidad,"
es_0127791,1,1,2,"El producto parece tener utilidad, pero no se ajustó a las necesidades específicas del comprador, lo que sugiere una experiencia neutral o ligeramente negativa.","{""rating"": 2, ""reasoning"": ""El producto parece tener utilidad, pero no se ajustó a las necesidades específicas del comprador, lo que sugiere una experiencia neutral o ligeramente negativa.""}"
es_0845398,4,4,5,"La reseña utiliza términos como 'Adictivo', 'cierre sobresaliente' y destaca varios aspectos positivos del contenido, lo que indica una opinión muy favorable y una calificación máxima.","{""rating"": 5, ""reasoning"": ""La reseña utiliza términos como 'Adictivo', 'cierre sobresaliente' y destaca varios aspectos positivos del contenido, lo que indica una opinión muy favorable y una calificación máxima.""}"
es_0266168,4,4,5,,"{""rating"": 5, ""reasoning"": ""El comprador expresa satisfacción con el producto, mencionando que es idéntico al que ya tenía y que cumple con su función de ser hermético, lo que sugiere una experiencia positiva y una calificación"
es_0950124,4,4,5,"La reseña utiliza palabras positivas como 'Muy bueno', 'Fácil uso' y'muy práctico', lo que indica una experiencia muy satisfactoria con el producto.","{""rating"": 5, ""reasoning"": ""La reseña utiliza palabras positivas como 'Muy bueno', 'Fácil uso' y'muy práctico', lo que indica una experiencia muy satisfactoria con el producto.""}"
es_0640875,1,2,3,"La reseña menciona tanto aspectos positivos (precio bien) como negativos (problemas con el ajuste y ampollas), lo que sugiere una calificación neutral o promedio.","{""rating"": 3, ""reasoning"": ""La reseña menciona tanto aspectos positivos (precio bien) como negativos (problemas con el ajuste y ampollas), lo que sugiere una calificación neutral o promedio.""}"
es_0886774,4,3,4,"La reseña es positiva, menciona características favorables como las luces led y la facilidad de plegado, y no se mencionan defectos significativos, aunque el uso ha sido limitado.","{""rating"": 4, ""reasoning"": ""La reseña es positiva, menciona características favorables como las luces led y la facilidad de plegado, y no se mencionan defectos significativos, aunque el uso ha sido limitado.""}"
es_0775586,2,2,3,"El cliente está satisfecho con la relación calidad-precio y el producto deja la piel suave, pero tiene expectativas más altas y no está completamente impresionado, lo que sugiere una calificación promedio.","{""rating"": 3, ""reasoning"": ""El cliente está satisfecho con la relación calidad-precio y el producto deja la piel suave, pero tiene expectativas más altas y no está completamente impresionado, lo que sugiere una calificación promedio.""}"
es_0858947,3,3,4,,"{""rating"": 4, ""reasoning"": ""La reseña es positiva, menciona que el producto cumple con las expectativas en cuanto al tamaño y su funcionalidad es adecuada, pero no utiliza superlativos ni muestra un entusiasmo extremo, lo"
es_0786371,4,4,5,"El lenguaje utilizado es muy positivo, con palabras como 'Perfectos', 'Preciosos' y'súper', lo que indica una gran satisfacción con el producto.","{""rating"": 5, ""reasoning"": ""El lenguaje utilizado es muy positivo, con palabras como 'Perfectos', 'Preciosos' y'súper', lo que indica una gran satisfacción con el producto.""}"
es_0661323,1,0,1,,"{""rating"": 1, ""reasoning"": ""El reseñador expresa una gran decepción con el producto, mencionando que la publicidad es engañosa y que el producto recibido no se parece a lo que se ve en la publicidad, además de criticar"
es_0681562,2,0,1,,"{""rating"": 1, ""reasoning"": ""La reseña expresa insatisfacción con el producto, mencionando que es estrecho y corto, y que solo sería adecuado para personas con un peso muy bajo, lo que indica una mala experiencia del"
es_0794041,1,1,2,,"{""rating"": 2, ""reasoning"": ""La reseña menciona que el producto es como se esperaba, pero no destaca en nada y se sugiere una mejora, lo que indica una experiencia neutral o ligeramente negativa, típica de una calificación"
es_0683170,2,2,3,"El producto funciona y tiene algunas ventajas como ser fino y fácil de guardar, pero también tiene un fallo significativo que es la deformación con la temperatura, lo que sugiere una calificación promedio.","{""rating"": 3, ""reasoning"": ""El producto funciona y tiene algunas ventajas como ser fino y fácil de guardar, pero también tiene un fallo significativo que es la deformación con la temperatura, lo que sugiere una calificación promedio.""}"
es_0355716,2,2,3,,"{""rating"": 3, ""reasoning"": ""La reseña es mixta, el cliente gusta del producto y lo encuentra divertido, pero tiene un problema significativo con la duración de la batería y la incomodidad de tener que desatornillar para rec"
es_0151717,4,4,5,,"{""rating"": 5, ""reasoning"": ""La reseña utiliza palabras y frases muy positivas como 'practica', 'gran durabilidad', 'está como nueva' y 'proteger muy bien', lo que indica una alta satisfacción del cliente con el producto"
es_0485915,2,1,2,,"{""rating"": 2, ""reasoning"": ""La reseña menciona problemas significativos con el producto, como el sobrecalentamiento y la dificultad para encontrar drivers, lo que indica una experiencia negativa, pero también menciona que funciona bien, lo que evita una"
es_0659118,4,4,5,,"{""rating"": 5, ""reasoning"": ""El reseñador utiliza un lenguaje muy positivo, como 'Va súper bien' y'me ha ido genial', y menciona que lo usa a diario, lo que indica una alta satisfacción con"
es_0870885,2,2,3,"El comprador considera que es una buena compra, pero menciona una desventaja significativa, lo que sugiere una calificación promedio.","{""rating"": 3, ""reasoning"": ""El comprador considera que es una buena compra, pero menciona una desventaja significativa, lo que sugiere una calificación promedio.""}"
es_0331977,4,4,5,,"{""rating"": 5, ""reasoning"": ""El comprador está satisfecho con el producto, menciona que cumple con su función, que la relación calidad-precio es estupenda y que no se arrepiente de haberlo comprado, lo que indica una experiencia"
es_0340447,3,2,3,"La reseña describe el producto como útil y completo, pero menciona que carece de alta calidad, lo que sugiere una calificación promedio.","{""rating"": 3, ""reasoning"": ""La reseña describe el producto como útil y completo, pero menciona que carece de alta calidad, lo que sugiere una calificación promedio.""}"
es_0263496,4,3,4,,"{""rating"": 4, ""reasoning"": ""El comprador menciona que cumple con las expectativas y destaca el buen precio, lo que sugiere una experiencia positiva, pero no utiliza un lenguaje muy entusiasta o excepcional, lo que se ajusta"
es_0413283,4,4,5,"La reseña utiliza palabras y frases muy positivas como'muy buena', 'perfecto', 'genial' y 'describe perfectamente', lo que indica una gran satisfacción con el producto y el servicio.","{""rating"": 5, ""reasoning"": ""La reseña utiliza palabras y frases muy positivas como'muy buena', 'perfecto', 'genial' y 'describe perfectamente', lo que indica una gran satisfacción con el producto y el servicio.""}"
es_0403406,4,4,5,,"{""rating"": 5, ""reasoning"": ""La reseña utiliza palabras positivas como 'Contenta' y 'Muy bonitas', lo que indica una opinión favorable del producto, y no menciona ninguna queja o crítica, lo que sugiere una calificación má"
es_0604982,3,4,5,,"{""rating"": 5, ""reasoning"": ""La reseña utiliza palabras y frases muy positivas como'muy tierna', 'bonita' y'muy relajante', lo que sugiere una opinión muy favorable del producto, lo que corresponde a una"
es_0662350,0,0,1,"El producto dejó de funcionar después de solo tres meses de uso, lo que indica una mala calidad o falta de durabilidad, lo que justifica una calificación de una estrella.","{""rating"": 1, ""reasoning"": ""El producto dejó de funcionar después de solo tres meses de uso, lo que indica una mala calidad o falta de durabilidad, lo que justifica una calificación de una estrella.""}"
es_0696586,0,2,3,"El comprador expresa insatisfacción con su compra, pero atribuye el problema a su propia decisión y no a una falla del producto en sí, lo que sugiere una calificación neutral.","{""rating"": 3, ""reasoning"": ""El comprador expresa insatisfacción con su compra, pero atribuye el problema a su propia decisión y no a una falla del producto en sí, lo que sugiere una calificación neutral.""}"
es_0508414,1,0,1,"La reseña utiliza palabras como 'endeble' y'se cae facilmente', lo que indica una experiencia muy negativa con el producto, y no menciona ningún aspecto positivo.","{""rating"": 1, ""reasoning"": ""La reseña utiliza palabras como 'endeble' y'se cae facilmente', lo que indica una experiencia muy negativa con el producto, y no menciona ningún aspecto positivo.""}"
es_0380697,3,3,4,,"{""rating"": 4, ""reasoning"": ""El comprador está satisfecho con su decisión de comprar 30 metros en lugar de 25, lo que sugiere que el producto cumple con sus expectativas, pero menciona un pequeño error en la medida, lo"
es_0498731,4,4,5,,"{""rating"": 5, ""reasoning"": ""La reseña utiliza palabras y frases muy positivas como 'Perfecto', 'Precioso', 'divertido', 'da mucha vida a la habitación' y 'pasa un buen rato', lo que indica una"
es_0513234,2,2,3,"La reseña menciona aspectos positivos como la velocidad del dispositivo, pero también menciona problemas con el lector de huellas y la batería, lo que sugiere una experiencia promedio y no excelente.","{""rating"": 3, ""reasoning"": ""La reseña menciona aspectos positivos como la velocidad del dispositivo, pero también menciona problemas con el lector de huellas y la batería, lo que sugiere una experiencia promedio y no excelente.""}"
es_0328280,2,4,5,"La reseña utiliza palabras positivas como 'Genial' y 'perfecto', lo que indica una alta satisfacción con el producto, y la única sugerencia es adicional, no una crítica.","{""rating"": 5, ""reasoning"": ""La reseña utiliza palabras positivas como 'Genial' y 'perfecto', lo que indica una alta satisfacción con el producto, y la única sugerencia es adicional, no una crítica.""}"
es_0256089,0,0,1,,"{""rating"": 1, ""reasoning"": ""El cliente expresa frustración y descontento porque no ha recibido el producto y solo ha sido reembolsado la mitad del monto pagado, lo que indica una mala experiencia y falta de responsabilidad por parte del"
es_0205189,3,4,5,,"{""rating"": 5, ""reasoning"": ""La reseña es muy positiva, el cliente está satisfecho con el producto y menciona varios aspectos que le gustan, como que el agua se mantiene fría y limpia, y que es bastante sil"
es_0560981,1,1,2,,"{""rating"": 2, ""reasoning"": ""El cliente expresa decepción y dice que el producto no cumple con sus expectativas, mencionando específicamente que tiene poca concentración, lo que sugiere una calificación baja pero no la más baja, ya que no hay"
es_0625612,1,2,3,,"{""rating"": 3, ""reasoning"": ""La reseña menciona aspectos negativos como el retraso en la entrega y la necesidad de pedir una talla diferente, pero también destaca un aspecto positivo al describir el producto como'muy ch"
es_0285005,1,0,1,,"{""rating"": 1, ""reasoning"": ""El cliente expresa insatisfacción con el producto, mencionando específicamente que el cable produce ruidos al conectarse a un amplificador, lo que indica una baja calidad del producto, a pesar de que el envío y"
es_0610152,1,1,2,"El cliente está decepcionado porque el producto no coincide con la tonalidad que se muestra en la foto, lo que indica una mala experiencia con el producto, pero no lo califica de manera extremadamente negativa.","{""rating"": 2, ""reasoning"": ""El cliente está decepcionado porque el producto no coincide con la tonalidad que se muestra en la foto, lo que indica una mala experiencia con el producto, pero no lo califica de manera extremadamente negativa.""}"
es_0210032,3,4,5,"La reseña es breve y positiva, indicando que el producto cumple con las expectativas del comprador y no tiene problemas significativos, lo que sugiere una calificación máxima.","{""rating"": 5, ""reasoning"": ""La reseña es breve y positiva, indicando que el producto cumple con las expectativas del comprador y no tiene problemas significativos, lo que sugiere una calificación máxima.""}"
es_0234172,0,0,1,"El reseñador menciona que el producto no se queda fijo y es incomodo, lo que indica una experiencia muy negativa con el producto.","{""rating"": 1, ""reasoning"": ""El reseñador menciona que el producto no se queda fijo y es incomodo, lo que indica una experiencia muy negativa con el producto.""}"
es_0285334,4,4,5,,"{""rating"": 5, ""reasoning"": ""El reseñante expresa satisfacción total con el producto, mencionando que su padre está muy contento y planea comprar otro, destacando características positivas como comodidad, gran agarre y facilidad de instalación"
es_0934149,2,2,3,,"{""rating"": 3, ""reasoning"": ""La reseña menciona que el producto'recoge pelo', lo que sugiere que cumple con su función, pero también expresa una ligera decepción en cuanto a sus expectativas, lo que indica una calificación promedio"
es_0952376,4,3,4,,"{""rating"": 4, ""reasoning"": ""El comprador se muestra satisfecho con la calidad de los materiales y el acabado del producto, aunque no pudo utilizarlo debido a una incompatibilidad con su consola, lo que sugiere una buena impresión general del"
es_0244105,1,0,1,"El cliente expresa decepción y menciona que el producto no se ajusta bien a su dispositivo táctil, lo que causa problemas con la pantalla, lo que sugiere una mala experiencia y una calificación baja.","{""rating"": 1, ""reasoning"": ""El cliente expresa decepción y menciona que el producto no se ajusta bien a su dispositivo táctil, lo que causa problemas con la pantalla, lo que sugiere una mala experiencia y una calificación baja.""}"
es_0237479,3,3,4,,"{""rating"": 4, ""reasoning"": ""El reseñador menciona que la calidad es buena, aunque hay algunas zonas con defectos en los dibujos, pero destaca que las vendas son muy buenas para boxeo, lo que sugiere una opinión"
es_0819519,2,3,4,,"{""rating"": 4, ""reasoning"": ""La reseña destaca aspectos positivos como el buen uso casual, las funciones adicionales y la relación calidad-precio, aunque menciona algunas limitaciones en la calidad del sonido y el peso, pero no son suficientes"
es_0367546,4,4,5,"La reseña es extremadamente positiva, repitiendo el mismo comentario sobre la calidad y el precio, lo que sugiere una alta satisfacción del cliente con el producto.","{""rating"": 5, ""reasoning"": ""La reseña es extremadamente positiva, repitiendo el mismo comentario sobre la calidad y el precio, lo que sugiere una alta satisfacción del cliente con el producto.""}"
es_0847567,2,2,3,,"{""rating"": 3, ""reasoning"": ""La reseña indica que el producto es 'bastante bien', lo que sugiere una calificación promedio. Sin embargo, el comprador menciona un problema específico con el espacio en las esquinas, lo que reduce la"
es_0676947,1,1,2,"El producto cumple con su función principal de pegar bien, pero tiene un gran inconveniente al ser muy delicados y romperse fácilmente, lo que reduce su utilidad y durabilidad.","{""rating"": 2, ""reasoning"": ""El producto cumple con su función principal de pegar bien, pero tiene un gran inconveniente al ser muy delicados y romperse fácilmente, lo que reduce su utilidad y durabilidad.""}"
es_0846180,2,4,5,"El comprador inicialmente estaba insatisfecho con el producto, pero el vendedor resolvió el problema con un reembolso total, lo que llevó a una experiencia positiva general y una calificación alta.","{""rating"": 5, ""reasoning"": ""El comprador inicialmente estaba insatisfecho con el producto, pero el vendedor resolvió el problema con un reembolso total, lo que llevó a una experiencia positiva general y una calificación alta.""}"
es_0999434,4,4,5,,"{""rating"": 5, ""reasoning"": ""El cliente está satisfecho con el producto, lo encuentra cómodo y cumple con su propósito específico de ayudarlo a dormir con la cabeza más alta debido a su sinusitis, lo que sugiere una experiencia positiva"
es_0647244,0,0,1,"El cliente nunca recibió el producto y no obtuvo respuesta a sus intentos de contacto, lo que indica una mala experiencia con el vendedor y justifica la calificación más baja.","{""rating"": 1, ""reasoning"": ""El cliente nunca recibió el producto y no obtuvo respuesta a sus intentos de contacto, lo que indica una mala experiencia con el vendedor y justifica la calificación más baja.""}"
es_0310606,4,4,5,,"{""rating"": 5, ""reasoning"": ""La reseña utiliza un lenguaje muy positivo, como'me ha encantado', 'no decepciona' y 'entretenida para rato', lo que sugiere una experiencia muy satisfactoria con el producto"
es_0310930,4,4,5,"La reseña expresa satisfacción total con el producto, mencionando una buena relación calidad-precio y un alivio significativo del dolor y la hinchazón en un corto período de uso.","{""rating"": 5, ""reasoning"": ""La reseña expresa satisfacción total con el producto, mencionando una buena relación calidad-precio y un alivio significativo del dolor y la hinchazón en un corto período de uso.""}"
es_0295038,1,0,1,"El cliente expresa frustración y dificultad para conectar el zócalo debido a la falta de instrucciones en español, lo que sugiere una mala experiencia con el producto.","{""rating"": 1, ""reasoning"": ""El cliente expresa frustración y dificultad para conectar el zócalo debido a la falta de instrucciones en español, lo que sugiere una mala experiencia con el producto.""}"
es_0120302,3,3,4,,"{""rating"": 4, ""reasoning"": ""El reseñador está satisfecho con el aspecto general y la facilidad de uso del producto, pero menciona un problema con la pestaña de cierre, lo que reduce ligeramente su calificación, pero"
es_0608547,4,4,5,"El cliente expresa satisfacción total con el producto, mencionando que resolvió un problema y le permite utilizar todos los cargadores que tenía en casa, lo que indica una experiencia muy positiva.","{""rating"": 5, ""reasoning"": ""El cliente expresa satisfacción total con el producto, mencionando que resolvió un problema y le permite utilizar todos los cargadores que tenía en casa, lo que indica una experiencia muy positiva.""}"
es_0881049,2,3,4,,"{""rating"": 4, ""reasoning"": ""La reseña menciona que la calidad del producto es muy buena, lo que sugiere una calificación alta, pero también menciona un problema con la calificación de edad, lo que reduce la calificación a 4 estrellas en"
es_0401645,0,0,1,"El cliente expresa frustración y decepción porque no recibió su pedido y además hubo un error con el destinatario, lo que indica una mala experiencia con el servicio.","{""rating"": 1, ""reasoning"": ""El cliente expresa frustración y decepción porque no recibió su pedido y además hubo un error con el destinatario, lo que indica una mala experiencia con el servicio.""}"
es_0998791,0,0,1,,"{""rating"": 1, ""reasoning"": ""El cliente expresa insatisfacción y frustración porque el producto no funciona como se esperaba, específicamente el primer DVD no se reproduce, lo que lo lleva a considerarlo una estafa y a advertir a otros para que no"
es_0798886,1,2,3,,"{""rating"": 3, ""reasoning"": ""La reseña tiene tanto puntos positivos como negativos. El comprador menciona que el producto tiene un sabor agradable, pero también critica su alto contenido de sal y la merma del peso del jamón útil."
es_0862242,4,4,5,"La reseña utiliza palabras positivas como 'Muy buena' y menciona que el material y el precio son buenos, lo que sugiere una opinión muy favorable del producto.","{""rating"": 5, ""reasoning"": ""La reseña utiliza palabras positivas como 'Muy buena' y menciona que el material y el precio son buenos, lo que sugiere una opinión muy favorable del producto.""}"
es_0776698,1,0,1,,"{""rating"": 1, ""reasoning"": ""El reseñador utiliza términos negativos como'muy endebles' y 'no valen mucho dinero', y expresa preferencia por productos más costosos y fuertes, lo que indica una baja satisfacción"
es_0018134,2,4,5,"La reseña utiliza palabras como'muy bonitos' y 'originales', lo que indica una opinión muy positiva sobre el producto, lo que sugiere una calificación de 5 estrellas.","{""rating"": 5, ""reasoning"": ""La reseña utiliza palabras como'muy bonitos' y 'originales', lo que indica una opinión muy positiva sobre el producto, lo que sugiere una calificación de 5 estrellas.""}"
es_0160914,3,4,5,"El reseñador utiliza el término 'Perfecto' y menciona que cumple con sus expectativas, lo que indica una gran satisfacción con el producto.","{""rating"": 5, ""reasoning"": ""El reseñador utiliza el término 'Perfecto' y menciona que cumple con sus expectativas, lo que indica una gran satisfacción con el producto.""}"
es_0817312,4,1,2,"El comprador está satisfecho con el producto, pero muy insatisfecho con el servicio de transporte y la comunicación, lo que lleva a una calificación media-baja","{""rating"": 2, ""reasoning"": ""El comprador está satisfecho con el producto, pero muy insatisfecho con el servicio de transporte y la comunicación, lo que lleva a una calificación media-baja""}"
es_0563795,1,0,1,"El cliente sospecha que el producto es falso y no original, y tuvo que realizar una devolución dos veces, lo que indica una experiencia muy negativa con el producto.","{""rating"": 1, ""reasoning"": ""El cliente sospecha que el producto es falso y no original, y tuvo que realizar una devolución dos veces, lo que indica una experiencia muy negativa con el producto.""}"
es_0362179,0,0,1,,"{""rating"": 1, ""reasoning"": ""La reseña utiliza un lenguaje muy negativo, describiendo el producto como 'demasiado fragil' y mencionando que'se rompe con muchísima facilidad', lo que indica una experiencia extremadamente"
es_0388601,3,4,5,"El cliente está muy satisfecho con el producto, mencionando que es suave y mejor que el original, lo que indica una experiencia muy positiva.","{""rating"": 5, ""reasoning"": ""El cliente está muy satisfecho con el producto, mencionando que es suave y mejor que el original, lo que indica una experiencia muy positiva.""}"
es_0288116,0,0,1,,"{""rating"": 1, ""reasoning"": ""El reseñador expresa insatisfacción total con el producto, mencionando problemas significativos como la falta de resistencia a los UVA, decoloración, descomposición de la fibra y falta de imperme"
es_0134855,4,1,2,,"{""rating"": 2, ""reasoning"": ""El reseñador menciona que el auricular funciona, pero tiene un problema significativo con el ajuste en la oreja, lo que lo hace inseguro y propenso a caerse, lo que reduce su satisfacción con"
es_0429775,3,3,4,,"{""rating"": 4, ""reasoning"": ""La reseña es breve y positiva, utilizando palabras como 'bonitas' y 'quedan bien', lo que sugiere una opinión favorable del producto, aunque la falta de detalles y entusiasmo extremo evita"
es_0499703,3,4,5,"El comentario es muy positivo, destacando la comodidad, el calor y la variedad de colores de los productos, lo que sugiere una alta satisfacción del cliente.","{""rating"": 5, ""reasoning"": ""El comentario es muy positivo, destacando la comodidad, el calor y la variedad de colores de los productos, lo que sugiere una alta satisfacción del cliente.""}"
es_0534667,3,2,3,,"{""rating"": 3, ""reasoning"": ""La reseña menciona que el producto tiene buena calidad y diseño, pero tiene un problema específico que es su tamaño, lo que implica que el producto en sí es bueno, pero no es adecuado para el uso específico"
es_0506243,2,3,4,"El cliente está satisfecho con el producto en general, menciona que es fácil de montar y limpiar, y considera que es una buena opción para el precio, aunque tiene una pequeña queja sobre la tela","{""rating"": 4, ""reasoning"": ""El cliente está satisfecho con el producto en general, menciona que es fácil de montar y limpiar, y considera que es una buena opción para el precio, aunque tiene una pequeña queja sobre la tela""}"
es_0605345,0,0,1,"El cliente devolvió el producto y menciona un problema específico con la capota y el capazo, lo que indica una mala experiencia y una baja calificación.","{""rating"": 1, ""reasoning"": ""El cliente devolvió el producto y menciona un problema específico con la capota y el capazo, lo que indica una mala experiencia y una baja calificación.""}"
es_0762331,2,2,3,"La reseña describe la cámara como 'asequible' y 'cumple las expectativas', pero menciona que la calidad de imagen es'regular', lo que sugiere una evaluación promedio.","{""rating"": 3, ""reasoning"": ""La reseña describe la cámara como 'asequible' y 'cumple las expectativas', pero menciona que la calidad de imagen es'regular', lo que sugiere una evaluación promedio.""}"
es_0479284,4,4,5,,"{""rating"": 5, ""reasoning"": ""La reseña utiliza un lenguaje muy positivo, destacando la calidad del producto y su buen precio, y menciona que es un personaje que no debe faltar en la colección, lo que sugiere una opinión"
es_0149648,0,0,1,"El cliente expresa descontento y frustración por el costo adicional de devolución, lo que sugiere una experiencia muy negativa.","{""rating"": 1, ""reasoning"": ""El cliente expresa descontento y frustración por el costo adicional de devolución, lo que sugiere una experiencia muy negativa.""}"
es_0043389,0,0,1,,"{""rating"": 1, ""reasoning"": ""El comprador expresa insatisfacción con la duración de la batería, lo que es un aspecto crucial del producto, y menciona que no duran ni 5 minutos después de una semana sin uso, lo que indica"
es_0120076,0,0,1,"La reseña expresa insatisfacción con la entrega y el embalaje del producto, lo que sugiere una mala experiencia del cliente.","{""rating"": 1, ""reasoning"": ""La reseña expresa insatisfacción con la entrega y el embalaje del producto, lo que sugiere una mala experiencia del cliente.""}"
es_0063732,1,1,2,,"{""rating"": 2, ""reasoning"": ""El producto tiene un problema de calidad y durabilidad, ya que se rompen con facilidad, pero el comprador reconoce que son potentes y que el problema puede ser común en imanes finos, lo que sugiere una"
es_0760311,1,3,4,"El comprador menciona un 'buen envío', lo que sugiere satisfacción con el proceso de entrega, pero no ha utilizado el producto aún, por lo que no puede evaluar completamente su calidad o funcionalidad.","{""rating"": 4, ""reasoning"": ""El comprador menciona un 'buen envío', lo que sugiere satisfacción con el proceso de entrega, pero no ha utilizado el producto aún, por lo que no puede evaluar completamente su calidad o funcionalidad.""}"
es_0825275,4,4,5,,"{""rating"": 5, ""reasoning"": ""El reseñador expresa completa satisfacción con el producto, mencionando que funciona muy bien, tiene sonidos suaves y un temporizador útil, y que le ayuda a relajarse y dormir, por lo que"
es_0728934,3,4,5,"El cliente está satisfecho con el producto, menciona resultados positivos en sus plantas y le gusta el sistema de dosificación, lo que sugiere una experiencia muy positiva.","{""rating"": 5, ""reasoning"": ""El cliente está satisfecho con el producto, menciona resultados positivos en sus plantas y le gusta el sistema de dosificación, lo que sugiere una experiencia muy positiva.""}"
es_0654412,2,2,3,"El cliente menciona que el producto cumple su función, pero tiene algunas desventajas como el tamaño y la calidad del plástico, lo que sugiere una calificación neutral o promedio.","{""rating"": 3, ""reasoning"": ""El cliente menciona que el producto cumple su función, pero tiene algunas desventajas como el tamaño y la calidad del plástico, lo que sugiere una calificación neutral o promedio.""}"
es_0965276,4,4,5,"La reseña utiliza un lenguaje muy positivo, como 'calidad maxima' y'muy comodo', lo que sugiere que el cliente está muy satisfecho con el producto.","{""rating"": 5, ""reasoning"": ""La reseña utiliza un lenguaje muy positivo, como 'calidad maxima' y'muy comodo', lo que sugiere que el cliente está muy satisfecho con el producto.""}"
es_0524656,2,4,5,"El comprador expresa satisfacción con la compra, menciona el buen funcionamiento y sencillez del producto, y destaca la entrega rápida, lo que sugiere una experiencia muy positiva.","{""rating"": 5, ""reasoning"": ""El comprador expresa satisfacción con la compra, menciona el buen funcionamiento y sencillez del producto, y destaca la entrega rápida, lo que sugiere una experiencia muy positiva.""}"
es_0665555,0,0,1,"La reseña utiliza palabras como 'Baja calidad' y menciona que el producto se dañó después de un solo uso, lo que indica una experiencia muy negativa del cliente.","{""rating"": 1, ""reasoning"": ""La reseña utiliza palabras como 'Baja calidad' y menciona que el producto se dañó después de un solo uso, lo que indica una experiencia muy negativa del cliente.""}"
es_0512044,2,4,5,"La reseña es muy positiva, menciona que el producto es el mejor que ha probado, funciona bien y lo recomienda, lo que indica una alta satisfacción del cliente.","{""rating"": 5, ""reasoning"": ""La reseña es muy positiva, menciona que el producto es el mejor que ha probado, funciona bien y lo recomienda, lo que indica una alta satisfacción del cliente.""}"
es_0977736,0,0,1,"El comprador tuvo que devolver el producto y lo describió como'malo', indicando una experiencia muy negativa con el mismo.","{""rating"": 1, ""reasoning"": ""El comprador tuvo que devolver el producto y lo describió como'malo', indicando una experiencia muy negativa con el mismo.""}"
es_0752520,1,0,1,,"{""rating"": 1, ""reasoning"": ""El cliente expresa insatisfacción con el producto debido a que las pastillas delanteras son demasiado gruesas y no caben, lo que sugiere un problema de diseño o compatibilidad, lo que justifica una calificación baja"
es_0811868,4,4,5,,"{""rating"": 5, ""reasoning"": ""El lenguaje utilizado en la reseña es muy positivo, utilizando palabras como 'estupendo', 'buen producto' y'muy cómodo', lo que sugiere una gran satisfacción del cliente con el producto."""
es_0768337,4,4,5,"El cliente está satisfecho con el producto, lo califica de excelente valor y resuelve un problema que tenía con su dispositivo anterior","{""rating"": 5, ""reasoning"": ""El cliente está satisfecho con el producto, lo califica de excelente valor y resuelve un problema que tenía con su dispositivo anterior""}"
es_0703346,4,3,4,,"{""rating"": 4, ""reasoning"": ""El comprador parece estar satisfecho con el producto en general, utilizando la palabra 'Genial' para describirlo, pero menciona un pequeño problema con los clasificadores que venían despegados, lo que sug"
es_0921503,1,2,3,,"{""rating"": 3, ""reasoning"": ""La reseña indica que el producto cumple con las expectativas, pero tiene algunos defectos menores, como que se pegan un poco, lo que sugiere una calificación promedio de 3 estrellas, ya que no"
es_0253501,2,3,4,"El reseñador califica el producto como 'Buena calidad' pero menciona un detalle que no le gustó, lo que sugiere una calificación alta pero no perfecta.","{""rating"": 4, ""reasoning"": ""El reseñador califica el producto como 'Buena calidad' pero menciona un detalle que no le gustó, lo que sugiere una calificación alta pero no perfecta.""}"
es_0761314,3,1,2,"El cliente encuentra que el precio es bueno y las prestaciones son aceptables, pero menciona un problema con el soporte después de dos días, lo que indica una experiencia mixta pero más negativa que positiva.","{""rating"": 2, ""reasoning"": ""El cliente encuentra que el precio es bueno y las prestaciones son aceptables, pero menciona un problema con el soporte después de dos días, lo que indica una experiencia mixta pero más negativa que positiva.""}"
es_0185611,4,4,5,,"{""rating"": 5, ""reasoning"": ""El comprador utiliza palabras como 'buena calidad', 'bastante rigido' y 'ergonomico' para describir el producto, lo que indica una alta satisfacción. Además, menciona un 'envio rapido', lo"
es_0476920,3,2,3,"La reseña indica que el producto cumple su función, pero tiene defectos como un cierre que no es muy seguro y un tensor que se despega con el tiempo, lo que sugiere una calificación promedio.","{""rating"": 3, ""reasoning"": ""La reseña indica que el producto cumple su función, pero tiene defectos como un cierre que no es muy seguro y un tensor que se despega con el tiempo, lo que sugiere una calificación promedio.""}"
es_0411262,0,0,1,"El cliente expresa insatisfacción con el producto, mencionando un defecto específico que afecta su funcionalidad y no cumple con sus expectativas, lo que sugiere una calificación muy baja.","{""rating"": 1, ""reasoning"": ""El cliente expresa insatisfacción con el producto, mencionando un defecto específico que afecta su funcionalidad y no cumple con sus expectativas, lo que sugiere una calificación muy baja.""}"
es_0612701,1,1,2,"El producto cumple con su función principal de ser un antifaz para dormir, pero tiene un defecto significativo que es la producción de manchas, lo que reduce su calificación a 2 estrellas.","{""rating"": 2, ""reasoning"": ""El producto cumple con su función principal de ser un antifaz para dormir, pero tiene un defecto significativo que es la producción de manchas, lo que reduce su calificación a 2 estrellas.""}"
es_0697021,2,2,3,,"{""rating"": 3, ""reasoning"": ""El comprador expresa una mezcla de sentimientos sobre el producto, destacando tanto aspectos positivos como negativos. Por un lado, valora la funcionalidad y las características del kit de PLC, como la capacidad de control"
es_0306922,0,1,2,,"{""rating"": 2, ""reasoning"": ""La reseñadora expresa insatisfacción con el producto, mencionando que no funciona como esperaba y que la segunda unidad adquirida no calienta como la que utiliza en la peluquería, aunque reconoce"
es_0820483,0,0,1,"El comprador nunca recibió el producto y critica a Amazon por no controlar adecuadamente a los vendedores, lo que indica una experiencia extremadamente negativa.","{""rating"": 1, ""reasoning"": ""El comprador nunca recibió el producto y critica a Amazon por no controlar adecuadamente a los vendedores, lo que indica una experiencia extremadamente negativa.""}"
es_0878673,2,2,3,"La reseña es neutral, el producto cumple con sus expectativas básicas pero tiene un defecto importante para el usuario, por lo que se sitúa en un punto intermedio entre una calificación baja y alta.","{""rating"": 3, ""reasoning"": ""La reseña es neutral, el producto cumple con sus expectativas básicas pero tiene un defecto importante para el usuario, por lo que se sitúa en un punto intermedio entre una calificación baja y alta.""}"
es_0240898,4,4,5,"La reseña es breve y positiva, destacando la facilidad de tomar el producto y su sabor suave, lo que sugiere una experiencia satisfactoria y una calificación alta.","{""rating"": 5, ""reasoning"": ""La reseña es breve y positiva, destacando la facilidad de tomar el producto y su sabor suave, lo que sugiere una experiencia satisfactoria y una calificación alta.""}"
es_0322250,1,1,2,,"{""rating"": 2, ""reasoning"": ""El reseñador describe el producto como'muy normalita' y 'feisima', lo que indica insatisfacción con su apariencia y calidad, aunque menciona que cumple su función, lo que evita una"
es_0786202,4,4,5,,"{""rating"": 5, ""reasoning"": ""La reseña utiliza un lenguaje muy positivo, como 'Excelente' y 'Es preciosa', y menciona varias características que la hacen útil y duradera, como la posibilidad de lavar la funda y"
es_0293899,2,2,3,"La reseña es neutral y no expresa una opinión extremadamente positiva o negativa, pero menciona una expectativa no cumplida, lo que sugiere una calificación media.","{""rating"": 3, ""reasoning"": ""La reseña es neutral y no expresa una opinión extremadamente positiva o negativa, pero menciona una expectativa no cumplida, lo que sugiere una calificación media.""}"
es_0677272,0,0,1,"El comprador expresa insatisfacción total con el producto, mencionando que recibió una mezcla de modelos, no puede montarlo y no incluye instrucciones, lo que sugiere una experiencia extremadamente negativa.","{""rating"": 1, ""reasoning"": ""El comprador expresa insatisfacción total con el producto, mencionando que recibió una mezcla de modelos, no puede montarlo y no incluye instrucciones, lo que sugiere una experiencia extremadamente negativa.""}"
es_0589678,1,2,3,"La reseña no expresa una opinión clara del producto, pero menciona una crítica de alguien más, lo que sugiere una opinión neutral o moderada del autor de la reseña.","{""rating"": 3, ""reasoning"": ""La reseña no expresa una opinión clara del producto, pero menciona una crítica de alguien más, lo que sugiere una opinión neutral o moderada del autor de la reseña.""}"
es_0183454,3,2,3,"La reseña es neutral, el usuario menciona que el producto es bueno si se sabe utilizar, pero tiene dificultades para hacerlo, lo que sugiere una experiencia mediocre.","{""rating"": 3, ""reasoning"": ""La reseña es neutral, el usuario menciona que el producto es bueno si se sabe utilizar, pero tiene dificultades para hacerlo, lo que sugiere una experiencia mediocre.""}"
es_0410327,1,2,3,"La reseña indica que el producto tiene buena calidad, pero también menciona un defecto, lo que sugiere una calificación promedio","{""rating"": 3, ""reasoning"": ""La reseña indica que el producto tiene buena calidad, pero también menciona un defecto, lo que sugiere una calificación promedio""}"
es_0663002,4,4,5,"El comprador expresa total satisfacción con el producto, mencionando que cumplió con sus expectativas y hasta superó lo previsto en algún aspecto, lo que indica una experiencia muy positiva.","{""rating"": 5, ""reasoning"": ""El comprador expresa total satisfacción con el producto, mencionando que cumplió con sus expectativas y hasta superó lo previsto en algún aspecto, lo que indica una experiencia muy positiva.""}"
es_0891063,2,1,2,"El producto sirve para un rato, pero luego se astilla, lo que indica una calidad media y un desempeño limitado, merecedor de una calificación de 2 estrellas.","{""rating"": 2, ""reasoning"": ""El producto sirve para un rato, pero luego se astilla, lo que indica una calidad media y un desempeño limitado, merecedor de una calificación de 2 estrellas.""}"
es_0505265,0,0,1,"El comprador expresa insatisfacción con el producto, mencionando que no cumple con sus expectativas de durabilidad, lo que sugiere una calificación muy baja.","{""rating"": 1, ""reasoning"": ""El comprador expresa insatisfacción con el producto, mencionando que no cumple con sus expectativas de durabilidad, lo que sugiere una calificación muy baja.""}"
es_0415133,2,3,4,"La reseña destaca la buena calidad y relación precio, pero menciona un pequeño inconveniente con los colores, lo que sugiere una calificación alta pero no perfecta.","{""rating"": 4, ""reasoning"": ""La reseña destaca la buena calidad y relación precio, pero menciona un pequeño inconveniente con los colores, lo que sugiere una calificación alta pero no perfecta.""}"
es_0483315,1,0,1,"El comprador expresa insatisfacción con el producto porque no se puede borrar lo escrito, lo que hace que el producto sea de un solo uso y no cumple con sus expectativas.","{""rating"": 1, ""reasoning"": ""El comprador expresa insatisfacción con el producto porque no se puede borrar lo escrito, lo que hace que el producto sea de un solo uso y no cumple con sus expectativas.""}"
es_0744513,2,4,5,"La reseña utiliza palabras y frases muy positivas como 'Geniales', 'Muy buenos', 'pintan super bien' y'se borran facil', lo que indica una gran satisfacción con el producto.","{""rating"": 5, ""reasoning"": ""La reseña utiliza palabras y frases muy positivas como 'Geniales', 'Muy buenos', 'pintan super bien' y'se borran facil', lo que indica una gran satisfacción con el producto.""}"
es_0444111,0,0,1,,"{""rating"": 1, ""reasoning"": ""El reseñador utiliza un lenguaje muy negativo, como 'Muy muy malo' y 'Nada recomendable', y menciona que el producto se rompió fácilmente, lo que indica una experiencia extremadamente"
es_0866583,4,4,5,"El lenguaje utilizado es muy positivo, destacando características como la resistencia y la versatilidad del producto, lo que sugiere una experiencia muy satisfactoria.","{""rating"": 5, ""reasoning"": ""El lenguaje utilizado es muy positivo, destacando características como la resistencia y la versatilidad del producto, lo que sugiere una experiencia muy satisfactoria.""}"
es_0469230,4,4,5,"La reseña es muy breve pero enfatiza la puntualidad y rapidez de la entrega, lo que sugiere que el cliente está muy satisfecho con el servicio.","{""rating"": 5, ""reasoning"": ""La reseña es muy breve pero enfatiza la puntualidad y rapidez de la entrega, lo que sugiere que el cliente está muy satisfecho con el servicio.""}"
es_0416802,0,0,1,,"{""rating"": 1, ""reasoning"": ""La reseña menciona que el producto duró muy poco, específicamente una semana, y que tenía problemas de funcionamiento, como la dificultad para tocar la pantalla en los bordes y que se despegó después de"
es_0735717,0,0,1,,"{""rating"": 1, ""reasoning"": ""La reseña expresa insatisfacción con el tiempo de entrega, mencionando que el producto no ha llegado a pesar de haberse pedido con un mes de antelación y haber pasado la fecha de entrega esperada."""
es_0147951,1,1,2,,"{""rating"": 2, ""reasoning"": ""El comprador expresa insatisfacción con el producto debido a que no se parece a la foto, tiene defectos de fabricación y llegó dañado, pero no lo devolvió por pereza, lo que sug"
es_0730103,3,4,5,"La reseña es muy positiva, destacando que la cafetera está muy bien, es rápida y fácil de limpiar, lo que sugiere una experiencia muy satisfactoria.","{""rating"": 5, ""reasoning"": ""La reseña es muy positiva, destacando que la cafetera está muy bien, es rápida y fácil de limpiar, lo que sugiere una experiencia muy satisfactoria.""}"
es_0734912,2,2,3,,"{""rating"": 3, ""reasoning"": ""La reseña menciona que el producto es muy bonito, lo que sugiere una calificación positiva, pero también menciona que hace ruido, lo que es un aspecto negativo, por lo que se puede inferir"
es_0494184,0,0,1,"El comprador expresa insatisfacción porque no ha recibido el producto después de más de un mes y medio, lo que indica una experiencia muy negativa","{""rating"": 1, ""reasoning"": ""El comprador expresa insatisfacción porque no ha recibido el producto después de más de un mes y medio, lo que indica una experiencia muy negativa""}"
es_0399448,2,2,3,,"{""rating"": 3, ""reasoning"": ""La reseña describe el producto como casi elegante y de calidad, pero menciona defectos de calidad al observarlo de cerca. El comentario final de que está bien para el precio y ver la hora sugiere una evaluación neutral,"
es_0254998,1,2,3,,"{""rating"": 3, ""reasoning"": ""La reseñadora está satisfecha con la calidad de la cámara y la conexión a Wi-Fi, pero experimentó problemas después de que terminó la suscripción gratuita, lo que la llevó a no querer pagar por"
es_0848007,4,4,5,,"{""rating"": 5, ""reasoning"": ""La reseña utiliza términos positivos como 'Buena calidad' y 'Muy buena calidad', y no menciona ninguna crítica o aspecto negativo, lo que sugiere una evaluación muy positiva del producto."""
es_0643095,0,0,1,"El cliente expresa insatisfacción con su pedido, mencionando que recibió un producto diferente al que solicitó, lo que indica una experiencia muy negativa.","{""rating"": 1, ""reasoning"": ""El cliente expresa insatisfacción con su pedido, mencionando que recibió un producto diferente al que solicitó, lo que indica una experiencia muy negativa.""}"
es_0095007,3,3,4,,"{""rating"": 4, ""reasoning"": ""La reseña es muy positiva, destacando la versatilidad y funcionalidad del producto, la calidad del sonido con auriculares bluetooth y la utilidad de características como el botón de grabación y la pos"
es_0401000,4,2,3,,"{""rating"": 3, ""reasoning"": ""La reseña menciona aspectos positivos como la calidad y el diseño, pero también destaca varios puntos negativos como la exposición de la lente a daños y el soporte inadecuado para soldadores de"
es_0701507,4,4,5,"La reseña expresa una gran satisfacción con el producto, mencionando que la hija está feliz y que el producto es perfecto, lo que sugiere una calificación máxima.","{""rating"": 5, ""reasoning"": ""La reseña expresa una gran satisfacción con el producto, mencionando que la hija está feliz y que el producto es perfecto, lo que sugiere una calificación máxima.""}"
es_0099779,1,1,2,"La reseña menciona problemas con la pantalla y el tacto, pero también menciona que la calidad es de esperar para el precio, lo que sugiere una calificación baja pero no la más baja posible.","{""rating"": 2, ""reasoning"": ""La reseña menciona problemas con la pantalla y el tacto, pero también menciona que la calidad es de esperar para el precio, lo que sugiere una calificación baja pero no la más baja posible.""}"
es_0674500,4,4,5,"La reseña utiliza palabras como 'Muy útil' y 'perfecto', lo que indica una opinión muy positiva sobre el producto.","{""rating"": 5, ""reasoning"": ""La reseña utiliza palabras como 'Muy útil' y 'perfecto', lo que indica una opinión muy positiva sobre el producto.""}"
es_0169968,4,3,4,"La reseña indica que el producto es original y funciona perfectamente, pero menciona una pega menor relacionada con la elección de color, lo que sugiere una calificación alta pero no perfecta.","{""rating"": 4, ""reasoning"": ""La reseña indica que el producto es original y funciona perfectamente, pero menciona una pega menor relacionada con la elección de color, lo que sugiere una calificación alta pero no perfecta.""}"
es_0761599,4,4,5,"El reseñador utiliza palabras positivas como 'barato' y 'de calidad', lo que indica una opinión muy favorable del producto, lo que sugiere una calificación de 5 estrellas.","{""rating"": 5, ""reasoning"": ""El reseñador utiliza palabras positivas como 'barato' y 'de calidad', lo que indica una opinión muy favorable del producto, lo que sugiere una calificación de 5 estrellas.""}"
es_0026904,3,4,5,,"{""rating"": 5, ""reasoning"": ""La reseña es muy positiva, el cliente está satisfecho con el producto y su funcionamiento, menciona beneficios como la reducción del pelo y la suavidad de la zona tratada, además de expresar"
es_0546527,2,2,3,"La reseña menciona que la carcasa es genial, pero el protector de pantalla es demasiado pequeño, lo que sugiere una experiencia mixta y por lo tanto una calificación media de 3 estrellas.","{""rating"": 3, ""reasoning"": ""La reseña menciona que la carcasa es genial, pero el protector de pantalla es demasiado pequeño, lo que sugiere una experiencia mixta y por lo tanto una calificación media de 3 estrellas.""}"
es_0852224,1,0,1,"El comprador se siente engañado por el tamaño del producto, lo que sugiere una experiencia negativa y una baja calificación","{""rating"": 1, ""reasoning"": ""El comprador se siente engañado por el tamaño del producto, lo que sugiere una experiencia negativa y una baja calificación""}"
es_0858378,2,2,3,"El cliente está satisfecho con el funcionamiento del radiador, pero critica la calidad del soporte a pared, lo que sugiere una calificación promedio.","{""rating"": 3, ""reasoning"": ""El cliente está satisfecho con el funcionamiento del radiador, pero critica la calidad del soporte a pared, lo que sugiere una calificación promedio.""}"
es_0959179,2,1,2,,"{""rating"": 2, ""reasoning"": ""La reseña expresa insatisfacción con la calidad del producto y menciona problemas con el teclado, pero también indica que sigue funcionando después de unos meses, lo que sugiere que no es completamente inútil, por lo"
es_0551928,3,1,2,,"{""rating"": 2, ""reasoning"": ""La reseña menciona un problema con el producto, específicamente que no ahuyenta a los mosquitos del todo, lo que sugiere una calificación baja, pero no la más baja, ya que no es una crítica"
es_0884091,0,0,1,,"{""rating"": 1, ""reasoning"": ""El cliente expresa insatisfacción con el producto y el proceso de devolución, mencionando que no recibió el reembolso del importe del mensajero y que no considera a la empresa como una buena opción para"
es_0282405,2,2,3,"El producto tiene un defecto de embalaje, pero en general el cliente está satisfecho con el resto del producto, lo que sugiere una calificación promedio.","{""rating"": 3, ""reasoning"": ""El producto tiene un defecto de embalaje, pero en general el cliente está satisfecho con el resto del producto, lo que sugiere una calificación promedio.""}"
es_0114047,0,0,1,,"{""rating"": 1, ""reasoning"": ""El reseñador expresa una gran insatisfacción con el producto, mencionando que no es compatible con el disco duro WD Elements a pesar de venderse juntos, lo que considera una mala publicidad y"
es_0004693,2,2,3,,"{""rating"": 3, ""reasoning"": ""La reseña menciona que los productos parecen de calidad inferior y que la punta podría romperse, pero también menciona que cumplen con su función después de probarlos, lo que sugiere una calificación promedio."""
es_0034893,0,0,1,"La reseña menciona que el producto no cumple con las expectativas y tiene problemas funcionales, como apagarse solo y no poder escuchar las llamadas, lo que indica una experiencia muy negativa del cliente.","{""rating"": 1, ""reasoning"": ""La reseña menciona que el producto no cumple con las expectativas y tiene problemas funcionales, como apagarse solo y no poder escuchar las llamadas, lo que indica una experiencia muy negativa del cliente.""}"
es_0553325,0,0,1,,"{""rating"": 1, ""reasoning"": ""El reseñador está extremadamente insatisfecho con el producto, menciona que no cumple con su función principal y que ha tenido que devolverlo, lo que indica una mala experiencia y una calificación muy baja"
es_0521974,0,0,1,"El cliente expresa insatisfacción total con el rotulador, que es el producto principal, ya que no pinta por ninguna de sus puntas, lo que indica una falla significativa en el producto.","{""rating"": 1, ""reasoning"": ""El cliente expresa insatisfacción total con el rotulador, que es el producto principal, ya que no pinta por ninguna de sus puntas, lo que indica una falla significativa en el producto.""}"
es_0219878,0,0,1,"El cliente expresa insatisfacción total con su experiencia, nunca recibió el pedido y no obtuvo explicación alguna, lo que indica una mala experiencia que justifica la calificación más baja.","{""rating"": 1, ""reasoning"": ""El cliente expresa insatisfacción total con su experiencia, nunca recibió el pedido y no obtuvo explicación alguna, lo que indica una mala experiencia que justifica la calificación más baja.""}"
es_0016786,4,4,5,"La reseña es breve pero muy positiva, mencionando que todo estuvo bien, el producto llegó rápido y con buen embalaje, lo que sugiere una experiencia de compra satisfactoria.","{""rating"": 5, ""reasoning"": ""La reseña es breve pero muy positiva, mencionando que todo estuvo bien, el producto llegó rápido y con buen embalaje, lo que sugiere una experiencia de compra satisfactoria.""}"
es_0606871,4,4,5,"La reseña utiliza palabras muy positivas como 'Perfecta' y 'Lo recomiendo', lo que indica una experiencia completamente satisfactoria con el producto.","{""rating"": 5, ""reasoning"": ""La reseña utiliza palabras muy positivas como 'Perfecta' y 'Lo recomiendo', lo que indica una experiencia completamente satisfactoria con el producto.""}"
es_0514803,3,4,5,"El reseñador utiliza términos positivos como 'buen precio', 'piel con una terminación adecuada', 'funcional y barato', lo que sugiere una alta satisfacción con el producto.","{""rating"": 5, ""reasoning"": ""El reseñador utiliza términos positivos como 'buen precio', 'piel con una terminación adecuada', 'funcional y barato', lo que sugiere una alta satisfacción con el producto.""}"
es_0750519,0,0,1,"La reseña expresa insatisfacción y frustración con el tiempo de entrega y la falta de información sobre el estado del pedido, lo que sugiere una mala experiencia del cliente con el servicio de Amazon.","{""rating"": 1, ""reasoning"": ""La reseña expresa insatisfacción y frustración con el tiempo de entrega y la falta de información sobre el estado del pedido, lo que sugiere una mala experiencia del cliente con el servicio de Amazon.""}"
es_0301472,2,1,2,"El comprador expresa insatisfacción con el tamaño de la pala y el funcionamiento del cierre anti bloqueo, además de considerar que el precio es demasiado alto en comparación con tiendas especializadas.","{""rating"": 2, ""reasoning"": ""El comprador expresa insatisfacción con el tamaño de la pala y el funcionamiento del cierre anti bloqueo, además de considerar que el precio es demasiado alto en comparación con tiendas especializadas.""}"
es_0809340,4,4,5,,"{""rating"": 5, ""reasoning"": ""La reseña utiliza un lenguaje muy positivo, calificando el producto como 'el mejor smartwatch' y destacando varias de sus características, como la duración de la batería y la resistencia al agua,"
es_0690678,0,0,1,,"{""rating"": 1, ""reasoning"": ""El comprador expresa una experiencia extremadamente negativa con el producto, mencionando que se bloqueó dos veces después de un uso mínimo y que no volverá a comprar nada similar, lo que indica una gran insatisfacción y una"
es_0084647,4,4,5,,"{""rating"": 5, ""reasoning"": ""La reseña utiliza palabras positivas como 'Encanta' y 'Muy bonitas', lo que indica una opinión muy favorable del producto, y no menciona ninguna queja o crítica, por lo que se puede inferir"
es_0194280,1,2,3,,"{""rating"": 3, ""reasoning"": ""La reseña expresa insatisfacción con el valor de la edición coleccionista, calificándola de pobre y sobrevalorada, pero al mismo tiempo elogia el juego en sí, indicando que está bien"
es_0805182,0,0,1,"El reseñador expresa frustración y descontento debido a un retraso significativo en la entrega del producto, lo que sugiere una experiencia muy negativa.","{""rating"": 1, ""reasoning"": ""El reseñador expresa frustración y descontento debido a un retraso significativo en la entrega del producto, lo que sugiere una experiencia muy negativa.""}"
es_0495526,1,1,2,,"{""rating"": 2, ""reasoning"": ""El reseñador expresa decepción y molestia con la falta de funcionalidad de los botones laterales y la ausencia de drivers, aunque menciona que el ratón es cómodo y tiene un buen precio, lo"
es_0510655,3,4,5,"El reseñador expresa satisfacción total con el producto, mencionando que cumple con sus expectativas, el servicio fue rápido y el precio fue bueno, además de recomendar el producto.","{""rating"": 5, ""reasoning"": ""El reseñador expresa satisfacción total con el producto, mencionando que cumple con sus expectativas, el servicio fue rápido y el precio fue bueno, además de recomendar el producto.""}"
es_0705510,4,4,5,"El comprador expresa total satisfacción con el producto, indicando que coincide con la descripción y tiene un precio atractivo, lo que sugiere una experiencia muy positiva.","{""rating"": 5, ""reasoning"": ""El comprador expresa total satisfacción con el producto, indicando que coincide con la descripción y tiene un precio atractivo, lo que sugiere una experiencia muy positiva.""}"
es_0057653,0,0,1,,"{""rating"": 1, ""reasoning"": ""La reseña expresa insatisfacción con el vendedor debido a un retraso en la entrega, lo que generó un gran disgusto, y aunque el producto en sí fue bien recibido, la mala experiencia con el"
es_0768186,4,4,5,"El cliente utiliza palabras como 'excelente', 'perfectamente','muy contento' y'muy buen producto', lo que indica una gran satisfacción con el producto y sugiere una calificación de 5 estrellas.","{""rating"": 5, ""reasoning"": ""El cliente utiliza palabras como 'excelente', 'perfectamente','muy contento' y'muy buen producto', lo que indica una gran satisfacción con el producto y sugiere una calificación de 5 estrellas.""}"
es_0013924,4,4,5,"La reseña utiliza palabras positivas como 'grande','resistente','muy bonito' y 'lo recomiendo', lo que indica una opinión muy favorable del producto.","{""rating"": 5, ""reasoning"": ""La reseña utiliza palabras positivas como 'grande','resistente','muy bonito' y 'lo recomiendo', lo que indica una opinión muy favorable del producto.""}"
es_0717708,0,0,1,,"{""rating"": 1, ""reasoning"": ""La reseña expresa una gran insatisfacción con el producto, mencionando que llegó roto y que la falta de embalaje adecuado para un producto frágil es inaceptable, lo que sug"
es_0561910,1,0,1,"La reseña menciona un fallo significativo en el producto que afecta su funcionalidad principal, lo que sugiere una mala experiencia del usuario y una calificación baja.","{""rating"": 1, ""reasoning"": ""La reseña menciona un fallo significativo en el producto que afecta su funcionalidad principal, lo que sugiere una mala experiencia del usuario y una calificación baja.""}"
es_0950540,3,3,4,,"{""rating"": 4, ""reasoning"": ""La reseña es generalmente positiva, destacando la efectividad del calentador para su propósito y recomendándolo para ciertos grupos de personas, aunque menciona una pequeña desventaja en la diferencia entre los nive"
es_0027177,3,4,5,,"{""rating"": 5, ""reasoning"": ""La reseña es breve y solo menciona aspectos positivos, como la rapidez en el envío y el uso adecuado del producto como silla de estudio, sin mencionar ninguna queja o aspecto negativo"
es_0377489,1,0,1,"El comprador expresa decepción y menciona un problema de calidad con el producto, específicamente que el plástico se salió después de solo 3 meses de uso, lo que indica una baja satisfacción con la compra.","{""rating"": 1, ""reasoning"": ""El comprador expresa decepción y menciona un problema de calidad con el producto, específicamente que el plástico se salió después de solo 3 meses de uso, lo que indica una baja satisfacción con la compra.""}"
es_0842698,2,2,3,"El reseñador menciona que el producto es bueno, pero tuvo un problema con el paquete que venia caliente, lo que lleva a una calificación neutral de 3 estrellas.","{""rating"": 3, ""reasoning"": ""El reseñador menciona que el producto es bueno, pero tuvo un problema con el paquete que venia caliente, lo que lleva a una calificación neutral de 3 estrellas.""}"
es_0495892,3,4,5,"El reseñador describe el producto como 'Perfecto', indica que funciona bien y es fácil de instalar, lo que sugiere una experiencia muy positiva.","{""rating"": 5, ""reasoning"": ""El reseñador describe el producto como 'Perfecto', indica que funciona bien y es fácil de instalar, lo que sugiere una experiencia muy positiva.""}"
es_0467947,4,4,5,"La reseña es breve pero muy positiva, utilizando palabras como 'Buena calidad' y 'Perfecto', lo que sugiere una experiencia extremadamente satisfactoria con el producto.","{""rating"": 5, ""reasoning"": ""La reseña es breve pero muy positiva, utilizando palabras como 'Buena calidad' y 'Perfecto', lo que sugiere una experiencia extremadamente satisfactoria con el producto.""}"
es_0423416,3,4,5,"La reseña es breve pero utiliza palabras positivas como 'bonita' y 'buena calidad', lo que sugiere una opinión muy favorable del producto.","{""rating"": 5, ""reasoning"": ""La reseña es breve pero utiliza palabras positivas como 'bonita' y 'buena calidad', lo que sugiere una opinión muy favorable del producto.""}"
es_0758989,3,1,2,,"{""rating"": 2, ""reasoning"": ""La reseña expresa insatisfacción con el producto, utilizando una palabra negativa ('Bah') y sugiriendo que es mejor gastar más dinero en algo mejor, aunque menciona que podría ser una opción para iniciarse en smart"
es_0049402,1,0,1,"La reseña expresa insatisfacción con el tamaño del producto, la calidad de las ruedas y la estabilidad, lo que sugiere una mala experiencia del cliente con el producto.","{""rating"": 1, ""reasoning"": ""La reseña expresa insatisfacción con el tamaño del producto, la calidad de las ruedas y la estabilidad, lo que sugiere una mala experiencia del cliente con el producto.""}"
es_0782781,2,0,1,"El cliente expresa insatisfacción con el producto, mencionando que se rompió al primer golpe y planea buscar una mejor calidad en su próxima compra.","{""rating"": 1, ""reasoning"": ""El cliente expresa insatisfacción con el producto, mencionando que se rompió al primer golpe y planea buscar una mejor calidad en su próxima compra.""}"
es_0500743,2,4,5,"El comprador expresa satisfacción con la compra y confirma que el producto coincide con la descripción, lo que sugiere una experiencia positiva y sin problemas.","{""rating"": 5, ""reasoning"": ""El comprador expresa satisfacción con la compra y confirma que el producto coincide con la descripción, lo que sugiere una experiencia positiva y sin problemas.""}"
es_0702492,3,3,4,,"{""rating"": 4, ""reasoning"": ""El cliente menciona aspectos positivos como el volumen y el olor, pero también menciona un aspecto negativo, la sensación áspera al lavarse el cabello, lo que sugiere una calificación alta"
es_0508548,0,0,1,,"{""rating"": 1, ""reasoning"": ""El reseñador utiliza un lenguaje muy negativo para describir el producto, mencionando problemas con los materiales, el diseño y la funcionalidad, y expresa arrepentimiento por la compra, lo que"
es_0042231,2,0,1,"La reseña expresa insatisfacción total con el producto, mencionando que no cumple con lo prometido y que devuelve resultados inexactos, lo que sugiere una experiencia muy negativa.","{""rating"": 1, ""reasoning"": ""La reseña expresa insatisfacción total con el producto, mencionando que no cumple con lo prometido y que devuelve resultados inexactos, lo que sugiere una experiencia muy negativa.""}"
es_0643994,3,4,5,"La reseña utiliza palabras positivas como 'práctico' y 'cómodo', lo que sugiere una opinión muy favorable del producto.","{""rating"": 5, ""reasoning"": ""La reseña utiliza palabras positivas como 'práctico' y 'cómodo', lo que sugiere una opinión muy favorable del producto.""}"
es_0453939,3,4,5,,"{""rating"": 5, ""reasoning"": ""El reseñador utiliza términos positivos como 'Buen producto', 'cumple su función' y '100% recomendado', lo que indica una alta satisfacción con el producto y sugiere una calificación máxima."""
es_0600458,4,4,5,"La reseña utiliza palabras positivas como 'Divertido' y 'Genial', lo que indica una opinión muy favorable del producto.","{""rating"": 5, ""reasoning"": ""La reseña utiliza palabras positivas como 'Divertido' y 'Genial', lo que indica una opinión muy favorable del producto.""}"
es_0709280,2,2,3,"La reseña describe el producto como bueno, pero también menciona que es excesivamente caro y no aporta muchas novedades, lo que sugiere una calificación neutral o promedio.","{""rating"": 3, ""reasoning"": ""La reseña describe el producto como bueno, pero también menciona que es excesivamente caro y no aporta muchas novedades, lo que sugiere una calificación neutral o promedio.""}"
es_0642289,3,4,5,"El reseñador utiliza términos positivos como 'Buen producto','muy útil' y 'práctico', lo que sugiere una alta satisfacción con el producto.","{""rating"": 5, ""reasoning"": ""El reseñador utiliza términos positivos como 'Buen producto','muy útil' y 'práctico', lo que sugiere una alta satisfacción con el producto.""}"
es_0242949,3,3,4,,"{""rating"": 4, ""reasoning"": ""La reseña es generalmente positiva, destacando que el producto cumple su función y tiene un bonito diseño, pero menciona un aspecto negativo menor relacionado con la capacidad del tanque, lo que sugiere una"
es_0138711,4,4,5,"La reseña es muy positiva, destacando la utilidad del producto y mencionando características específicas que lo hacen práctico y fácil de usar, sin mencionar ninguna crítica o aspecto negativo.","{""rating"": 5, ""reasoning"": ""La reseña es muy positiva, destacando la utilidad del producto y mencionando características específicas que lo hacen práctico y fácil de usar, sin mencionar ninguna crítica o aspecto negativo.""}"
es_0139203,0,0,1,"El comprador está insatisfecho con el producto recibido, ya que no coincide con la descripción proporcionada, lo que indica una experiencia negativa y una falta de confianza en el vendedor.","{""rating"": 1, ""reasoning"": ""El comprador está insatisfecho con el producto recibido, ya que no coincide con la descripción proporcionada, lo que indica una experiencia negativa y una falta de confianza en el vendedor.""}"
es_0752205,2,0,1,,"{""rating"": 1, ""reasoning"": ""La reseña expresa una opinión muy negativa sobre el producto, mencionando que no merece la pena comprar y que la sensación de limpieza no es la misma que con otro producto específico, lo que sug"
es_0974286,3,4,5,"El reseñador expresa gratitud hacia el vendedor por solucionar un problema con el reparto de manera eficiente, lo que indica una experiencia muy positiva.","{""rating"": 5, ""reasoning"": ""El reseñador expresa gratitud hacia el vendedor por solucionar un problema con el reparto de manera eficiente, lo que indica una experiencia muy positiva.""}"
es_0486376,2,0,1,"La reseña expresa insatisfacción y decepción con la política de devolución y los gastos de envío adicionales, lo que sugiere una mala experiencia con el producto y el servicio al cliente.","{""rating"": 1, ""reasoning"": ""La reseña expresa insatisfacción y decepción con la política de devolución y los gastos de envío adicionales, lo que sugiere una mala experiencia con el producto y el servicio al cliente.""}"
es_0659894,1,1,2,,"{""rating"": 2, ""reasoning"": ""La reseña menciona varios problemas con la cafetera, como la dificultad para limpiarla, el interior del depósito que se ve feo después de una semana y la necesidad de cerrarla con mucha"
es_0280071,4,4,5,,"{""rating"": 5, ""reasoning"": ""El cliente describe el producto como 'excelente', menciona que no se sintió herido durante el uso y que el dispositivo fue efectivo en la eliminación del punto, lo que sugiere una experiencia muy positiva y satisfactoria"
es_0373511,2,4,5,"El comprador describe el producto como recibido en perfecto estado, limpio y con acabado perfecto, lo que sugiere una experiencia de compra muy satisfactoria.","{""rating"": 5, ""reasoning"": ""El comprador describe el producto como recibido en perfecto estado, limpio y con acabado perfecto, lo que sugiere una experiencia de compra muy satisfactoria.""}"
es_0846274,0,0,1,"El reseñador expresa claramente su insatisfacción con el libro, utilizando palabras como 'decepcionante' y mencionando que no les gustó, lo que sugiere una calificación muy baja.","{""rating"": 1, ""reasoning"": ""El reseñador expresa claramente su insatisfacción con el libro, utilizando palabras como 'decepcionante' y mencionando que no les gustó, lo que sugiere una calificación muy baja.""}"
es_0845408,1,1,2,,"{""rating"": 2, ""reasoning"": ""La reseña menciona varios defectos importantes del producto, como el forro interno suelto y la falta de antideslizante, lo que genera problemas de uso, aunque también se mencionan algunos aspectos posit"
es_0982518,4,4,5,"La reseña es breve pero indica que el producto cumple con las expectativas del comprador, lo que sugiere una experiencia positiva y una calificación alta.","{""rating"": 5, ""reasoning"": ""La reseña es breve pero indica que el producto cumple con las expectativas del comprador, lo que sugiere una experiencia positiva y una calificación alta.""}"
es_0681489,2,2,3,"El cliente está satisfecho con el producto y lo encuentra útil, pero tiene problemas con el vendedor para obtener la factura de garantía, lo que le impide dar una calificación más alta por ahora.","{""rating"": 3, ""reasoning"": ""El cliente está satisfecho con el producto y lo encuentra útil, pero tiene problemas con el vendedor para obtener la factura de garantía, lo que le impide dar una calificación más alta por ahora.""}"
es_0265202,1,0,1,"El cliente expresa insatisfacción con el producto, mencionando fallos después de una semana de uso, problemas de carga y apagado, lo que sugiere una mala experiencia y una baja calificación","{""rating"": 1, ""reasoning"": ""El cliente expresa insatisfacción con el producto, mencionando fallos después de una semana de uso, problemas de carga y apagado, lo que sugiere una mala experiencia y una baja calificación""}"
es_0209571,1,0,1,,"{""rating"": 1, ""reasoning"": ""El reseñador menciona que el producto es barato, pero critica duramente su calidad, especificando un problema con la rejilla interna que se desmontó fácilmente, lo que sugiere una experiencia muy negativa"
es_0414167,2,2,3,"La reseña indica que el producto es correcto, pero el comprador lo encuentra un poco caro y tiene algunas reservas sobre los materiales utilizados, lo que sugiere una calificación neutral o promedio.","{""rating"": 3, ""reasoning"": ""La reseña indica que el producto es correcto, pero el comprador lo encuentra un poco caro y tiene algunas reservas sobre los materiales utilizados, lo que sugiere una calificación neutral o promedio.""}"
es_0014812,4,4,5,"La reseña es muy positiva, menciona que el producto es resistente y que su hija lo utiliza diariamente sin problemas, lo que indica una alta satisfacción con el producto.","{""rating"": 5, ""reasoning"": ""La reseña es muy positiva, menciona que el producto es resistente y que su hija lo utiliza diariamente sin problemas, lo que indica una alta satisfacción con el producto.""}"
es_0943704,4,4,5,"El reseñador expresa sorpresa por la calidad robusta del plástico y lo encuentra muy útil, lo que sugiere una experiencia muy positiva con el producto.","{""rating"": 5, ""reasoning"": ""El reseñador expresa sorpresa por la calidad robusta del plástico y lo encuentra muy útil, lo que sugiere una experiencia muy positiva con el producto.""}"
es_0676362,4,4,5,"La reseña es breve pero positiva, indicando que el producto ha funcionado bien hasta el momento, lo que sugiere una experiencia satisfactoria y una calificación alta.","{""rating"": 5, ""reasoning"": ""La reseña es breve pero positiva, indicando que el producto ha funcionado bien hasta el momento, lo que sugiere una experiencia satisfactoria y una calificación alta.""}"
es_0984526,1,1,2,,"{""rating"": 2, ""reasoning"": ""La reseña menciona varios defectos del producto, como que la funda no se ajusta bien, se ensucia y se raya fácilmente, y el cristal se rompió después de solo dos semanas, lo"
es_0078893,0,0,1,,"{""rating"": 1, ""reasoning"": ""La reseña utiliza un lenguaje muy negativo, como 'fatal' y 'he quedado muy descontenta', y describe una experiencia de compra muy mala con errores de envío y dificultades para obtener una dev"
es_0927306,0,0,1,"El cliente utiliza palabras fuertes como 'estafa' y expresa una opinión desfavorable debido al tamaño del producto, lo que indica una experiencia muy mala.","{""rating"": 1, ""reasoning"": ""El cliente utiliza palabras fuertes como 'estafa' y expresa una opinión desfavorable debido al tamaño del producto, lo que indica una experiencia muy mala.""}"
es_0195765,3,4,5,"La reseña es positiva y menciona que el producto se ajusta perfectamente y es fácil de colocar, lo que sugiere una experiencia satisfactoria y sin problemas.","{""rating"": 5, ""reasoning"": ""La reseña es positiva y menciona que el producto se ajusta perfectamente y es fácil de colocar, lo que sugiere una experiencia satisfactoria y sin problemas.""}"
es_0970744,1,0,1,"El cliente está insatisfecho con el producto porque le faltan piezas, lo que indica una experiencia negativa y una baja calificación.","{""rating"": 1, ""reasoning"": ""El cliente está insatisfecho con el producto porque le faltan piezas, lo que indica una experiencia negativa y una baja calificación.""}"
es_0101265,4,4,5,"El reseñador expresa completa satisfacción con el producto, indicando que está en perfecto estado y corresponde a lo ofrecido, lo que sugiere una experiencia positiva y sin problemas.","{""rating"": 5, ""reasoning"": ""El reseñador expresa completa satisfacción con el producto, indicando que está en perfecto estado y corresponde a lo ofrecido, lo que sugiere una experiencia positiva y sin problemas.""}"
es_0900627,4,4,5,"El lenguaje utilizado es extremadamente positivo, con palabras como 'Sencillamente perfecto' y 'exactamente el producto correcto', lo que indica una alta satisfacción con el producto.","{""rating"": 5, ""reasoning"": ""El lenguaje utilizado es extremadamente positivo, con palabras como 'Sencillamente perfecto' y 'exactamente el producto correcto', lo que indica una alta satisfacción con el producto.""}"
es_0222616,1,1,2,,"{""rating"": 2, ""reasoning"": ""El reseñador expresa decepción con la estructura del libro, considerando que la introducción es demasiado extensa y no se centra lo suficiente en el tema principal, lo que sugiere una experiencia negativa pero"
es_0526258,3,3,4,"La reseña destaca la buena calidad de imagen y sonido, pero menciona una pequeña pega con la señal de presencia, lo que sugiere una calificación alta pero no perfecta.","{""rating"": 4, ""reasoning"": ""La reseña destaca la buena calidad de imagen y sonido, pero menciona una pequeña pega con la señal de presencia, lo que sugiere una calificación alta pero no perfecta.""}"
es_0140320,0,0,1,"El comprador reporta un error en el producto que lo hace inutilizable, lo que sugiere una experiencia extremadamente negativa y una calificación de 1 estrella.","{""rating"": 1, ""reasoning"": ""El comprador reporta un error en el producto que lo hace inutilizable, lo que sugiere una experiencia extremadamente negativa y una calificación de 1 estrella.""}"
es_0995892,0,0,1,,"{""rating"": 1, ""reasoning"": ""El producto dejó de funcionar después de solo 2 meses de uso, lo que indica una baja calidad o falta de durabilidad, y el cliente está solicitando una reparación o reemplazo bajo garantía, lo que sugiere"
es_0491108,0,0,1,,"{""rating"": 1, ""reasoning"": ""El comprador expresa insatisfacción con el producto debido a un problema técnico (pantalla dañada) que ocurrió en un plazo muy corto (menos de 8 meses) y no ha recibido respuesta"
es_0671755,3,3,4,,"{""rating"": 4, ""reasoning"": ""La reseña es generalmente positiva, destacando la buena calidad-precio y el funcionamiento correcto de las gafas polarizadas, aunque menciona algunas pequeñas deficiencias como el ruido al manipularlas"
es_0274011,4,4,5,"La reseña utiliza un lenguaje muy positivo, como 'Fantastico' y 'Me ha enganchado desde el principio', lo que indica una experiencia muy satisfactoria con el producto.","{""rating"": 5, ""reasoning"": ""La reseña utiliza un lenguaje muy positivo, como 'Fantastico' y 'Me ha enganchado desde el principio', lo que indica una experiencia muy satisfactoria con el producto.""}"
es_0255838,3,3,4,"La reseña es breve y positiva, mencionando que el producto cumple con sus funciones correctamente, lo que sugiere una experiencia satisfactoria pero no excepcional.","{""rating"": 4, ""reasoning"": ""La reseña es breve y positiva, mencionando que el producto cumple con sus funciones correctamente, lo que sugiere una experiencia satisfactoria pero no excepcional.""}"
es_0109266,0,0,1,,"{""rating"": 1, ""reasoning"": ""La reseña es extremadamente negativa, mencionando varios problemas con el producto, como el caudal de agua insuficiente, la dificultad para usar cubitos de hielo, el ruido y la p"
es_0654208,2,1,2,,"{""rating"": 2, ""reasoning"": ""El comprador está insatisfecho porque faltan las bolsitas que se suponían que venían incluidas con el producto, lo que sugiere una falla en la entrega o el empaque, pero aún así muestra"
es_0896667,3,3,4,,"{""rating"": 4, ""reasoning"": ""La reseña destaca varios aspectos positivos del producto, como la buena relación calidad-precio, la conectividad bluetooth, la compatibilidad con tarjetas microsd y pendrives, y la buena recepción de radio,"
es_0325479,4,4,5,"El comprador utiliza la palabra 'Perfecto' y expresa satisfacción con el envío y el producto, lo que indica una experiencia muy positiva.","{""rating"": 5, ""reasoning"": ""El comprador utiliza la palabra 'Perfecto' y expresa satisfacción con el envío y el producto, lo que indica una experiencia muy positiva.""}"
es_0393713,3,3,4,"El reseñador está satisfecho con el producto en general, pero menciona una pequeña pega que no parece ser lo suficientemente grave como para restar más de una estrella.","{""rating"": 4, ""reasoning"": ""El reseñador está satisfecho con el producto en general, pero menciona una pequeña pega que no parece ser lo suficientemente grave como para restar más de una estrella.""}"
es_0290267,1,0,1,,"{""rating"": 1, ""reasoning"": ""La reseña expresa una experiencia muy negativa con el producto, mencionando que se despega fácilmente y que ha tenido que recoger piezas constantemente, lo que indica una gran insatisfacción con la calidad"
es_0316127,1,0,1,,"{""rating"": 1, ""reasoning"": ""La reseña es extremadamente negativa, mencionando que el producto no cumple con las expectativas, es frágil, no protege, no se ajusta bien y tiene un tacto desagradable, lo"
es_0726739,0,0,1,,"{""rating"": 1, ""reasoning"": ""La reseña es extremadamente negativa, mencionando que el producto no se corresponde con la descripción, tiene una calidad muy baja, y un precio excesivo, lo que indica una experiencia muy mala del cliente."""
es_0047736,0,0,1,,"{""rating"": 1, ""reasoning"": ""El cliente expresa insatisfacción con el servicio de reparto, mencionando que no recibió una llamada de aviso y que los paquetes fueron arrojados al suelo, lo que resultó en daños a"
es_0264945,0,0,1,"La reseña utiliza un lenguaje muy negativo para describir el producto, mencionando varios problemas con el sonido y el diseño, lo que indica una experiencia muy insatisfactoria con el producto de Sony.","{""rating"": 1, ""reasoning"": ""La reseña utiliza un lenguaje muy negativo para describir el producto, mencionando varios problemas con el sonido y el diseño, lo que indica una experiencia muy insatisfactoria con el producto de Sony.""}"
es_0349988,3,4,5,"La reseña es positiva y el cliente parece satisfecho con el producto, mencionando que ofrece una mejor iluminación y un aspecto más moderno.","{""rating"": 5, ""reasoning"": ""La reseña es positiva y el cliente parece satisfecho con el producto, mencionando que ofrece una mejor iluminación y un aspecto más moderno.""}"
es_0112777,0,0,1,,"{""rating"": 1, ""reasoning"": ""La reseña utiliza un lenguaje muy negativo, mencionando varios problemas con el producto, como la falta de instrucciones en español, un manejo complicado, una pantalla con luz fija al máximo, y un"
es_0686238,3,4,5,,"{""rating"": 5, ""reasoning"": ""El cliente está satisfecho con el producto, menciona que llegaron perfectamente embalados, la calidad es buena y han aguantado varios lavados sin problema, lo que indica una experiencia positiva y sin quejas."""
es_0879230,1,2,3,,"{""rating"": 3, ""reasoning"": ""El comprador está satisfecho con el tamaño y el material de las bolsas, pero está decepcionado porque la bolsa grande no se queda de pie como esperaba, lo que sugiere una calificación neutral o promedio"
es_0854453,1,0,1,"La reseña menciona dos problemas específicos con el producto, lo que sugiere una mala experiencia del usuario y una calificación baja.","{""rating"": 1, ""reasoning"": ""La reseña menciona dos problemas específicos con el producto, lo que sugiere una mala experiencia del usuario y una calificación baja.""}"
es_0986778,0,1,2,"El producto funcionó bien al principio, pero luego dejó de funcionar correctamente, lo que indica una baja calidad o durabilidad, mereciendo una calificación de 2 estrellas.","{""rating"": 2, ""reasoning"": ""El producto funcionó bien al principio, pero luego dejó de funcionar correctamente, lo que indica una baja calidad o durabilidad, mereciendo una calificación de 2 estrellas.""}"
es_0473535,1,0,1,,"{""rating"": 1, ""reasoning"": ""El cliente expresa desilusión y frustración con el producto, mencionando que no cumplió con sus expectativas de mejorar la cobertura de Wi-Fi en su hogar de dos plantas, y que tuvo problemas con"
es_0801676,4,4,5,"La reseña utiliza palabras muy positivas como 'excelente','maravilloso' y'muy entretenido', lo que sugiere una opinión muy favorable del producto.","{""rating"": 5, ""reasoning"": ""La reseña utiliza palabras muy positivas como 'excelente','maravilloso' y'muy entretenido', lo que sugiere una opinión muy favorable del producto.""}"
es_0049694,3,4,5,,"{""rating"": 5, ""reasoning"": ""El cliente expresa satisfacción con el producto, mencionando que es silencioso y duradero, y aunque menciona que pegarlo a la pared llevó tiempo, no lo considera un problema significativo, lo que sugiere"
es_0981043,1,1,2,,"{""rating"": 2, ""reasoning"": ""La reseña menciona que la calidad del producto es 'justita', lo que sugiere que no es muy buena pero tampoco es mala. Además, la falta de instrucciones es un punto negativo. La expresión"
es_0946980,0,0,1,"El comprador expresa insatisfacción debido a que el plazo de envío no se cumplió, lo que indica una mala experiencia con la compra","{""rating"": 1, ""reasoning"": ""El comprador expresa insatisfacción debido a que el plazo de envío no se cumplió, lo que indica una mala experiencia con la compra""}"
es_0435824,2,0,1,"La reseña menciona dos problemas significativos con el producto: se deshincha rápidamente y hace mucho ruido, lo que indica una mala calidad y funcionamiento.","{""rating"": 1, ""reasoning"": ""La reseña menciona dos problemas significativos con el producto: se deshincha rápidamente y hace mucho ruido, lo que indica una mala calidad y funcionamiento.""}"
es_0986672,2,0,1,,"{""rating"": 1, ""reasoning"": ""El reseñador expresa insatisfacción con la durabilidad del producto, mencionando un problema específico con la goma de los agujeros que se rompe fácilmente, lo que sugiere una mala calidad del"
es_0529879,2,1,2,"La reseña expresa decepción y menciona limitaciones importantes del producto, como la falta de robustez y capacidad de almacenamiento, lo que sugiere una calificación baja.","{""rating"": 2, ""reasoning"": ""La reseña expresa decepción y menciona limitaciones importantes del producto, como la falta de robustez y capacidad de almacenamiento, lo que sugiere una calificación baja.""}"
es_0276990,3,4,5,"La reseña es breve y positiva, mencionando un 'buen producto' y 'rápido envío', lo que sugiere una experiencia completamente satisfactoria.","{""rating"": 5, ""reasoning"": ""La reseña es breve y positiva, mencionando un 'buen producto' y 'rápido envío', lo que sugiere una experiencia completamente satisfactoria.""}"
es_0832494,1,1,2,"El cliente está insatisfecho con el producto debido a su grosor y falta de flexibilidad, lo que le ha causado complicaciones para sustituir el original, pero reconoce que la piel es buena en sí misma.","{""rating"": 2, ""reasoning"": ""El cliente está insatisfecho con el producto debido a su grosor y falta de flexibilidad, lo que le ha causado complicaciones para sustituir el original, pero reconoce que la piel es buena en sí misma.""}"
es_0489200,1,1,2,,"{""rating"": 2, ""reasoning"": ""El cliente expresa insatisfacción porque no recibió el producto que pidió y no fue informado adecuadamente sobre el cambio, aunque menciona que 'por lo demás' todo estuvo bien, lo que sugiere que"
es_0278840,4,4,5,,"{""rating"": 5, ""reasoning"": ""La reseña es muy positiva, el producto es descrito como \""bonitas\"" y \""funcionan perfectamente\"", lo que sugiere una alta satisfacción del cliente, solo se menciona un pequeño detalle que no parece"
es_0323341,4,4,5,"El comprador está satisfecho con la entrega anticipada y el producto parece funcionar correctamente, lo que sugiere una experiencia positiva.","{""rating"": 5, ""reasoning"": ""El comprador está satisfecho con la entrega anticipada y el producto parece funcionar correctamente, lo que sugiere una experiencia positiva.""}"
es_0173776,1,0,1,,"{""rating"": 1, ""reasoning"": ""El reseñador expresa insatisfacción con el producto, mencionando que es estrecho y el colgador es corto, lo que lo hace inútil para su propósito y concluye con un fuerte"
es_0682965,2,0,1,,"{""rating"": 1, ""reasoning"": ""El cliente expresa insatisfacción con la calidad del producto, mencionando que la tela se ha desgarrado y agujereado después de un uso aparentemente normal, lo que sugiere una falta de durabilidad y"
es_0475425,3,2,3,,"{""rating"": 3, ""reasoning"": ""La reseña indica que las gafas en sí están bien, pero tiene un problema con el tamaño y la cinta ajustable, lo que sugiere una experiencia neutral o mediocre, típica de una calificación de 3"
es_0299458,3,4,5,"El comprador expresa satisfacción total con su compra, mencionando que han cumplido sus expectativas, la entrega fue a tiempo y la instalación fue fácil, lo que sugiere una experiencia muy positiva.","{""rating"": 5, ""reasoning"": ""El comprador expresa satisfacción total con su compra, mencionando que han cumplido sus expectativas, la entrega fue a tiempo y la instalación fue fácil, lo que sugiere una experiencia muy positiva.""}"
es_0037748,4,4,5,,"{""rating"": 5, ""reasoning"": ""La reseña es muy positiva, destacando la facilidad de uso y limpieza, la potencia de la máquina y la calidad de los zumos. El único comentario negativo es sobre el zumo de mango,"
es_0075991,3,2,3,"La reseña menciona que la calidad es buena, pero hay una crítica sobre el tamaño de las bolsas de compresión, lo que sugiere una calificación promedio.","{""rating"": 3, ""reasoning"": ""La reseña menciona que la calidad es buena, pero hay una crítica sobre el tamaño de las bolsas de compresión, lo que sugiere una calificación promedio.""}"
es_0845675,0,0,1,"La reseña expresa insatisfacción con el producto, mencionando que no ajusta bien y se queda abierta, lo que indica una mala calidad o funcionamiento del producto.","{""rating"": 1, ""reasoning"": ""La reseña expresa insatisfacción con el producto, mencionando que no ajusta bien y se queda abierta, lo que indica una mala calidad o funcionamiento del producto.""}"
es_0351691,4,4,5,"El reseñante menciona que el producto llegó rápidamente y cumplió con sus expectativas, lo que sugiere una experiencia completamente satisfactoria.","{""rating"": 5, ""reasoning"": ""El reseñante menciona que el producto llegó rápidamente y cumplió con sus expectativas, lo que sugiere una experiencia completamente satisfactoria.""}"
es_0651313,0,0,1,"El comprador expresa frustración y decepción porque no ha recibido su compra, lo que sugiere una experiencia muy negativa.","{""rating"": 1, ""reasoning"": ""El comprador expresa frustración y decepción porque no ha recibido su compra, lo que sugiere una experiencia muy negativa.""}"
es_0600551,1,0,1,,"{""rating"": 1, ""reasoning"": ""El comprador expresa frustración y descontento con el vendedor, mencionando que no pueden proporcionar facturas adecuadas para compras en grandes cantidades, lo que sugiere una mala experiencia y una calificación"
es_0609960,4,4,5,"El cliente está muy satisfecho con el producto, lo describe como 'estupendo' y menciona que ha resuelto su problema de manera rápida y económica.","{""rating"": 5, ""reasoning"": ""El cliente está muy satisfecho con el producto, lo describe como 'estupendo' y menciona que ha resuelto su problema de manera rápida y económica.""}"
es_0479148,2,1,2,"La reseña es breve y solo menciona que el producto es 'correcto', lo que sugiere una satisfacción moderada, pero también menciona un problema con el color, lo que reduce la calificación","{""rating"": 2, ""reasoning"": ""La reseña es breve y solo menciona que el producto es 'correcto', lo que sugiere una satisfacción moderada, pero también menciona un problema con el color, lo que reduce la calificación""}"
es_0825252,3,2,3,,"{""rating"": 3, ""reasoning"": ""La reseña es mixta, el comprador está satisfecho con la programación intuitiva, pero tiene dudas sobre la durabilidad y un punto débil en el sistema de rellenado de comida, lo que sug"
es_0272687,4,4,5,"La reseña utiliza palabras como 'Perfecto' y describe el producto de manera muy positiva, lo que sugiere una calificación máxima.","{""rating"": 5, ""reasoning"": ""La reseña utiliza palabras como 'Perfecto' y describe el producto de manera muy positiva, lo que sugiere una calificación máxima.""}"
es_0073579,3,4,5,"La reseña utiliza palabras como 'ideal' y menciona que ha cumplido todas las expectativas, lo que indica una experiencia muy positiva con el producto.","{""rating"": 5, ""reasoning"": ""La reseña utiliza palabras como 'ideal' y menciona que ha cumplido todas las expectativas, lo que indica una experiencia muy positiva con el producto.""}"
es_0490186,0,0,1,"El reseñador expresa insatisfacción con el producto, considerándolo caro y con poca funcionalidad, lo que sugiere una calificación muy baja.","{""rating"": 1, ""reasoning"": ""El reseñador expresa insatisfacción con el producto, considerándolo caro y con poca funcionalidad, lo que sugiere una calificación muy baja.""}"
es_0852593,0,0,1,"El cliente expresa insatisfacción con el proceso de devolución y reembolso, y ha tenido dificultades para comunicarse con el servicio al cliente, lo que indica una mala experiencia en general.","{""rating"": 1, ""reasoning"": ""El cliente expresa insatisfacción con el proceso de devolución y reembolso, y ha tenido dificultades para comunicarse con el servicio al cliente, lo que indica una mala experiencia en general.""}"
es_0431163,4,4,5,"El comprador expresa total satisfacción con el producto, mencionando que el envío fue rápido, el producto estaba perfectamente protegido y correspondía exactamente a la descripción del vendedor.","{""rating"": 5, ""reasoning"": ""El comprador expresa total satisfacción con el producto, mencionando que el envío fue rápido, el producto estaba perfectamente protegido y correspondía exactamente a la descripción del vendedor.""}"
es_0749303,3,4,5,"La reseña es breve pero positiva, mencionando la buena calidad y precio del producto, y su utilidad para evitar los ronquidos, lo que sugiere una alta satisfacción del cliente.","{""rating"": 5, ""reasoning"": ""La reseña es breve pero positiva, mencionando la buena calidad y precio del producto, y su utilidad para evitar los ronquidos, lo que sugiere una alta satisfacción del cliente.""}"
es_0802320,4,4,5,"La reseña expresa una opinión muy positiva, utilizando palabras como 'Recomendado 100%' y 'La recomiendo 100%', lo que indica una calificación máxima.","{""rating"": 5, ""reasoning"": ""La reseña expresa una opinión muy positiva, utilizando palabras como 'Recomendado 100%' y 'La recomiendo 100%', lo que indica una calificación máxima.""}"
es_0528338,3,3,4,"El reseñador menciona que la calidad y formato del libro son muy buenas y que el argumento es interesante, pero resta una estrella porque considera que el libro es demasiado corto.","{""rating"": 4, ""reasoning"": ""El reseñador menciona que la calidad y formato del libro son muy buenas y que el argumento es interesante, pero resta una estrella porque considera que el libro es demasiado corto.""}"
es_0508357,0,0,1,"La reseña menciona problemas de calidad y fallas en la red de protección y la cremallera de entrada, lo que indica una experiencia muy negativa con el producto.","{""rating"": 1, ""reasoning"": ""La reseña menciona problemas de calidad y fallas en la red de protección y la cremallera de entrada, lo que indica una experiencia muy negativa con el producto.""}"
es_0826152,2,1,2,,"{""rating"": 2, ""reasoning"": ""El cliente expresa insatisfacción con el producto, mencionando que no logró los resultados esperados y que la uña no se recuperó, lo que sugiere una calificación baja, pero no la más baja, ya que"
es_0478096,0,0,1,"El reseñador expresa una fuerte insatisfacción con el producto, mencionando que no funciona y no sirve para su propósito, lo que indica una calificación muy baja.","{""rating"": 1, ""reasoning"": ""El reseñador expresa una fuerte insatisfacción con el producto, mencionando que no funciona y no sirve para su propósito, lo que indica una calificación muy baja.""}"
es_0162537,1,0,1,"El reseñador expresa una gran insatisfacción con el producto, mencionando un problema de diseño que afecta su funcionalidad principal, lo que sugiere una calificación muy baja.","{""rating"": 1, ""reasoning"": ""El reseñador expresa una gran insatisfacción con el producto, mencionando un problema de diseño que afecta su funcionalidad principal, lo que sugiere una calificación muy baja.""}"
es_0750636,3,2,3,"La reseña es neutral, el comprador recibió el producto en buen estado y a tiempo, pero no proporciona opiniones sobre el contenido del libro, solo describe características básicas del producto.","{""rating"": 3, ""reasoning"": ""La reseña es neutral, el comprador recibió el producto en buen estado y a tiempo, pero no proporciona opiniones sobre el contenido del libro, solo describe características básicas del producto.""}"
es_0464709,1,0,1,,"{""rating"": 1, ""reasoning"": ""El cliente expresa insatisfacción con el producto, mencionando que no cumple con su función principal y que no ha notado ningún beneficio después de usarlo durante un período prolongado, incluso combinándolo con otro producto para"
es_0635348,2,3,4,,"{""rating"": 4, ""reasoning"": ""La reseña es generalmente positiva, destacando que el libro es adecuado para su propósito como libro de iniciación para niños pequeños y que las ilustraciones son bonitas. La única crítica es que puede"
es_0312449,3,4,5,"La reseña utiliza palabras positivas como 'practico','resistente' y 'duradero' sin mencionar ninguna desventaja, lo que sugiere una opinión muy favorable del producto.","{""rating"": 5, ""reasoning"": ""La reseña utiliza palabras positivas como 'practico','resistente' y 'duradero' sin mencionar ninguna desventaja, lo que sugiere una opinión muy favorable del producto.""}"
es_0195440,3,4,5,"La reseña es breve pero indica que el producto funciona correctamente y tiene un buen tacto, lo que sugiere una experiencia positiva del cliente.","{""rating"": 5, ""reasoning"": ""La reseña es breve pero indica que el producto funciona correctamente y tiene un buen tacto, lo que sugiere una experiencia positiva del cliente.""}"
es_0836973,4,4,5,"El cliente expresa satisfacción total con el producto, mencionando que cumple con sus expectativas y le gusta el efecto de luz cambiante, lo que sugiere una experiencia muy positiva.","{""rating"": 5, ""reasoning"": ""El cliente expresa satisfacción total con el producto, mencionando que cumple con sus expectativas y le gusta el efecto de luz cambiante, lo que sugiere una experiencia muy positiva.""}"
es_0465237,1,1,2,,"{""rating"": 2, ""reasoning"": ""El producto cumple su función, pero el estado en el que llegó y el embalaje deficiente llevaron a una mala experiencia del cliente, lo que justifica una calificación baja, pero no la más baja ya que el"
es_0250735,3,4,5,"La reseña es breve pero indica que el producto tiene una buena relación calidad-precio, lo que sugiere una experiencia positiva y una calificación alta.","{""rating"": 5, ""reasoning"": ""La reseña es breve pero indica que el producto tiene una buena relación calidad-precio, lo que sugiere una experiencia positiva y una calificación alta.""}"
es_0666662,2,2,3,,"{""rating"": 3, ""reasoning"": ""La reseña menciona aspectos positivos como el color y el ajuste de la funda, pero también un aspecto negativo importante como la mala calidad del plástico que interfiere con la pantalla, lo que"
es_0204145,4,4,5,,"{""rating"": 5, ""reasoning"": ""La reseña es muy breve, pero menciona dos aspectos positivos ('Comodidad' y 'Bebidas calientes y frías') sin expresar ninguna crítica, lo que sugiere que el cliente está satis"
es_0131834,1,0,1,,"{""rating"": 1, ""reasoning"": ""El reseñador utiliza palabras como 'MEJORABLE' y 'deja bastante que desear', y menciona específicamente problemas con el producto, como la horma estrecha y el plástico no lo suficientemente"
es_0432239,1,1,2,,"{""rating"": 2, ""reasoning"": ""El reloj es descrito como bonito, pero tiene varios defectos, como el tamaño pequeño y la mala visibilidad de la información en el display, lo que lleva a una calificación baja, pero no la mín"
es_0656187,3,2,3,"La reseña es breve y solo menciona que la calidad-precio es buena, lo que sugiere una opinión neutral o ligeramente positiva, pero no extremadamente entusiasta.","{""rating"": 3, ""reasoning"": ""La reseña es breve y solo menciona que la calidad-precio es buena, lo que sugiere una opinión neutral o ligeramente positiva, pero no extremadamente entusiasta.""}"
es_0321983,2,2,3,"La reseña menciona un problema con la estabilidad y sugiere mejoras, pero el tono es neutral y no expresamente negativo, lo que sugiere una calificación promedio.","{""rating"": 3, ""reasoning"": ""La reseña menciona un problema con la estabilidad y sugiere mejoras, pero el tono es neutral y no expresamente negativo, lo que sugiere una calificación promedio.""}"
es_0171170,2,4,5,,"{""rating"": 5, ""reasoning"": ""El lenguaje utilizado es muy positivo, con palabras como '100% recomendable', 'precio muy asequible', 'fácil de colocar' y'vendedor excelente', lo que indica una experiencia extremadamente satisfactoria"
es_0408677,2,2,3,"El cliente está satisfecho con el carrito en general, pero menciona que es pequeño y solo sirve para niños pequeños, lo que sugiere una calificación promedio.","{""rating"": 3, ""reasoning"": ""El cliente está satisfecho con el carrito en general, pero menciona que es pequeño y solo sirve para niños pequeños, lo que sugiere una calificación promedio.""}"
es_0552485,1,0,1,"El producto no coincide con la descripción y no cumple con las expectativas del comprador, lo que genera una gran insatisfacción y una calificación baja.","{""rating"": 1, ""reasoning"": ""El producto no coincide con la descripción y no cumple con las expectativas del comprador, lo que genera una gran insatisfacción y una calificación baja.""}"
es_0895187,2,4,5,,"{""rating"": 5, ""reasoning"": ""El cliente está muy satisfecho con el producto, menciona que llegó antes de lo esperado, fue fácil de montar y conectar, y ha mejorado significativamente el rendimiento de su iMac, por lo que"
es_0615755,3,4,5,"La reseña es breve pero positiva, menciona que el producto tiene buena calidad y llegó pronto, lo que sugiere una experiencia satisfactoria y sin problemas.","{""rating"": 5, ""reasoning"": ""La reseña es breve pero positiva, menciona que el producto tiene buena calidad y llegó pronto, lo que sugiere una experiencia satisfactoria y sin problemas.""}"
es_0008300,0,0,1,"La reseña utiliza palabras como 'blanda','mal ajuste' y'muy endeble', lo que indica una gran insatisfacción con el producto, lo que sugiere una calificación de 1 estrella.","{""rating"": 1, ""reasoning"": ""La reseña utiliza palabras como 'blanda','mal ajuste' y'muy endeble', lo que indica una gran insatisfacción con el producto, lo que sugiere una calificación de 1 estrella.""}"
es_0517865,0,0,1,"El cliente expresa insatisfacción total con el producto, mencionando que se ha roto y ha perdido todo el líquido, lo que indica una experiencia muy negativa.","{""rating"": 1, ""reasoning"": ""El cliente expresa insatisfacción total con el producto, mencionando que se ha roto y ha perdido todo el líquido, lo que indica una experiencia muy negativa.""}"
es_0097280,2,0,1,"El reseñador expresa decepción y descontento con el producto, mencionando que no aporta nada nuevo y que sus expectativas no fueron cumplidas, lo que sugiere una calificación baja.","{""rating"": 1, ""reasoning"": ""El reseñador expresa decepción y descontento con el producto, mencionando que no aporta nada nuevo y que sus expectativas no fueron cumplidas, lo que sugiere una calificación baja.""}"
es_0332997,4,4,5,"El lenguaje utilizado es muy positivo, destacando la belleza y la calidad del material, además de su funcionalidad, lo que sugiere una experiencia muy satisfactoria con el producto.","{""rating"": 5, ""reasoning"": ""El lenguaje utilizado es muy positivo, destacando la belleza y la calidad del material, además de su funcionalidad, lo que sugiere una experiencia muy satisfactoria con el producto.""}"
es_0725851,0,0,1,,"{""rating"": 1, ""reasoning"": ""El cliente expresa insatisfacción con la calidad del producto, mencionando que las mallas son muy finas, de mala calidad y se transparentan, lo que llevó a que las devolviera, indicando una m"
es_0630658,0,0,1,"El producto llegó roto y el cliente está decepcionado, lo que indica una mala experiencia y una calificación muy baja.","{""rating"": 1, ""reasoning"": ""El producto llegó roto y el cliente está decepcionado, lo que indica una mala experiencia y una calificación muy baja.""}"
es_0235312,4,4,5,"El reseñador está satisfecho con la relación calidad-precio, considera que es perfecta y adecuada para su uso diario, lo que indica una alta satisfacción con el producto.","{""rating"": 5, ""reasoning"": ""El reseñador está satisfecho con la relación calidad-precio, considera que es perfecta y adecuada para su uso diario, lo que indica una alta satisfacción con el producto.""}"
es_0020371,4,4,5,"El comprador describe la compra como 'excellent' y 'perfecto', y menciona que debería haber comprado más, lo que indica una gran satisfacción con el producto y el precio pagado.","{""rating"": 5, ""reasoning"": ""El comprador describe la compra como 'excellent' y 'perfecto', y menciona que debería haber comprado más, lo que indica una gran satisfacción con el producto y el precio pagado.""}"
es_0008619,1,0,1,"La reseña es extremadamente negativa, menciona que el producto no es resistente y que no lo compraría de nuevo, lo que indica una mala experiencia y una baja calificación.","{""rating"": 1, ""reasoning"": ""La reseña es extremadamente negativa, menciona que el producto no es resistente y que no lo compraría de nuevo, lo que indica una mala experiencia y una baja calificación.""}"
es_0038735,3,1,2,,"{""rating"": 2, ""reasoning"": ""El reseñador expresa decepción y menciona un problema específico con la compatibilidad del producto, lo que sugiere una calificación baja, pero no la más baja posible, ya que no utiliza un lenguaje extremadamente"
es_0442078,4,4,5,"El lenguaje utilizado es muy positivo, con palabras como'muy buena', 'chula', 'genial' y'super barata', lo que indica una gran satisfacción con el producto.","{""rating"": 5, ""reasoning"": ""El lenguaje utilizado es muy positivo, con palabras como'muy buena', 'chula', 'genial' y'super barata', lo que indica una gran satisfacción con el producto.""}"
es_0888452,0,0,1,,"{""rating"": 1, ""reasoning"": ""La reseña es extremadamente negativa, describe el producto como 'basura' y menciona varios defectos como la falta de adhesión, la formación de líneas de colores distorsionados y la facilidad"
es_0211578,3,4,5,"La reseña utiliza palabras positivas como 'Fácil de utilizar' y 'diseño moderno', lo que indica una experiencia muy satisfactoria con el producto.","{""rating"": 5, ""reasoning"": ""La reseña utiliza palabras positivas como 'Fácil de utilizar' y 'diseño moderno', lo que indica una experiencia muy satisfactoria con el producto.""}"
es_0822706,1,1,2,"La reseña expresa decepción y falta de valor agregado, pero no critica duramente el contenido, lo que sugiere una calificación baja pero no la más baja posible.","{""rating"": 2, ""reasoning"": ""La reseña expresa decepción y falta de valor agregado, pero no critica duramente el contenido, lo que sugiere una calificación baja pero no la más baja posible.""}"
es_0857538,0,0,1,,"{""rating"": 1, ""reasoning"": ""El reseñador expresa insatisfacción total con el producto, mencionando que los globos son pequeños, frágiles, se revientan con facilidad y se desinchan rápidamente, y que no"
es_0128768,2,1,2,,"{""rating"": 2, ""reasoning"": ""El reseñador expresa una opinión mixta, comenzando con una afirmación positiva sobre los calcetines, pero luego menciona un problema significativo con la goma que causa dolor, lo que sugiere una cal"
es_0289576,4,4,5,"La reseña utiliza palabras como 'Excelente' y expresa que el producto cumple con las expectativas del usuario, lo que sugiere una experiencia muy positiva.","{""rating"": 5, ""reasoning"": ""La reseña utiliza palabras como 'Excelente' y expresa que el producto cumple con las expectativas del usuario, lo que sugiere una experiencia muy positiva.""}"
es_0292941,0,0,1,,"{""rating"": 1, ""reasoning"": ""El cliente expresa insatisfacción porque la tarjeta SIM no es compatible con el smartwatch de su hijo, a pesar de que la descripción del producto indicaba lo contrario, lo que sugiere una falta de precisión en la"
es_0551323,4,1,2,,"{""rating"": 2, ""reasoning"": ""El cliente está insatisfecho con el producto porque no viene con un manual en español y tiene problemas con la funcionalidad, específicamente que se apaga después de diez segundos y no se puede programar para que se quede"
es_0482616,4,4,5,"La reseña utiliza palabras y frases muy positivas como 'Buena compra' y 'valoración muy positiva', y no menciona ninguna queja o problema, lo que indica una experiencia completamente satisfactoria.","{""rating"": 5, ""reasoning"": ""La reseña utiliza palabras y frases muy positivas como 'Buena compra' y 'valoración muy positiva', y no menciona ninguna queja o problema, lo que indica una experiencia completamente satisfactoria.""}"
es_0090956,3,3,4,,"{""rating"": 4, ""reasoning"": ""La reseñadora está contenta con la compra, destacando la fácil instalación y el funcionamiento perfecto, aunque menciona algunas reservas sobre la calidad del material, pero el precio y la funcionalidad la hacen satisfactor"
es_0773266,1,1,2,,"{""rating"": 2, ""reasoning"": ""El reseñador describe el producto como'regular' y menciona un problema específico con las esquinas que se descascarillan, lo que sugiere una calificación baja pero no la más baja, ya que no utiliza"
es_0254760,3,2,3,"La reseña indica que la compra fue buena, pero menciona un problema específico con el producto, lo que sugiere una calificación promedio.","{""rating"": 3, ""reasoning"": ""La reseña indica que la compra fue buena, pero menciona un problema específico con el producto, lo que sugiere una calificación promedio.""}"
es_0053602,2,0,1,"El cliente expresa insatisfacción total con el producto, mencionando que es endeble, llegó deformado y tiene problemas con el cierre, lo que llevó a su devolución a Amazon.","{""rating"": 1, ""reasoning"": ""El cliente expresa insatisfacción total con el producto, mencionando que es endeble, llegó deformado y tiene problemas con el cierre, lo que llevó a su devolución a Amazon.""}"
es_0970930,1,0,1,,"{""rating"": 1, ""reasoning"": ""El reseñador expresa insatisfacción con el producto, mencionando que el cristal es pequeño y no llega a los bordes, lo que indica un problema significativo con el diseño o la calidad del producto."""
es_0576947,3,3,4,,"{""rating"": 4, ""reasoning"": ""El cliente está satisfecho con el producto, ya que coincide con la descripción y tiene un color bonito y duradero, aunque menciona que tardó mucho en llegar, lo que evita que dé una calificación perfecta"
es_0231095,2,2,3,,"{""rating"": 3, ""reasoning"": ""La reseña destaca un aspecto positivo (la talla está muy lograda) y un aspecto negativo (la iluminación y la batería voluminosa), lo que sugiere una calificación media,"
es_0082212,3,4,5,"El comprador expresa satisfacción con la comodidad y rapidez de la compra, sin mencionar ninguna queja o aspecto negativo, lo que sugiere una experiencia muy positiva.","{""rating"": 5, ""reasoning"": ""El comprador expresa satisfacción con la comodidad y rapidez de la compra, sin mencionar ninguna queja o aspecto negativo, lo que sugiere una experiencia muy positiva.""}"
es_0021765,4,4,5,"El lenguaje utilizado es positivo y el comprador expresa satisfacción con el producto, indicando que se ajusta a sus expectativas.","{""rating"": 5, ""reasoning"": ""El lenguaje utilizado es positivo y el comprador expresa satisfacción con el producto, indicando que se ajusta a sus expectativas.""}"
es_0570211,1,0,1,"El comprador expresa insatisfacción y decepción con el producto, indicando que es incompatible con su dispositivo y advirtiendo a otros que no lo compren, lo que sugiere una calificación muy baja.","{""rating"": 1, ""reasoning"": ""El comprador expresa insatisfacción y decepción con el producto, indicando que es incompatible con su dispositivo y advirtiendo a otros que no lo compren, lo que sugiere una calificación muy baja.""}"
es_0073650,3,4,5,"El comprador está satisfecho con el producto, menciona que es tal como se indica y que la relación calidad-precio es correcta, lo que sugiere una experiencia positiva y sin problemas.","{""rating"": 5, ""reasoning"": ""El comprador está satisfecho con el producto, menciona que es tal como se indica y que la relación calidad-precio es correcta, lo que sugiere una experiencia positiva y sin problemas.""}"
es_0415450,4,4,5,"La reseña menciona que el regalo ha sido bien recibido y que la persona de 95 años ha quedado encantada, lo que sugiere una experiencia muy positiva.","{""rating"": 5, ""reasoning"": ""La reseña menciona que el regalo ha sido bien recibido y que la persona de 95 años ha quedado encantada, lo que sugiere una experiencia muy positiva.""}"
es_0287932,1,0,1,,"{""rating"": 1, ""reasoning"": ""El reseñador expresa descontento y frustración con el producto, mencionando un problema específico de calidad (agujeros en la zapatilla debido a la fricción) que se repite por segunda vez"
es_0995199,1,2,3,"La reseña menciona aspectos tanto positivos (mona, pequeña) como negativos (aspera, pincha), lo que sugiere una calificación promedio.","{""rating"": 3, ""reasoning"": ""La reseña menciona aspectos tanto positivos (mona, pequeña) como negativos (aspera, pincha), lo que sugiere una calificación promedio.""}"
es_0461833,3,3,4,,"{""rating"": 4, ""reasoning"": ""El reseñador describe el producto como bueno, cómodo y que ocupa poco espacio, lo que sugiere una opinión generalmente positiva. Sin embargo, menciona que no parece muy sólido, lo que podría rest"
es_0063355,2,2,3,"La reseña tiene un comentario positivo sobre el aspecto, pero también menciona un problema con la facilidad para rayarse, lo que sugiere una calificación promedio.","{""rating"": 3, ""reasoning"": ""La reseña tiene un comentario positivo sobre el aspecto, pero también menciona un problema con la facilidad para rayarse, lo que sugiere una calificación promedio.""}"
es_0351133,0,0,1,"El reseñador expresa una experiencia muy negativa con el producto, mencionando que se deterioró rápidamente y desea devolverlo, lo que indica una calificación de 1 estrella.","{""rating"": 1, ""reasoning"": ""El reseñador expresa una experiencia muy negativa con el producto, mencionando que se deterioró rápidamente y desea devolverlo, lo que indica una calificación de 1 estrella.""}"
es_0272437,2,1,2,,"{""rating"": 2, ""reasoning"": ""La reseña utiliza palabras como 'MEDIOCRE' y describe varios problemas con el producto, como la separación del cristal y la pérdida de funcionalidad, lo que indica una baja satisfacción del cliente. Sin embargo"
es_0377750,0,0,1,,"{""rating"": 1, ""reasoning"": ""El comprador está muy descontento con el estado en el que recibió el producto, describiendo que llegó abierto, roto y mal embalado, lo que sugiere una mala experiencia con el vendedor y"
es_0460966,3,4,5,"La reseña es breve y positiva, indicando que el producto llegó en perfecto estado, lo que sugiere una experiencia satisfactoria y merecedora de la calificación máxima.","{""rating"": 5, ""reasoning"": ""La reseña es breve y positiva, indicando que el producto llegó en perfecto estado, lo que sugiere una experiencia satisfactoria y merecedora de la calificación máxima.""}"
es_0178697,2,2,3,"La reseña describe el producto como fácil de inflar y cómodo, pero menciona un problema significativo, como es que se desinfló durante la noche, lo que sugiere una calificación promedio.","{""rating"": 3, ""reasoning"": ""La reseña describe el producto como fácil de inflar y cómodo, pero menciona un problema significativo, como es que se desinfló durante la noche, lo que sugiere una calificación promedio.""}"
es_0926926,1,0,1,,"{""rating"": 1, ""reasoning"": ""El reseñador expresa insatisfacción con la calidad de la pantalla, mencionando un problema específico con la representación de tonos de gris y la aparición de rayas extrañas, lo que indica una mala"
es_0692282,4,4,5,"La reseña expresa una opinión muy positiva, utilizando un lenguaje entusiasta como 'Me encanta' y 'Lo recomiendo 100%', lo que sugiere una calificación máxima.","{""rating"": 5, ""reasoning"": ""La reseña expresa una opinión muy positiva, utilizando un lenguaje entusiasta como 'Me encanta' y 'Lo recomiendo 100%', lo que sugiere una calificación máxima.""}"
es_0970561,2,1,2,,"{""rating"": 2, ""reasoning"": ""La reseña es breve y menciona aspectos negativos del producto, como la falta de resistencia y la insatisfacción del cliente, lo que sugiere una calificación baja, pero no la calificación mínima de 1"
es_0116859,4,4,5,"La reseña expresa satisfacción con el producto y su entrega, mencionando que es efectivo para el bebé con dermatitis.","{""rating"": 5, ""reasoning"": ""La reseña expresa satisfacción con el producto y su entrega, mencionando que es efectivo para el bebé con dermatitis.""}"
es_0823952,1,1,2,,"{""rating"": 2, ""reasoning"": ""El reseñador menciona varios problemas con el teléfono, como su peso, problemas de rendimiento y sobrecalentamiento, pero encuentra algo positivo en la duración de la batería, lo que sugiere una cal"
es_0577451,0,0,1,"El cliente está muy insatisfecho con el producto recibido, ya que no coincide con lo que pidió y no le es útil, lo que indica una mala experiencia y una calificación baja.","{""rating"": 1, ""reasoning"": ""El cliente está muy insatisfecho con el producto recibido, ya que no coincide con lo que pidió y no le es útil, lo que indica una mala experiencia y una calificación baja.""}"
es_0504585,4,4,5,"El reseñador expresa sorpresa por la alta calidad del producto en relación con su precio y lo recomienda sin duda, lo que indica una opinión muy positiva.","{""rating"": 5, ""reasoning"": ""El reseñador expresa sorpresa por la alta calidad del producto en relación con su precio y lo recomienda sin duda, lo que indica una opinión muy positiva.""}"
es_0987215,1,1,2,"El producto cumple con algunas expectativas, como el material y la adherencia, pero no satisface la necesidad principal del comprador debido a su flexibilidad, lo que sugiere una calificación media-baja.","{""rating"": 2, ""reasoning"": ""El producto cumple con algunas expectativas, como el material y la adherencia, pero no satisface la necesidad principal del comprador debido a su flexibilidad, lo que sugiere una calificación media-baja.""}"
es_0412547,3,2,3,,"{""rating"": 3, ""reasoning"": ""La reseña menciona aspectos positivos como la potencia del altavoz y la presencia de extras, pero también destaca algunos inconvenientes, como la dificultad para buscar emisoras y la limitación de"
es_0833993,1,0,1,"El reseñador expresa insatisfacción con el rendimiento del ordenador, calificándolo de 'extremadamente lento', lo que sugiere una experiencia muy negativa.","{""rating"": 1, ""reasoning"": ""El reseñador expresa insatisfacción con el rendimiento del ordenador, calificándolo de 'extremadamente lento', lo que sugiere una experiencia muy negativa.""}"
es_0550838,1,1,2,"La reseña destaca la buena calidad de los materiales, pero critica el funcionamiento y la falta de instrucciones, lo que genera frustración y dificultades para utilizar el producto de manera efectiva.","{""rating"": 2, ""reasoning"": ""La reseña destaca la buena calidad de los materiales, pero critica el funcionamiento y la falta de instrucciones, lo que genera frustración y dificultades para utilizar el producto de manera efectiva.""}"
es_0450058,4,4,5,"El reseñante utiliza un lenguaje muy positivo, como 'uno de los mejores pods del mercado' y'recomendable', lo que sugiere una experiencia muy satisfactoria con el producto.","{""rating"": 5, ""reasoning"": ""El reseñante utiliza un lenguaje muy positivo, como 'uno de los mejores pods del mercado' y'recomendable', lo que sugiere una experiencia muy satisfactoria con el producto.""}"
es_0359684,3,4,5,,"{""rating"": 5, ""reasoning"": ""La reseña utiliza un lenguaje muy positivo, como 'compra perfecta', 'cumple perfectamente con las expectativas' y'recomendado', lo que indica una alta satisfacción con el producto y el"
es_0718566,3,3,4,"El usuario está satisfecho con el producto y menciona que va genial, aunque tiene una pequeña queja sobre la dureza al caminar, lo que sugiere una calificación alta pero no perfecta.","{""rating"": 4, ""reasoning"": ""El usuario está satisfecho con el producto y menciona que va genial, aunque tiene una pequeña queja sobre la dureza al caminar, lo que sugiere una calificación alta pero no perfecta.""}"
es_0030303,4,4,5,"La reseña es breve pero positiva, destacando la buena relación calidad/precio y la variedad de discos, lo que sugiere una experiencia satisfactoria y una alta calificación","{""rating"": 5, ""reasoning"": ""La reseña es breve pero positiva, destacando la buena relación calidad/precio y la variedad de discos, lo que sugiere una experiencia satisfactoria y una alta calificación""}"
es_0871912,4,4,5,,"{""rating"": 5, ""reasoning"": ""El comprador está satisfecho con el producto, lo describe como 'perfectas' y 'genial', y menciona que la talla es adecuada para su medida, lo que indica una experiencia positiva y una calificación"
es_0449854,0,0,1,,"{""rating"": 1, ""reasoning"": ""El reseñador expresa una experiencia extremadamente negativa con el producto, mencionando que no sirve para nada, no se puede pegar bien y no detecta la pantalla táctil, lo que llevó a sac"
es_0613378,1,0,1,"El reseñador expresa insatisfacción con la calidad del producto, mencionando que solo durará un par de usos, lo que indica una calificación muy baja.","{""rating"": 1, ""reasoning"": ""El reseñador expresa insatisfacción con la calidad del producto, mencionando que solo durará un par de usos, lo que indica una calificación muy baja.""}"
es_0863593,3,3,4,,"{""rating"": 4, ""reasoning"": ""La reseña es generalmente positiva, destacando que las figuras están bien logradas y que a la hija del comprador les gustaron mucho. La única crítica es que vienen con base y eso no le"
es_0764221,0,0,1,"El reseñador utiliza una palabra fuerte como 'Erróneo' y menciona que el producto no corresponde con el modelo ofertado, lo que indica una experiencia extremadamente negativa.","{""rating"": 1, ""reasoning"": ""El reseñador utiliza una palabra fuerte como 'Erróneo' y menciona que el producto no corresponde con el modelo ofertado, lo que indica una experiencia extremadamente negativa.""}"
es_0262641,3,4,5,,"{""rating"": 5, ""reasoning"": ""El comprador expresa satisfacción con el producto, mencionando que la tonalidad del azul es de su agrado y que el producto se ve exactamente como en la imagen, lo que sugiere una experiencia positiva y"
es_0084908,4,4,5,,"{""rating"": 5, ""reasoning"": ""La reseña es muy positiva, destacando la calidad del dron, la respuesta a los mandos, la cámara de 4k y las funciones adicionales como el regreso automático. El único punto negativo menc"
es_0566130,0,1,2,,"{""rating"": 2, ""reasoning"": ""La reseña menciona que la primera impresión es buena, pero luego critica la alfombrilla por mancharse con polvillo negro debido a la degradación del ratón, lo que indica una experiencia negativa"
es_0244997,1,0,1,,"{""rating"": 1, ""reasoning"": ""El reseñador expresa insatisfacción con la durabilidad del producto, mencionando que se dañó fácilmente y se volvió inservible después de una caída leve, lo que sugiere una mala"
es_0532750,4,4,5,"El comprador expresa satisfacción con la compra y menciona un uso específico y práctico del producto, lo que sugiere una experiencia muy positiva.","{""rating"": 5, ""reasoning"": ""El comprador expresa satisfacción con la compra y menciona un uso específico y práctico del producto, lo que sugiere una experiencia muy positiva.""}"
es_0042591,2,3,4,,"{""rating"": 4, ""reasoning"": ""El comprador está satisfecho con el producto, menciona que es mejor de lo que esperaba y que es ideal para reuniones con amigos, aunque tuvo algunos problemas menores con el embalaje y la calidad de los"
es_0805580,4,4,5,"La reseña utiliza palabras positivas como 'Genial','muy bien relación calidad precio', 'agradables' y 'vivos y bonitos', lo que indica una alta satisfacción con el producto.","{""rating"": 5, ""reasoning"": ""La reseña utiliza palabras positivas como 'Genial','muy bien relación calidad precio', 'agradables' y 'vivos y bonitos', lo que indica una alta satisfacción con el producto.""}"
es_0297591,3,4,5,"El cliente está satisfecho con el producto, indica que se adapta a sus expectativas y necesidades, y lo califica como recomendable, lo que sugiere una experiencia muy positiva.","{""rating"": 5, ""reasoning"": ""El cliente está satisfecho con el producto, indica que se adapta a sus expectativas y necesidades, y lo califica como recomendable, lo que sugiere una experiencia muy positiva.""}"
es_0676480,3,3,4,,"{""rating"": 4, ""reasoning"": ""La reseña es generalmente positiva hacia la cuna, describiéndola como 'perfecta' y'muy bonita', pero critica las sábanas por ser demasiado pequeñas, lo que sug"
es_0223145,3,4,5,"La reseña utiliza palabras y frases positivas como 'Gran calidad', 'Muy bueno' y 'cumple genial', lo que indica una alta satisfacción del cliente con el producto.","{""rating"": 5, ""reasoning"": ""La reseña utiliza palabras y frases positivas como 'Gran calidad', 'Muy bueno' y 'cumple genial', lo que indica una alta satisfacción del cliente con el producto.""}"
es_0057020,0,0,1,,"{""rating"": 1, ""reasoning"": ""La reseña expresa una experiencia extremadamente negativa con el producto, mencionando que no les gustó y que tuvo efectos adversos en su piel, lo que sugiere una calificación de 1 estrella."""
es_0582916,2,2,3,"El producto es descrito como 'bueno' pero tiene un problema de compatibilidad con el portátil del comprador, lo que sugiere una experiencia neutral o promedio.","{""rating"": 3, ""reasoning"": ""El producto es descrito como 'bueno' pero tiene un problema de compatibilidad con el portátil del comprador, lo que sugiere una experiencia neutral o promedio.""}"
es_0183987,1,2,3,,"{""rating"": 3, ""reasoning"": ""El cliente inicialmente estaba contento con la cubierta, pero encontró un defecto de fabricación que hizo que se filtrara el líquido tubeless, lo que sugiere una calidad deficiente. Sin embargo, la dev"
es_0263597,3,4,5,"El cliente expresa satisfacción con el producto, mencionando que cumple perfectamente con su cometido y resuelve su problema de prolongar la fibra óptica, lo que sugiere una experiencia muy positiva.","{""rating"": 5, ""reasoning"": ""El cliente expresa satisfacción con el producto, mencionando que cumple perfectamente con su cometido y resuelve su problema de prolongar la fibra óptica, lo que sugiere una experiencia muy positiva.""}"
es_0148864,0,0,1,"El lenguaje utilizado es muy negativo, calificando el producto como'mal' y 'dinero tirado', lo que indica una experiencia muy insatisfactoria con el producto.","{""rating"": 1, ""reasoning"": ""El lenguaje utilizado es muy negativo, calificando el producto como'mal' y 'dinero tirado', lo que indica una experiencia muy insatisfactoria con el producto.""}"
es_0760489,2,2,3,,"{""rating"": 3, ""reasoning"": ""El producto funciona bien en general, pero tiene problemas significativos con la conexión de múltiples usuarios con el mismo modelo de teléfono, lo que genera confusiones y dificultades para identificar quién está utilizando la aplicación. Aunque"
es_0921047,0,0,1,,"{""rating"": 1, ""reasoning"": ""El cliente está muy insatisfecho con el tamaño del producto y siente que es una muestra en lugar de un producto completo, lo que lo lleva a expresar su frustración y a afirmar que no lo volverá a comprar"
es_0972389,2,2,3,"La reseña menciona que el producto es un poco endeble en comparación con otro similar, pero también destaca que es fácil de usar y funciona correctamente, lo que sugiere una calificación promedio.","{""rating"": 3, ""reasoning"": ""La reseña menciona que el producto es un poco endeble en comparación con otro similar, pero también destaca que es fácil de usar y funciona correctamente, lo que sugiere una calificación promedio.""}"
es_0299383,0,0,1,"El cliente expresa una gran insatisfacción con la calidad del producto, mencionando que no cumple con sus expectativas y que no volvería a comprarlo, lo que sugiere una calificación muy baja.","{""rating"": 1, ""reasoning"": ""El cliente expresa una gran insatisfacción con la calidad del producto, mencionando que no cumple con sus expectativas y que no volvería a comprarlo, lo que sugiere una calificación muy baja.""}"
es_0712928,1,1,2,"El comprador está insatisfecho porque el producto no coincide con la descripción, faltando una pieza, pero menciona que los productos son bonitos y llegaron a tiempo.","{""rating"": 2, ""reasoning"": ""El comprador está insatisfecho porque el producto no coincide con la descripción, faltando una pieza, pero menciona que los productos son bonitos y llegaron a tiempo.""}"
es_0988659,4,4,5,"El comprador expresa satisfacción con el producto y lo recomienda, lo que sugiere una experiencia muy positiva.","{""rating"": 5, ""reasoning"": ""El comprador expresa satisfacción con el producto y lo recomienda, lo que sugiere una experiencia muy positiva.""}"
es_0015474,3,1,2,,"{""rating"": 2, ""reasoning"": ""El reseñador menciona un problema específico con la dirección del respaldo, lo que indica insatisfacción, pero no utiliza un lenguaje extremadamente negativo, por lo que se puede inferir una calificación de"
es_0682095,2,2,3,"El comprador encuentra que el producto es práctico, pero tiene un inconveniente significativo, lo que sugiere una calificación promedio.","{""rating"": 3, ""reasoning"": ""El comprador encuentra que el producto es práctico, pero tiene un inconveniente significativo, lo que sugiere una calificación promedio.""}"
es_0453459,0,0,1,"El producto no funcionó en absoluto, a pesar de que llegó pronto y estaba bien embalado, lo que indica una falla significativa en la calidad del producto, lo que justifica la calificación más baja.","{""rating"": 1, ""reasoning"": ""El producto no funcionó en absoluto, a pesar de que llegó pronto y estaba bien embalado, lo que indica una falla significativa en la calidad del producto, lo que justifica la calificación más baja.""}"
es_0966494,3,2,3,,"{""rating"": 3, ""reasoning"": ""La reseña menciona una característica negativa (el tamaño más pequeño de lo esperado), pero también menciona que el usuario ha encontrado una utilidad para el producto, lo que sugiere una experiencia neutral o medianamente posit"
es_0127012,1,0,1,,"{""rating"": 1, ""reasoning"": ""El reseñador está muy insatisfecho con el producto porque llegó incompleto y le faltan accesorios, además de mencionar que hay otro caso similar, lo que sugiere una posible falla en"
es_0230269,1,1,2,,"{""rating"": 2, ""reasoning"": ""La reseña indica que el producto es aceptable solo si se modifica agregando azúcar, y critica el alto contenido de azúcar que enmascara el sabor del te, lo que sugiere una experiencia"
es_0030995,4,3,4,,"{""rating"": 4, ""reasoning"": ""La reseña menciona que la calidad es buena y que el destinatario del regalo se sintió satisfecho, lo que sugiere una experiencia positiva, pero no utiliza superlativos o comentarios extremadamente elog"
es_0894288,4,4,5,,"{""rating"": 5, ""reasoning"": ""La reseña utiliza palabras y frases muy positivas como 'Muy buena','muy practica' y 'es fácil de desmontar y montar', lo que indica una alta satisfacción del cliente con el producto."""
es_0118723,1,0,1,,"{""rating"": 1, ""reasoning"": ""El reseñador expresa una gran insatisfacción con el producto, mencionando que el cabezal es endeble, no aguanta el peso del GPS y se sale con facilidad, lo que indica una mala"
es_0469799,2,2,3,"La reseñadora expresa duda e incertidumbre sobre si el producto es adecuado para su necesidad específica, lo que sugiere una experiencia neutral o mediocre.","{""rating"": 3, ""reasoning"": ""La reseñadora expresa duda e incertidumbre sobre si el producto es adecuado para su necesidad específica, lo que sugiere una experiencia neutral o mediocre.""}"
es_0367112,4,4,5,"El comprador expresa satisfacción con el estado del producto y el plazo de entrega, lo que sugiere una experiencia positiva y completa sin mencionar ninguna queja o problema.","{""rating"": 5, ""reasoning"": ""El comprador expresa satisfacción con el estado del producto y el plazo de entrega, lo que sugiere una experiencia positiva y completa sin mencionar ninguna queja o problema.""}"
es_0930419,1,1,2,,"{""rating"": 2, ""reasoning"": ""La reseña menciona que el producto ha funcionado parcialmente al evitar que las gatas se rasquen en esa zona, pero el comprador expresa insatisfacción con el producto debido a su textura y el precio"
es_0204353,2,3,4,"El producto cumple su función perfectamente, pero el reseñador expresa una ligera decepción con la calidad del soporte, lo que sugiere una calificación alta pero no perfecta.","{""rating"": 4, ""reasoning"": ""El producto cumple su función perfectamente, pero el reseñador expresa una ligera decepción con la calidad del soporte, lo que sugiere una calificación alta pero no perfecta.""}"
es_0071724,1,0,1,,"{""rating"": 1, ""reasoning"": ""La reseña es extremadamente negativa, mencionando varios defectos del producto, como no hacer espuma, enredar el pelo, requerir mucha cantidad y no tener aroma, lo que indica una mala experiencia del"
es_0475763,2,2,3,"El cliente está satisfecho con la potencia y el precio del producto, pero se estropeó, lo que reduce la calificación, aunque la experiencia de devolución fue satisfactoria.","{""rating"": 3, ""reasoning"": ""El cliente está satisfecho con la potencia y el precio del producto, pero se estropeó, lo que reduce la calificación, aunque la experiencia de devolución fue satisfactoria.""}"
es_0952010,0,0,1,,"{""rating"": 1, ""reasoning"": ""El comprador está insatisfecho con el tiempo de entrega del producto, que no cumplió con su expectativa de entrega en un día al ser un producto Prime, lo que sugiere una mala experiencia y una calificación baja."""
es_0659661,0,0,1,,"{""rating"": 1, ""reasoning"": ""El reseñador utiliza un lenguaje negativo, como'sobrevalorado', y menciona que no le gustó la historia del libro, lo que sugiere una baja calificación, aunque también menciona que de normal"
es_0299905,1,0,1,,"{""rating"": 1, ""reasoning"": ""El cliente tuvo una mala experiencia debido a que el producto dejó de funcionar después de 10 meses y el vendedor no ofreció un buen servicio postventa, a pesar de estar dentro de la garantía, lo que"
es_0662224,0,0,1,,"{""rating"": 1, ""reasoning"": ""El cliente expresa insatisfacción con el producto, mencionando que no aprieta como esperaba y que la talla XL es demasiado grande para su medida, lo que lleva a una devolución. Aunque elog"
es_0172255,3,4,5,"La reseña indica que el producto 'cumple las expectativas', lo que sugiere una experiencia positiva y satisfactoria, típica de una calificación de 5 estrellas.","{""rating"": 5, ""reasoning"": ""La reseña indica que el producto 'cumple las expectativas', lo que sugiere una experiencia positiva y satisfactoria, típica de una calificación de 5 estrellas.""}"
es_0184591,0,0,1,"El reseñador menciona dos defectos importantes del producto: no son polarizadas como se esperaba y se parten muy fácil, lo que indica una baja calidad y una mala experiencia del usuario.","{""rating"": 1, ""reasoning"": ""El reseñador menciona dos defectos importantes del producto: no son polarizadas como se esperaba y se parten muy fácil, lo que indica una baja calidad y una mala experiencia del usuario.""}"
es_0333187,0,0,1,,"{""rating"": 1, ""reasoning"": ""La reseña utiliza un lenguaje muy negativo para describir la obra, calificándola de 'lamentable', 'insulsa', 'facilona' y 'previsible', lo que indica una gran insatisf"
es_0451603,3,2,3,,"{""rating"": 3, ""reasoning"": ""La reseña menciona aspectos positivos como la variedad de colores, pero también menciona aspectos negativos como la falta de colores específicos, la poca densidad de la tela y su tacto desag"
es_0587958,3,3,4,,"{""rating"": 4, ""reasoning"": ""La reseña es generalmente positiva, menciona que el producto se adapta bien y tiene una sujeción perfecta, además de un protector impermeable. La única crítica es que puede quedar un poco corto"
es_0749452,2,4,5,,"{""rating"": 5, ""reasoning"": ""La reseña utiliza un lenguaje muy positivo, como 'QUE ES LO QUE QUERIA', lo que indica una gran satisfacción con el producto, y menciona características específicas que cumplen con sus necesidades, como"
es_0582397,4,4,5,,"{""rating"": 5, ""reasoning"": ""La reseña utiliza palabras como 'preciosa', 'perfecto estado' y 'impoluta', lo que indica una alta satisfacción con el producto, por lo que se puede inferir que la calificación es la máxima."""
es_0329084,4,4,5,"El reseñador utiliza palabras como 'Perfecto' y menciona que el producto cumple con su cometido, lo que sugiere una opinión muy positiva y una calificación máxima.","{""rating"": 5, ""reasoning"": ""El reseñador utiliza palabras como 'Perfecto' y menciona que el producto cumple con su cometido, lo que sugiere una opinión muy positiva y una calificación máxima.""}"
es_0277199,0,0,1,"El cliente expresa insatisfacción total con el producto, mencionando que no funciona y tiene un problema importante que afecta su funcionalidad principal, además de esperar un reembolso.","{""rating"": 1, ""reasoning"": ""El cliente expresa insatisfacción total con el producto, mencionando que no funciona y tiene un problema importante que afecta su funcionalidad principal, además de esperar un reembolso.""}"
es_0040033,2,1,2,,"{""rating"": 2, ""reasoning"": ""La reseña describe el libro como 'entretenida' pero también menciona que no cumplió con sus expectativas, que era 'un poco pastel' y que no volvería a leerlo, lo que sugiere una cal"
es_0407089,2,2,3,"La reseña indica que el producto es como se esperaba, sin sorpresas, pero menciona una queja sobre el precio, lo que sugiere una calificación neutral o promedio.","{""rating"": 3, ""reasoning"": ""La reseña indica que el producto es como se esperaba, sin sorpresas, pero menciona una queja sobre el precio, lo que sugiere una calificación neutral o promedio.""}"
es_0511992,1,1,2,,"{""rating"": 2, ""reasoning"": ""El comprador está insatisfecho con el producto porque solo viene con instrucciones en inglés, lo que considera un incumplimiento de la ley en España, pero no lo califica de manera extremadamente negativa y"
es_0665144,2,1,2,,"{""rating"": 2, ""reasoning"": ""El comprador expresa insatisfacción con la calidad del producto, mencionando marcas en el acero y un acabado deficiente, pero reconoce que el paquete llegó a tiempo, lo que sugiere una calificación"
es_0599061,4,4,5,"El lenguaje utilizado es muy positivo, con palabras como'muy útil','muy buen producto' y 'gran vendedor', lo que indica una alta satisfacción del cliente con el producto y el vendedor.","{""rating"": 5, ""reasoning"": ""El lenguaje utilizado es muy positivo, con palabras como'muy útil','muy buen producto' y 'gran vendedor', lo que indica una alta satisfacción del cliente con el producto y el vendedor.""}"
es_0512941,4,4,5,,"{""rating"": 5, ""reasoning"": ""La reseña utiliza palabras y frases muy positivas como 'Perfecta', 'Encaja a la perfección','material de buena calidad' y 'Recomendada', lo que indica una alta satisfacción del cliente"
es_0074366,0,0,1,,"{""rating"": 1, ""reasoning"": ""La reseña expresa una gran insatisfacción con el producto debido a su mala sujeción, lo que ha llevado a la pérdida de dos unidades en solo una semana, a pesar de que el comprador"
es_0016148,0,1,2,,"{""rating"": 2, ""reasoning"": ""El comprador expresa insatisfacción con la calidad y el precio de las pegatinas, mencionando problemas específicos como la presencia de un pelo entre la pegatina y el papel, y errores de impresión, lo"
es_0644551,0,0,1,"El cliente expresa insatisfacción con el producto recibido debido a la falta de piezas, el paquete estaba manipulado y no pudo contactar con el vendedor, lo que indica una mala experiencia de compra.","{""rating"": 1, ""reasoning"": ""El cliente expresa insatisfacción con el producto recibido debido a la falta de piezas, el paquete estaba manipulado y no pudo contactar con el vendedor, lo que indica una mala experiencia de compra.""}"
es_0863141,1,0,1,"El producto se rompió el primer día de uso, lo que indica una calidad deficiente y una mala experiencia del cliente.","{""rating"": 1, ""reasoning"": ""El producto se rompió el primer día de uso, lo que indica una calidad deficiente y una mala experiencia del cliente.""}"
es_0681899,0,0,1,,"{""rating"": 1, ""reasoning"": ""El reseñador expresa una experiencia muy negativa con el producto, mencionando que la batería no se carga y se agota rápidamente, lo que llevó a iniciar un proceso de devolución. Además,"
es_0834411,4,4,5,"El reseñador utiliza palabras positivas como 'calidad', 'rapidez' y menciona que los productos han cumplido con su propósito, lo que sugiere una experiencia muy satisfactoria.","{""rating"": 5, ""reasoning"": ""El reseñador utiliza palabras positivas como 'calidad', 'rapidez' y menciona que los productos han cumplido con su propósito, lo que sugiere una experiencia muy satisfactoria.""}"
es_0782797,0,0,1,,"{""rating"": 1, ""reasoning"": ""El reseñador utiliza un lenguaje muy negativo, como 'Nefasto', 'Horrible', 'pérdida de dinero' y menciona que el producto se rompió, lo que indica una experiencia extrem"
es_0542202,0,0,1,"El producto no fue compatible con el dispositivo del cliente, a pesar de que se indicaba que lo era, lo que genera una experiencia negativa y una baja calificación.","{""rating"": 1, ""reasoning"": ""El producto no fue compatible con el dispositivo del cliente, a pesar de que se indicaba que lo era, lo que genera una experiencia negativa y una baja calificación.""}"
es_0280206,2,2,3,"El reseñador menciona que el producto cumple su función, pero también destaca una diferencia de calidad y que lo hace'medio bien', lo que sugiere una calificación promedio.","{""rating"": 3, ""reasoning"": ""El reseñador menciona que el producto cumple su función, pero también destaca una diferencia de calidad y que lo hace'medio bien', lo que sugiere una calificación promedio.""}"
es_0802019,4,4,5,"La reseña utiliza palabras positivas como 'Recomendable', 'Fuerte','se pliega fácil' y 'pintura duradera', lo que indica una opinión muy favorable del producto.","{""rating"": 5, ""reasoning"": ""La reseña utiliza palabras positivas como 'Recomendable', 'Fuerte','se pliega fácil' y 'pintura duradera', lo que indica una opinión muy favorable del producto.""}"
es_0282952,0,0,1,"El producto ha dejado de funcionar después de solo 3 meses, lo que indica una falta de calidad y durabilidad, lo que justifica una calificación baja.","{""rating"": 1, ""reasoning"": ""El producto ha dejado de funcionar después de solo 3 meses, lo que indica una falta de calidad y durabilidad, lo que justifica una calificación baja.""}"
es_0439547,3,4,5,"La reseña es breve pero muy positiva, mencionando dos aspectos del producto de manera favorable ('buen sonido' y 'buena estética'), lo que sugiere una alta satisfacción del cliente.","{""rating"": 5, ""reasoning"": ""La reseña es breve pero muy positiva, mencionando dos aspectos del producto de manera favorable ('buen sonido' y 'buena estética'), lo que sugiere una alta satisfacción del cliente.""}"
es_0682919,0,0,1,"El reseñador menciona que el producto no funciona correctamente, tiene problemas de estabilidad y causa frustración, lo que indica una experiencia muy negativa.","{""rating"": 1, ""reasoning"": ""El reseñador menciona que el producto no funciona correctamente, tiene problemas de estabilidad y causa frustración, lo que indica una experiencia muy negativa.""}"
es_0063804,0,0,1,,"{""rating"": 1, ""reasoning"": ""El cliente expresa descontento y frustración con el producto, mencionando que no tiene gel y que está seco, lo que lo hace imposible de usar, además de sentir que ha tirado el dinero, lo que"
es_0847270,4,4,5,"El reseñador menciona 'agilidad' y 'comodidad' como aspectos positivos y no ve ningún aspecto negativo, lo que sugiere una experiencia muy satisfactoria.","{""rating"": 5, ""reasoning"": ""El reseñador menciona 'agilidad' y 'comodidad' como aspectos positivos y no ve ningún aspecto negativo, lo que sugiere una experiencia muy satisfactoria.""}"
es_0702094,1,1,2,,"{""rating"": 2, ""reasoning"": ""La reseña indica que el producto es muy pequeño para las necesidades del usuario y apenas se utiliza, lo que sugiere una experiencia negativa, pero no extremadamente negativa, ya que el usuario menciona que 'está"
es_0729268,4,4,5,"La reseña es muy positiva, menciona que el producto es estable y firme, y que la superficie de planchado es amplia, lo que indica una alta satisfacción con la compra.","{""rating"": 5, ""reasoning"": ""La reseña es muy positiva, menciona que el producto es estable y firme, y que la superficie de planchado es amplia, lo que indica una alta satisfacción con la compra.""}"
es_0725040,1,0,1,,"{""rating"": 1, ""reasoning"": ""El reseñador menciona varios problemas significativos con el producto, como que no se ajustan bien en las orejas, se caen constantemente y pierden el sincronismo con facilidad, lo que indica una experiencia muy"
es_0089933,2,2,3,,"{""rating"": 3, ""reasoning"": ""La reseña menciona que la mochila cumple su función, lo que sugiere un desempeño aceptable, pero también menciona un aspecto negativo importante, el peso, lo que reduce la calificación a"
es_0031258,1,0,1,,"{""rating"": 1, ""reasoning"": ""La reseña es extremadamente negativa, mencionando varios problemas con los cascos, como incomodidad, mala calidad de sonido, pérdida de señal y un diseño de baja calidad, lo que sugiere"
es_0014968,4,4,5,"La reseña es muy positiva, utilizando la palabra 'Perfecto' y mencionando que es para su'mejor maquina', lo que sugiere una gran satisfacción con el producto.","{""rating"": 5, ""reasoning"": ""La reseña es muy positiva, utilizando la palabra 'Perfecto' y mencionando que es para su'mejor maquina', lo que sugiere una gran satisfacción con el producto.""}"
es_0851547,2,3,4,"La reseña indica que el producto es cómodo y cumple con su función, pero tiene un problema con el tamaño, lo que sugiere una calificación alta pero no perfecta.","{""rating"": 4, ""reasoning"": ""La reseña indica que el producto es cómodo y cumple con su función, pero tiene un problema con el tamaño, lo que sugiere una calificación alta pero no perfecta.""}"
es_0159724,4,4,5,"El lenguaje utilizado es extremadamente positivo, con palabras como 'perfecta','muy buena calidad' y'muy contento', lo que indica una experiencia de compra muy satisfactoria.","{""rating"": 5, ""reasoning"": ""El lenguaje utilizado es extremadamente positivo, con palabras como 'perfecta','muy buena calidad' y'muy contento', lo que indica una experiencia de compra muy satisfactoria.""}"
es_0913679,4,4,5,"La reseña utiliza palabras como 'Perfecto','muy rápido' y 'laboratorio serio y profesional', lo que indica una experiencia extremadamente positiva con el producto y el servicio.","{""rating"": 5, ""reasoning"": ""La reseña utiliza palabras como 'Perfecto','muy rápido' y 'laboratorio serio y profesional', lo que indica una experiencia extremadamente positiva con el producto y el servicio.""}"
es_0654367,3,4,5,"El comprador expresa satisfacción con la compra y menciona que el producto funciona como se espera, lo que sugiere una experiencia positiva y una calificación alta.","{""rating"": 5, ""reasoning"": ""El comprador expresa satisfacción con la compra y menciona que el producto funciona como se espera, lo que sugiere una experiencia positiva y una calificación alta.""}"
es_0593785,4,4,5,"La reseña es breve pero positiva, menciona que la persona que recibió el regalo quedó encantada, lo que sugiere una experiencia satisfactoria y una alta calificación.","{""rating"": 5, ""reasoning"": ""La reseña es breve pero positiva, menciona que la persona que recibió el regalo quedó encantada, lo que sugiere una experiencia satisfactoria y una alta calificación.""}"
es_0519815,1,1,2,,"{""rating"": 2, ""reasoning"": ""La reseña describe el juego como sencillo y repetitivo, con gráficos bonitos pero una jugabilidad poco profunda, lo que sugiere una calificación baja, pero no la más baja ya que menciona algunos"
es_0418752,4,4,5,"La reseña es breve y positiva, indica que el producto es útil para un propósito específico, lo que sugiere una experiencia satisfactoria del cliente.","{""rating"": 5, ""reasoning"": ""La reseña es breve y positiva, indica que el producto es útil para un propósito específico, lo que sugiere una experiencia satisfactoria del cliente.""}"
es_0483984,3,3,4,,"{""rating"": 4, ""reasoning"": ""La reseña destaca que la lámpara es correcta para su precio, incluye todo lo necesario para la instalación y es fácil de instalar. También menciona que la luz es cálida y suficiente para il"
es_0040668,0,1,2,,"{""rating"": 2, ""reasoning"": ""El reseñador expresa insatisfacción con la calidad del colchón, mencionando que cruje y no es cómodo, pero reconoce que por el precio no se puede esperar mucho. Aunque menciona que"
es_0494099,1,0,1,,"{""rating"": 1, ""reasoning"": ""El reseñador expresa insatisfacción con la calidad del producto, mencionando varios defectos como la mala colocación de las pegatinas y su fácil despegue, lo que sugiere una experiencia muy negativa"
es_0851969,2,2,3,,"{""rating"": 3, ""reasoning"": ""La reseña menciona tanto aspectos positivos como negativos del producto, como el tamaño adecuado y la durabilidad limitada de la rueda, lo que coincide con la calificación de tres estrellas que el autor"
es_0468371,1,0,1,"El comprador expresa insatisfacción con el producto, mencionando que falla, lo que indica una mala experiencia y una calificación baja.","{""rating"": 1, ""reasoning"": ""El comprador expresa insatisfacción con el producto, mencionando que falla, lo que indica una mala experiencia y una calificación baja.""}"
es_0662514,3,4,5,"El cliente está muy satisfecho con el producto, menciona que están como nuevos después de un uso intensivo y lavados, lo que indica una alta calidad y durabilidad.","{""rating"": 5, ""reasoning"": ""El cliente está muy satisfecho con el producto, menciona que están como nuevos después de un uso intensivo y lavados, lo que indica una alta calidad y durabilidad.""}"
es_0668633,1,0,1,"El reseñador considera que el producto es muy caro en comparación con su valor y funcionalidad, lo que indica una gran insatisfacción y una calificación muy baja.","{""rating"": 1, ""reasoning"": ""El reseñador considera que el producto es muy caro en comparación con su valor y funcionalidad, lo que indica una gran insatisfacción y una calificación muy baja.""}"
es_0876802,1,1,2,,"{""rating"": 2, ""reasoning"": ""La reseña menciona que algunos componentes del producto son de buena calidad, pero la brújula no funciona, lo que es un aspecto fundamental del producto, por lo que la calificación es baja pero no la mínima"
es_0309279,3,3,4,,"{""rating"": 4, ""reasoning"": ""La reseña es generalmente positiva, destacando la practicidad del neceser y que tiene todo lo básico, pero menciona una pega menor con las cerdas del cepillo, lo que sugiere una calificación"
es_0728609,2,1,2,"El producto no cumple con su función principal, lo que genera insatisfacción en el cliente, pero no es un completo fracaso ya que viene bien presentado.","{""rating"": 2, ""reasoning"": ""El producto no cumple con su función principal, lo que genera insatisfacción en el cliente, pero no es un completo fracaso ya que viene bien presentado.""}"
es_0562366,2,2,3,"El producto funciona, pero tiene un problema con la consistencia al presionar el botón, lo que sugiere una experiencia del usuario promedio.","{""rating"": 3, ""reasoning"": ""El producto funciona, pero tiene un problema con la consistencia al presionar el botón, lo que sugiere una experiencia del usuario promedio.""}"
es_0445582,2,2,3,,"{""rating"": 3, ""reasoning"": ""La reseña menciona que el producto funciona bien, pero tiene algunos defectos como el tamaño, las aristas incómodas y el material que se vuelve pegajoso con el tiempo, lo que sugiere una calificación"
es_0536356,0,0,1,"El producto ha explotado mientras se utilizaba, lo que indica un grave problema de seguridad y calidad, justificando la calificación más baja.","{""rating"": 1, ""reasoning"": ""El producto ha explotado mientras se utilizaba, lo que indica un grave problema de seguridad y calidad, justificando la calificación más baja.""}"
es_0841914,2,1,2,,"{""rating"": 2, ""reasoning"": ""El cliente expresa insatisfacción con el producto debido a que se ha roto una de las ruedas después de solo dos días de uso, lo que sugiere una baja calidad o durabilidad del producto, pero aún no ha desc"
es_0442472,2,2,3,"La reseña indica que el producto tiene algún efecto positivo, pero no cumple con las expectativas del usuario en cuanto al brillo, lo que sugiere una calificación media.","{""rating"": 3, ""reasoning"": ""La reseña indica que el producto tiene algún efecto positivo, pero no cumple con las expectativas del usuario en cuanto al brillo, lo que sugiere una calificación media.""}"
es_0836931,2,1,2,"El cliente menciona que el sustrato funciona bien, pero critica su apariencia y precio, lo que sugiere una calificación media-baja.","{""rating"": 2, ""reasoning"": ""El cliente menciona que el sustrato funciona bien, pero critica su apariencia y precio, lo que sugiere una calificación media-baja.""}"
es_0910257,2,3,4,"La reseña menciona un pequeño inconveniente con la velocidad de carga, pero destaca que la entrega fue perfecta y que todo lo demás está correcto, lo que sugiere una experiencia generalmente positiva.","{""rating"": 4, ""reasoning"": ""La reseña menciona un pequeño inconveniente con la velocidad de carga, pero destaca que la entrega fue perfecta y que todo lo demás está correcto, lo que sugiere una experiencia generalmente positiva.""}"
es_0116925,2,2,3,,"{""rating"": 3, ""reasoning"": ""El producto en sí mismo es bueno, pero el embalaje fue deficiente y el comprador encontró algunos aspectos del producto que no estaban a la altura de sus expectativas para el precio, como el volumen bajo y la"
es_0516528,1,0,1,,"{""rating"": 1, ""reasoning"": ""El reseñante utiliza palabras como 'aburrido' para describir el juego, lo que indica una experiencia muy negativa, y menciona que es demasiado simple para un niño de 5 años, lo que sugiere"
es_0204189,0,0,1,"El cliente expresa insatisfacción debido a que el producto llegó con retraso, incluso después de la fecha garantizada, lo que indica una mala experiencia con el servicio de entrega.","{""rating"": 1, ""reasoning"": ""El cliente expresa insatisfacción debido a que el producto llegó con retraso, incluso después de la fecha garantizada, lo que indica una mala experiencia con el servicio de entrega.""}"
es_0469410,0,0,1,"El reseñador expresa una experiencia extremadamente negativa con el vendedor, mencionando falta de comunicación y retraso en la entrega, lo que sugiere una calificación de 1 estrella.","{""rating"": 1, ""reasoning"": ""El reseñador expresa una experiencia extremadamente negativa con el vendedor, mencionando falta de comunicación y retraso en la entrega, lo que sugiere una calificación de 1 estrella.""}"
es_0542661,0,0,1,"El reseñador expresa que el producto no funciona, lo que indica una experiencia muy negativa y una calificación baja.","{""rating"": 1, ""reasoning"": ""El reseñador expresa que el producto no funciona, lo que indica una experiencia muy negativa y una calificación baja.""}"
es_0245855,3,4,5,"El comprador parece satisfecho con el producto, menciona que funciona bien y no produce ruido, lo que sugiere una experiencia positiva.","{""rating"": 5, ""reasoning"": ""El comprador parece satisfecho con el producto, menciona que funciona bien y no produce ruido, lo que sugiere una experiencia positiva.""}"
es_0844145,2,1,2,,"{""rating"": 2, ""reasoning"": ""La reseña indica que el producto es bonito, pero critica la calidad del material y el acabado, lo que sugiere una calificación baja, pero no la mínima, ya que el comprador reconoce su estética"
es_0734575,3,2,3,"La reseña menciona que el producto es bueno, pero la entrega se demoró mucho, lo que sugiere una experiencia mixta y una calificación promedio.","{""rating"": 3, ""reasoning"": ""La reseña menciona que el producto es bueno, pero la entrega se demoró mucho, lo que sugiere una experiencia mixta y una calificación promedio.""}"
es_0463376,0,0,1,"La reseña expresa una mala experiencia con el envío del producto, específicamente con el método de entrega y la información proporcionada por Amazon, lo que indica una gran insatisfacción del cliente.","{""rating"": 1, ""reasoning"": ""La reseña expresa una mala experiencia con el envío del producto, específicamente con el método de entrega y la información proporcionada por Amazon, lo que indica una gran insatisfacción del cliente.""}"
es_0766057,0,0,1,"El cliente está experimentando problemas con el producto, específicamente no puede vincular el mando, lo que indica una mala experiencia y probablemente una calificación baja.","{""rating"": 1, ""reasoning"": ""El cliente está experimentando problemas con el producto, específicamente no puede vincular el mando, lo que indica una mala experiencia y probablemente una calificación baja.""}"
es_0407649,4,4,5,,"{""rating"": 5, ""reasoning"": ""La reseña es muy positiva, destacando la versatilidad, la calidad y la cantidad de accesorios incluidos en el set, así como su utilidad y portabilidad. El comprador expresa su satisf"
es_0538273,4,4,5,"El reseñador utiliza palabras como 'BUEN PRODUCTO' y destaca su facilidad de montaje y resistencia, lo que indica una opinión muy positiva sobre el producto.","{""rating"": 5, ""reasoning"": ""El reseñador utiliza palabras como 'BUEN PRODUCTO' y destaca su facilidad de montaje y resistencia, lo que indica una opinión muy positiva sobre el producto.""}"
es_0651716,3,3,4,,"{""rating"": 4, ""reasoning"": ""La reseña es generalmente positiva, menciona que el producto se adapta perfectamente y es funcional, aunque menciona un defecto menor que es considerado lógico, por lo que la calificación es alta pero"
es_0336069,0,0,1,,"{""rating"": 1, ""reasoning"": ""La reseña utiliza un lenguaje extremadamente negativo, comparando los auriculares de manera desfavorable con otros de baja calidad y sugiriendo que el vendedor ha falsificado las valoraciones, lo que indica una"
es_0549368,0,0,1,"El comprador se sintió engañado por la descripción del producto y lo devolvió, lo que indica una experiencia extremadamente negativa","{""rating"": 1, ""reasoning"": ""El comprador se sintió engañado por la descripción del producto y lo devolvió, lo que indica una experiencia extremadamente negativa""}"
es_0891437,2,2,3,"La reseña indica que el producto cumplió con las expectativas, pero no impresionó al comprador, lo que sugiere una calificación neutral o promedio.","{""rating"": 3, ""reasoning"": ""La reseña indica que el producto cumplió con las expectativas, pero no impresionó al comprador, lo que sugiere una calificación neutral o promedio.""}"
es_0652461,4,3,4,,"{""rating"": 4, ""reasoning"": ""La reseña es generalmente positiva, destacando la belleza y variedad de colores de las mariposas, y menciona que el material es aceptable y la relación calidad-precio está bien. La única crítica"
es_0564289,0,0,1,"El cliente expresa una mala experiencia debido a un error en el envío, recibiendo un producto diferente al solicitado, lo que indica una gran insatisfacción.","{""rating"": 1, ""reasoning"": ""El cliente expresa una mala experiencia debido a un error en el envío, recibiendo un producto diferente al solicitado, lo que indica una gran insatisfacción.""}"
es_0608243,0,0,1,,"{""rating"": 1, ""reasoning"": ""El reseñador expresa insatisfacción con el producto debido a problemas de calidad y durabilidad, mencionando específicamente que el soporte se deforma y deja de funcionar después de un período de uso, lo que indica"
es_0037097,2,2,3,"El producto realiza su función, pero no coincide con la foto y tiene algunas limitaciones, lo que sugiere una calificación promedio.","{""rating"": 3, ""reasoning"": ""El producto realiza su función, pero no coincide con la foto y tiene algunas limitaciones, lo que sugiere una calificación promedio.""}"
es_0052453,1,2,3,"La reseña menciona que el producto no se ajusta perfectamente al pie del comprador, pero también destaca que la relación calidad-precio es buena, lo que sugiere una calificación promedio.","{""rating"": 3, ""reasoning"": ""La reseña menciona que el producto no se ajusta perfectamente al pie del comprador, pero también destaca que la relación calidad-precio es buena, lo que sugiere una calificación promedio.""}"
es_0178498,0,0,1,"El reseñador utiliza un lenguaje negativo, como 'bastante malos' y 'no los recomiendo', lo que indica una experiencia muy insatisfactoria con el producto.","{""rating"": 1, ""reasoning"": ""El reseñador utiliza un lenguaje negativo, como 'bastante malos' y 'no los recomiendo', lo que indica una experiencia muy insatisfactoria con el producto.""}"
es_0978354,3,3,4,,"{""rating"": 4, ""reasoning"": ""El comprador está satisfecho con la velocidad de entrega, pero menciona que el paquete llegó golpeado, lo que podría haber dañado el contenido. Aunque el libro no resultó dañado, la"
es_0943199,0,0,1,,"{""rating"": 1, ""reasoning"": ""El reseñador expresa insatisfacción total con la compra, mencionando que no recibió el producto y que el vendedor no responde a sus intentos de contacto, lo que sugiere una experiencia extremadamente negativa"
es_0084539,0,0,1,,"{""rating"": 1, ""reasoning"": ""La reseña expresa insatisfacción total con el producto, mencionando que solo duraron 6 meses y que tres de los cuatro comprados se han estropeado, lo que indica una mala calidad y una experiencia"
es_0761473,1,0,1,"El reseñador menciona problemas de calidad, óxido en el compartimento de las pilas y falta de estanqueidad al agua, lo que indica una mala experiencia con el producto.","{""rating"": 1, ""reasoning"": ""El reseñador menciona problemas de calidad, óxido en el compartimento de las pilas y falta de estanqueidad al agua, lo que indica una mala experiencia con el producto.""}"
es_0284264,0,0,1,"El cliente expresa insatisfacción total con su experiencia, calificando el producto o servicio como una estafa y mencionando que nunca recibió su pedido y no obtuvo respuesta de la empresa.","{""rating"": 1, ""reasoning"": ""El cliente expresa insatisfacción total con su experiencia, calificando el producto o servicio como una estafa y mencionando que nunca recibió su pedido y no obtuvo respuesta de la empresa.""}"
es_0717381,3,4,5,"El reseñador utiliza palabras positivas como 'buenos', 'buen agarre' y 'buena calidad precio', lo que sugiere una opinión muy favorable sobre el producto.","{""rating"": 5, ""reasoning"": ""El reseñador utiliza palabras positivas como 'buenos', 'buen agarre' y 'buena calidad precio', lo que sugiere una opinión muy favorable sobre el producto.""}"
es_0700456,0,0,1,"El reseñador expresa insatisfacción total con el producto, mencionando problemas de funcionamiento y comportamiento errático, lo que indica una experiencia muy negativa.","{""rating"": 1, ""reasoning"": ""El reseñador expresa insatisfacción total con el producto, mencionando problemas de funcionamiento y comportamiento errático, lo que indica una experiencia muy negativa.""}"
es_0597369,3,4,5,,"{""rating"": 5, ""reasoning"": ""El tono de la reseña es positivo y humorístico, y el comprador parece estar satisfecho con el producto, mencionando su precio de oferta y la originalidad del diseño con filigranas de p"
es_0533162,3,3,4,,"{""rating"": 4, ""reasoning"": ""La reseña destaca aspectos positivos como la buena idea, el espacio que ocupa, la funcionalidad y la comodidad de no requerir ensamblado. Sin embargo, menciona algunos puntos negativos como"
es_0855839,2,0,1,"El reseñador expresa insatisfacción con el producto, mencionando que no cubre toda la pantalla y no se ajusta correctamente con la funda, lo que sugiere una mala calidad o diseño del producto.","{""rating"": 1, ""reasoning"": ""El reseñador expresa insatisfacción con el producto, mencionando que no cubre toda la pantalla y no se ajusta correctamente con la funda, lo que sugiere una mala calidad o diseño del producto.""}"
es_0252167,4,4,5,"El reseñador utiliza palabras como 'Va de lujo' y 'Perfecto funcionamiento', lo que indica una opinión muy positiva sobre el producto.","{""rating"": 5, ""reasoning"": ""El reseñador utiliza palabras como 'Va de lujo' y 'Perfecto funcionamiento', lo que indica una opinión muy positiva sobre el producto.""}"
es_0794613,2,2,3,,"{""rating"": 3, ""reasoning"": ""La reseña menciona tanto aspectos positivos (sabor bueno) como negativos (no funciona para bajar peso), pero destaca que sí proporciona sensación de saciedad, lo que sugiere una experiencia neutral o prom"
es_0200507,4,4,5,"El lenguaje utilizado es muy positivo, destacando la calidad, comodidad y eficacia del producto, y se indica que es 100% recomendable.","{""rating"": 5, ""reasoning"": ""El lenguaje utilizado es muy positivo, destacando la calidad, comodidad y eficacia del producto, y se indica que es 100% recomendable.""}"
es_0166834,0,0,1,"La reseña es extremadamente negativa, mencionando varios defectos del producto como su grosor, peso, falta de cobertura de la pantalla y dureza, lo que indica una experiencia muy mala del cliente.","{""rating"": 1, ""reasoning"": ""La reseña es extremadamente negativa, mencionando varios defectos del producto como su grosor, peso, falta de cobertura de la pantalla y dureza, lo que indica una experiencia muy mala del cliente.""}"
es_0954220,1,0,1,,"{""rating"": 1, ""reasoning"": ""La reseña expresa insatisfacción con el producto, mencionando varios problemas como atascos, arrugas en los plásticos y dificultad para pegar bien las caras de los plásticos, lo que"
es_0139605,0,0,1,"El cliente expresa insatisfacción con el producto, mencionando problemas con la base que no se plega bien y que la tablet se cae, lo que llevó a devolver el producto.","{""rating"": 1, ""reasoning"": ""El cliente expresa insatisfacción con el producto, mencionando problemas con la base que no se plega bien y que la tablet se cae, lo que llevó a devolver el producto.""}"
es_0770612,0,0,1,,"{""rating"": 1, ""reasoning"": ""El reseñador expresa una gran insatisfacción con el producto, mencionando que llegó roto, está hecho de un material de baja calidad y las instrucciones eran incorrectas y en un idioma que no"
es_0164844,2,1,2,,"{""rating"": 2, ""reasoning"": ""La reseña menciona un problema específico con las instrucciones de montaje, lo que sugiere una experiencia negativa, pero no hay comentarios sobre la calidad del producto en sí, por lo que es probable una calificación baja"
es_0795548,2,1,2,,"{""rating"": 2, ""reasoning"": ""La reseña expresa decepción y descontento con el producto, mencionando que no cumple con sus expectativas y que tiene deficiencias en su funcionamiento, como tardar mucho en calentarse, pero también"
es_0552191,3,4,5,,"{""rating"": 5, ""reasoning"": ""La reseña es muy positiva, destacando que las gafas están'muy pero que muy bien', lo que sugiere una alta satisfacción del cliente, aunque menciona un problema menor con el tamaño que no parece afect"
es_0263156,4,4,5,"La reseña es breve pero muy positiva, menciona que el producto es divertido y que la persona que lo usa lo disfruta, lo que sugiere una experiencia muy satisfactoria.","{""rating"": 5, ""reasoning"": ""La reseña es breve pero muy positiva, menciona que el producto es divertido y que la persona que lo usa lo disfruta, lo que sugiere una experiencia muy satisfactoria.""}"
es_0211776,3,4,5,"La reseña utiliza términos positivos como 'perfecta', 'cómoda' y 'colores bonitos', lo que sugiere una alta satisfacción del cliente con el producto.","{""rating"": 5, ""reasoning"": ""La reseña utiliza términos positivos como 'perfecta', 'cómoda' y 'colores bonitos', lo que sugiere una alta satisfacción del cliente con el producto.""}"
es_0394358,3,3,4,,"{""rating"": 4, ""reasoning"": ""La reseña destaca que el producto cumple su función y tiene un precio estupendo, pero menciona algunos inconvenientes como cables finos y cortos, conexión frágil y falta de instrucciones de uso,"
es_0247933,0,0,1,"El producto no cumple con las expectativas del comprador, se despega rápidamente y no funciona como se esperaba, lo que indica una mala calidad y un uso inadecuado.","{""rating"": 1, ""reasoning"": ""El producto no cumple con las expectativas del comprador, se despega rápidamente y no funciona como se esperaba, lo que indica una mala calidad y un uso inadecuado.""}"
es_0898029,3,4,5,"La reseña es breve pero indica que el producto ha cumplido con su propósito y ha sido de utilidad para el comprador, lo que sugiere una experiencia positiva y una calificación alta.","{""rating"": 5, ""reasoning"": ""La reseña es breve pero indica que el producto ha cumplido con su propósito y ha sido de utilidad para el comprador, lo que sugiere una experiencia positiva y una calificación alta.""}"
es_0464472,2,1,2,,"{""rating"": 2, ""reasoning"": ""El reseñador está satisfecho con el rendimiento del vehículo, pero muy insatisfecho con la duración de la batería, lo que lo lleva a considerar el producto como'malo'"
es_0095998,4,4,5,,"{""rating"": 5, ""reasoning"": ""El reseñador está 'encantado' con el producto, menciona que funciona'muy bien' y agradece los detalles adicionales como la pulsera de repuesto, lo que indica una experiencia muy positiva"
es_0760188,3,4,5,"La reseña es breve pero muy positiva, utilizando palabras como 'contenta' y'muy bonita' para describir la maleta, lo que sugiere una alta satisfacción del cliente.","{""rating"": 5, ""reasoning"": ""La reseña es breve pero muy positiva, utilizando palabras como 'contenta' y'muy bonita' para describir la maleta, lo que sugiere una alta satisfacción del cliente.""}"
es_0296863,1,1,2,,"{""rating"": 2, ""reasoning"": ""El reseñador expresa insatisfacción con la calidad del producto, mencionando que un componente clave está hecho de plástico y se ha deteriorado después de mojarse, lo que ha afectado su funcionamiento,"
es_0882961,3,2,3,,"{""rating"": 3, ""reasoning"": ""La reseña menciona que la TV está muy bien, lo que sugiere satisfacción con el producto, pero también menciona dos problemas significativos: la falta de manual en español y el daño en la caja de envío"
es_0271113,2,3,4,,"{""rating"": 4, ""reasoning"": ""La reseña describe la campana como'muy bonita', lo que indica satisfacción con el producto, pero también menciona una falta, lo que impide que sea perfecta, por lo que se ajusta a una"
es_0284095,3,4,5,,"{""rating"": 5, ""reasoning"": ""La reseña es muy positiva, menciona que el producto es recomendable, la entrega fue en tiempo, la calidad de los materiales es buena, el funcionamiento es perfecto y no ha tenido problemas después de 4"
es_0010196,1,0,1,,"{""rating"": 1, ""reasoning"": ""El reseñador expresa una gran insatisfacción con el producto, calificándolo de muy baja calidad, inutilizable y con problemas de funcionamiento, como fotos borrosas y lentes dañadas, además de"
es_0504978,1,0,1,,"{""rating"": 1, ""reasoning"": ""La reseña expresa insatisfacción con la calidad del producto, mencionando que cierra mal los envases, es frágil y tiene poca estanqueidad, y explícitamente indica que no lo recom"
es_0282547,4,4,5,"La reseña utiliza palabras como 'Perfecto' y 'encantado', lo que indica una experiencia muy positiva con el producto y su entrega, por lo que se puede inferir que la calificación es la máxima.","{""rating"": 5, ""reasoning"": ""La reseña utiliza palabras como 'Perfecto' y 'encantado', lo que indica una experiencia muy positiva con el producto y su entrega, por lo que se puede inferir que la calificación es la máxima.""}"
es_0726761,1,0,1,,"{""rating"": 1, ""reasoning"": ""El reseñador menciona varios problemas con el producto, como que el velcro no pega, la rigidez y el desagrado de la cinta del dedo pulgar, y explícitamente dice que no"
es_0777944,1,2,3,"El comprador está insatisfecho porque el producto llegó incompleto, pero menciona que la calidad es buena, lo que sugiere que el producto en sí es decente, pero la experiencia de compra fue deficiente.","{""rating"": 3, ""reasoning"": ""El comprador está insatisfecho porque el producto llegó incompleto, pero menciona que la calidad es buena, lo que sugiere que el producto en sí es decente, pero la experiencia de compra fue deficiente.""}"
es_0541820,2,0,1,"La reseña menciona problemas significativos con el producto, como un sonido bajo en las llamadas y poca cobertura en áreas comunes, lo que indica una experiencia muy insatisfactoria del cliente.","{""rating"": 1, ""reasoning"": ""La reseña menciona problemas significativos con el producto, como un sonido bajo en las llamadas y poca cobertura en áreas comunes, lo que indica una experiencia muy insatisfactoria del cliente.""}"
es_0428800,4,4,5,,"{""rating"": 5, ""reasoning"": ""El reseñador utiliza términos como 'Muy buen producto', 'estoy muy contento', 'es bonito', 'funciona genial' y 'el precio es muy bueno', lo que indica una gran satisfacción"
es_0770446,2,3,4,,"{""rating"": 4, ""reasoning"": ""La reseña menciona un aspecto positivo (buena protección) y un aspecto negativo menor (funda un poco pequeña), lo que sugiere una calificación generalmente positiva con una pequeña reserva."""
es_0864431,1,0,1,,"{""rating"": 1, ""reasoning"": ""El reseñador expresa una experiencia muy negativa con el producto, mencionando que las costuras se abrieron después de solo 30 días de uso y enfatiza que no lo recomienda debido a su falta de"
es_0379520,1,0,1,,"{""rating"": 1, ""reasoning"": ""La reseña expresa decepción y menciona varias fallas en el funcionamiento del producto, como la pérdida de conexión Bluetooth y la falta de funcionalidad de algunas características, lo que sugiere una mala experiencia del"
es_0356295,3,4,5,"La reseña es muy positiva, destacando la calidad y la rapidez de la entrega, lo que sugiere una experiencia muy satisfactoria para el cliente.","{""rating"": 5, ""reasoning"": ""La reseña es muy positiva, destacando la calidad y la rapidez de la entrega, lo que sugiere una experiencia muy satisfactoria para el cliente.""}"
es_0728445,0,0,1,"El comprador expresa insatisfacción con los plazos de entrega, lo que indica una mala experiencia con el producto o servicio.","{""rating"": 1, ""reasoning"": ""El comprador expresa insatisfacción con los plazos de entrega, lo que indica una mala experiencia con el producto o servicio.""}"
es_0142974,2,2,3,,"{""rating"": 3, ""reasoning"": ""La reseña indica que el producto es funcional y tiene un buen precio, pero también menciona algunos problemas, como el mal rendimiento inicial y la fragilidad de la zona superior de enganche de la barra, lo que"
es_0891869,4,2,3,"El reseñador considera que es un buen producto, pero menciona algunos defectos como la debilidad del plástico y el calentamiento del interruptor, lo que sugiere una calificación promedio.","{""rating"": 3, ""reasoning"": ""El reseñador considera que es un buen producto, pero menciona algunos defectos como la debilidad del plástico y el calentamiento del interruptor, lo que sugiere una calificación promedio.""}"
es_0653524,2,1,2,,"{""rating"": 2, ""reasoning"": ""La reseña indica que el producto llegó rápidamente, pero no cumplió con las expectativas del comprador debido a problemas de funcionamiento, como la caída de agua y el ruido, lo que sugiere una cal"
es_0484181,4,4,5,"La reseña es breve y positiva, mencionando 'buena calidad precio' dos veces, lo que sugiere que el cliente está muy satisfecho con el producto.","{""rating"": 5, ""reasoning"": ""La reseña es breve y positiva, mencionando 'buena calidad precio' dos veces, lo que sugiere que el cliente está muy satisfecho con el producto.""}"
es_0461554,2,0,1,,"{""rating"": 1, ""reasoning"": ""El reseñador expresa insatisfacción con la calidad del producto, menciona que la pantalla no funcionó después de la instalación y que encontró opciones mejores por un precio similar, lo que indica una experiencia muy negativa y"
es_0310633,2,3,4,,"{""rating"": 4, ""reasoning"": ""El reseñador está satisfecho con el funcionamiento y el peso del reloj, y considera que es adecuado para el precio, pero tiene una pequeña queja sobre la correa, lo que sug"
es_0717974,0,0,1,,"{""rating"": 1, ""reasoning"": ""El lenguaje utilizado es extremadamente negativo, con palabras como 'pésimo','malísima calidad', 'engaño', 'estafadores', lo que indica una experiencia muy mala con el producto y una gran ins"
es_0939870,0,0,1,,"{""rating"": 1, ""reasoning"": ""El reseñador utiliza un lenguaje muy negativo para describir la funda, mencionando que es 'terrible', que se desgasta fácilmente y que la protección es 'prácticamente nula"
es_0877256,0,0,1,,"{""rating"": 1, ""reasoning"": ""El lenguaje utilizado en la reseña es muy negativo, mencionando que el producto es de'mala calidad', 'basura' y que no da resultados, lo que indica una experiencia extremadamente insatisfactoria"
es_0983290,1,0,1,"El reseñador repite que la luz es casi inapreciable, lo que sugiere una gran insatisfacción con el producto, indicando una calificación baja.","{""rating"": 1, ""reasoning"": ""El reseñador repite que la luz es casi inapreciable, lo que sugiere una gran insatisfacción con el producto, indicando una calificación baja.""}"
es_0627898,0,0,1,"El cliente recibió un producto diferente al publicitado, lo que indica una falta de satisfacción con la compra y una probable experiencia negativa con el vendedor.","{""rating"": 1, ""reasoning"": ""El cliente recibió un producto diferente al publicitado, lo que indica una falta de satisfacción con la compra y una probable experiencia negativa con el vendedor.""}"
es_0379155,0,0,1,"La reseña utiliza un lenguaje muy negativo, como 'Falla bastante' y 'NO funciona del todo bien', lo que indica una experiencia muy mala con el producto.","{""rating"": 1, ""reasoning"": ""La reseña utiliza un lenguaje muy negativo, como 'Falla bastante' y 'NO funciona del todo bien', lo que indica una experiencia muy mala con el producto.""}"
es_0673352,2,0,1,"El producto se estropeó rápidamente, después de solo 15 días, y comenzó a causar problemas de salud al usuario, lo que indica una mala calidad y un funcionamiento deficiente.","{""rating"": 1, ""reasoning"": ""El producto se estropeó rápidamente, después de solo 15 días, y comenzó a causar problemas de salud al usuario, lo que indica una mala calidad y un funcionamiento deficiente.""}"
es_0677877,3,4,5,,"{""rating"": 5, ""reasoning"": ""El cliente expresa satisfacción con la bicicleta, mencionando que es buena, que el pedido llegó rápido, que es fácil de montar y que la relación calidad-precio está equilibrada, lo que sugiere"
es_0226618,3,2,3,,"{""rating"": 3, ""reasoning"": ""El reseñador menciona que la calidad del producto es buena, pero critica las instrucciones de montaje por ser mal detalladas y tener piezas sobrantes, lo que sugiere una experiencia mixta y una"
es_0222031,3,4,5,"El reseñador menciona que el producto ha satisfecho sus expectativas y destaca la calidad y la relación precio-producto, lo que sugiere una opinión muy positiva.","{""rating"": 5, ""reasoning"": ""El reseñador menciona que el producto ha satisfecho sus expectativas y destaca la calidad y la relación precio-producto, lo que sugiere una opinión muy positiva.""}"
es_0140187,3,4,5,"La reseña es breve pero muy positiva, menciona que el producto corresponde con la descripción y destaca su estética y funcionalidad, lo que sugiere una experiencia completamente satisfactoria.","{""rating"": 5, ""reasoning"": ""La reseña es breve pero muy positiva, menciona que el producto corresponde con la descripción y destaca su estética y funcionalidad, lo que sugiere una experiencia completamente satisfactoria.""}"
es_0225513,0,0,1,"La reseña expresa una experiencia muy negativa con el producto, mencionando un olor desagradable y la imposibilidad de usarlo, lo que indica una calificación de 1 estrella.","{""rating"": 1, ""reasoning"": ""La reseña expresa una experiencia muy negativa con el producto, mencionando un olor desagradable y la imposibilidad de usarlo, lo que indica una calificación de 1 estrella.""}"
es_0746627,3,3,4,"El comprador está satisfecho con la relación calidad-precio y el funcionamiento del producto, aunque tiene algunas expectativas no cumplidas en cuanto al tamaño, lo que sugiere una calificación positiva pero no perfecta.","{""rating"": 4, ""reasoning"": ""El comprador está satisfecho con la relación calidad-precio y el funcionamiento del producto, aunque tiene algunas expectativas no cumplidas en cuanto al tamaño, lo que sugiere una calificación positiva pero no perfecta.""}"
es_0023062,0,0,1,,"{""rating"": 1, ""reasoning"": ""El comprador está muy decepcionado y siente que ha sido estafado debido a que el producto no mide lo que se indicaba en la descripción, lo que sugiere una calificación de 1 estrella por la"
es_0659251,3,3,4,"El comprador está satisfecho con el precio y la calidad de las figuras, pero menciona un problema con las articulaciones, lo que sugiere una calificación alta pero no perfecta.","{""rating"": 4, ""reasoning"": ""El comprador está satisfecho con el precio y la calidad de las figuras, pero menciona un problema con las articulaciones, lo que sugiere una calificación alta pero no perfecta.""}"
es_0637329,2,3,4,,"{""rating"": 4, ""reasoning"": ""El reseñador menciona que el pelo se ve con más brillo, lo que sugiere una experiencia positiva, pero no ha tenido suficiente tiempo para hacer una valoración objetiva, por lo que no da la cal"
es_0280565,0,0,1,,"{""rating"": 1, ""reasoning"": ""La reseña utiliza palabras muy negativas como 'Malísimos' y 'De lo peor' para describir el producto, lo que indica una gran insatisfacción con su funcionamiento, a pesar de mencionar"
es_0571163,3,2,3,"La reseña no expresa una opinión negativa ni positiva sobre el contenido del libro, pero muestra gratitud por la lectura gratuita, lo que sugiere una calificación neutral.","{""rating"": 3, ""reasoning"": ""La reseña no expresa una opinión negativa ni positiva sobre el contenido del libro, pero muestra gratitud por la lectura gratuita, lo que sugiere una calificación neutral.""}"
es_0437101,0,1,2,,"{""rating"": 2, ""reasoning"": ""La reseña menciona que el producto cumple con su función, pero los materiales son de muy mala calidad en comparación con los originales, y tuvo problemas con la durabilidad y la construcción, lo que"
es_0971595,4,4,5,"La reseña es breve pero positiva, indicando que el contenido del volumen es interesante y sin censura, lo que sugiere que el usuario está satisfecho con el producto.","{""rating"": 5, ""reasoning"": ""La reseña es breve pero positiva, indicando que el contenido del volumen es interesante y sin censura, lo que sugiere que el usuario está satisfecho con el producto.""}"
es_0087549,2,2,3,"El producto funciona correctamente, pero la falta de cables y tornillos necesarios para su uso completo es una desilusión significativa, lo que reduce la calificación de estrellas.","{""rating"": 3, ""reasoning"": ""El producto funciona correctamente, pero la falta de cables y tornillos necesarios para su uso completo es una desilusión significativa, lo que reduce la calificación de estrellas.""}"
es_0620506,4,4,5,"El reseñador utiliza expresiones positivas como 'Todo muy bien', 'buena calidad' y no menciona nada negativo, lo que sugiere una opinión muy favorable del producto.","{""rating"": 5, ""reasoning"": ""El reseñador utiliza expresiones positivas como 'Todo muy bien', 'buena calidad' y no menciona nada negativo, lo que sugiere una opinión muy favorable del producto.""}"
es_0666209,0,0,1,"El cliente utiliza un lenguaje muy negativo para describir el producto, mencionando varios defectos y advirtiendo a otros que no lo compren, lo que indica una experiencia extremadamente insatisfactoria.","{""rating"": 1, ""reasoning"": ""El cliente utiliza un lenguaje muy negativo para describir el producto, mencionando varios defectos y advirtiendo a otros que no lo compren, lo que indica una experiencia extremadamente insatisfactoria.""}"
es_0552117,1,1,2,,"{""rating"": 2, ""reasoning"": ""La reseña indica que muchos de los bolígrafos dejaban de escribir pronto, lo que es un problema significativo, pero también menciona que los que funcionaban estaban perfectos, lo que sugiere que el producto"
es_0685546,4,4,5,"La reseña expresa satisfacción total con el producto, utilizando palabras como 'Encantada' y 'perfecto', lo que indica una calificación máxima.","{""rating"": 5, ""reasoning"": ""La reseña expresa satisfacción total con el producto, utilizando palabras como 'Encantada' y 'perfecto', lo que indica una calificación máxima.""}"
es_0306361,2,1,2,,"{""rating"": 2, ""reasoning"": ""El cliente expresa que el producto es deficiente y funciona de manera intermitente, lo que indica una experiencia negativa, pero no completamente mala, ya que menciona que otros cables similares le han funcionado bien en el pasado"
es_0587066,3,3,4,"El comprador está contento con el producto, aunque menciona que es más pequeño de lo esperado y puede no durar mucho, pero considera que es un buen valor por el precio pagado.","{""rating"": 4, ""reasoning"": ""El comprador está contento con el producto, aunque menciona que es más pequeño de lo esperado y puede no durar mucho, pero considera que es un buen valor por el precio pagado.""}"
es_0726771,3,4,5,,"{""rating"": 5, ""reasoning"": ""La reseña utiliza un lenguaje positivo, como 'Muy buena calidad' y 'Me ha gustado mucho', lo que indica una opinión muy favorable del producto y del servicio de entrega, lo que sugiere una cal"
es_0678159,1,0,1,"El cliente expresa insatisfacción con el producto debido a que las mangas son muy cortas, lo que falla en su propósito de proteger al usuario, y específicamente menciona que no lo recomienda.","{""rating"": 1, ""reasoning"": ""El cliente expresa insatisfacción con el producto debido a que las mangas son muy cortas, lo que falla en su propósito de proteger al usuario, y específicamente menciona que no lo recomienda.""}"
es_0398084,4,3,4,"El comentario es generalmente positivo, menciona que la producto es perfecta para varios usos y solo tiene una pequeña crítica sobre la altura, lo que sugiere una calificación alta pero no perfecta.","{""rating"": 4, ""reasoning"": ""El comentario es generalmente positivo, menciona que la producto es perfecta para varios usos y solo tiene una pequeña crítica sobre la altura, lo que sugiere una calificación alta pero no perfecta.""}"
es_0689380,4,4,5,"La reseña es breve pero positiva, menciona que el producto es correcto y de buena calidad, lo que sugiere una experiencia satisfactoria y una calificación alta.","{""rating"": 5, ""reasoning"": ""La reseña es breve pero positiva, menciona que el producto es correcto y de buena calidad, lo que sugiere una experiencia satisfactoria y una calificación alta.""}"
es_0589866,4,3,4,,"{""rating"": 4, ""reasoning"": ""El reseñador describe el producto como de 'calidad aceptable' y menciona que 'tienen buena pinta', lo que sugiere una opinión generalmente positiva, aunque no lo ha utilizado, por lo que no"
es_0973457,1,1,2,,"{""rating"": 2, ""reasoning"": ""La reseña expresa insatisfacción con el producto debido a su tamaño pequeño y fragilidad, lo que indica una calificación baja, pero no es completamente negativa ya que sugiere que podría ser adecuado para niños"
es_0591891,1,1,2,,"{""rating"": 2, ""reasoning"": ""El cliente expresa decepción y va a devolver el producto debido a un problema técnico, pero también muestra duda sobre si el problema es específico de su unidad, lo que sugiere que no es completamente insatisfecho con"
es_0836431,2,3,4,"El comprador está satisfecho con el producto ya que cumple su función, pero menciona que no son tan baratas, lo que sugiere una pequeña queja que evita que dé la calificación máxima.","{""rating"": 4, ""reasoning"": ""El comprador está satisfecho con el producto ya que cumple su función, pero menciona que no son tan baratas, lo que sugiere una pequeña queja que evita que dé la calificación máxima.""}"
es_0094616,0,0,1,"El comprador expresa insatisfacción porque el producto no ha llegado en la fecha estimada y aún está esperando, lo que sugiere una mala experiencia con la entrega.","{""rating"": 1, ""reasoning"": ""El comprador expresa insatisfacción porque el producto no ha llegado en la fecha estimada y aún está esperando, lo que sugiere una mala experiencia con la entrega.""}"
es_0361198,4,4,5,"La reseña utiliza un lenguaje muy positivo, como 'Me encanta' y 'Es genial', y destaca varias características del producto que funcionan bien, lo que sugiere una opinión extremadamente favorable.","{""rating"": 5, ""reasoning"": ""La reseña utiliza un lenguaje muy positivo, como 'Me encanta' y 'Es genial', y destaca varias características del producto que funcionan bien, lo que sugiere una opinión extremadamente favorable.""}"
es_0040914,3,3,4,,"{""rating"": 4, ""reasoning"": ""La reseña es generalmente positiva, menciona que el diario es original y que la niña se entretiene con él, aunque también menciona algunas cosas que hay que tener cuidado y que puede tener contenido repetido"
es_0725194,3,4,5,,"{""rating"": 5, ""reasoning"": ""La reseña es breve pero positiva, mencionando que el producto cumple con su función de sujetar las muñecas y que el velcro es resistente, lo que sugiere una experiencia satisfactoria y una"
es_0652840,2,3,4,,"{""rating"": 4, ""reasoning"": ""La reseña es generalmente positiva, destacando la variedad de dibujos y la calidad de las plantillas, pero menciona un inconveniente con el material, lo que reduce la calificación a 4 estrellas"
es_0069650,2,2,3,"La reseña destaca que el producto cumple su función y es suficiente para el precio, pero también menciona que es lento, lo que sugiere una experiencia promedio y no excepcional.","{""rating"": 3, ""reasoning"": ""La reseña destaca que el producto cumple su función y es suficiente para el precio, pero también menciona que es lento, lo que sugiere una experiencia promedio y no excepcional.""}"
es_0557928,3,3,4,"La reseñadora está contenta con el producto en general, pero menciona un inconveniente con la duración del olor, lo que sugiere una calificación alta pero no perfecta.","{""rating"": 4, ""reasoning"": ""La reseñadora está contenta con el producto en general, pero menciona un inconveniente con la duración del olor, lo que sugiere una calificación alta pero no perfecta.""}"
es_0457693,3,4,5,"La reseña es breve y positiva, indicando que el producto funciona correctamente para conservar el champagne, lo que sugiere una experiencia satisfactoria y una calificación alta.","{""rating"": 5, ""reasoning"": ""La reseña es breve y positiva, indicando que el producto funciona correctamente para conservar el champagne, lo que sugiere una experiencia satisfactoria y una calificación alta.""}"
es_0069596,1,0,1,"El cliente recibió dos productos defectuosos, uno se rompió rápidamente y el otro no funcionaba, lo que indica una mala calidad y una gran decepción, justificando la calificación más baja.","{""rating"": 1, ""reasoning"": ""El cliente recibió dos productos defectuosos, uno se rompió rápidamente y el otro no funcionaba, lo que indica una mala calidad y una gran decepción, justificando la calificación más baja.""}"
es_0292940,4,4,5,,"{""rating"": 5, ""reasoning"": ""El reseñador está muy satisfecho con el producto, mencionando que es práctico, fácil de montar, resistente y que ocupa poco espacio, lo que sugiere una experiencia muy positiva y una"
es_0065094,4,4,5,"El reseñador está realmente contento con el artículo, lo recomienda y menciona que los niños les encanta, lo que indica una opinión muy positiva.","{""rating"": 5, ""reasoning"": ""El reseñador está realmente contento con el artículo, lo recomienda y menciona que los niños les encanta, lo que indica una opinión muy positiva.""}"
es_0665809,2,1,2,,"{""rating"": 2, ""reasoning"": ""El producto cumple su función, pero tiene desventajas significativas como la vida útil limitada debido al material de aluminio y la dificultad para enroscar el tapón, lo que sugiere una calificación media"
es_0805061,3,4,5,"La reseñadora expresa satisfacción con el producto, menciona que son perfectas para su propósito y está contenta con la compra, lo que indica una experiencia muy positiva.","{""rating"": 5, ""reasoning"": ""La reseñadora expresa satisfacción con el producto, menciona que son perfectas para su propósito y está contenta con la compra, lo que indica una experiencia muy positiva.""}"
es_0526677,2,1,2,,"{""rating"": 2, ""reasoning"": ""La reseña describe el producto como'regular' y menciona que dejó de funcionar después de un año, lo que sugiere una experiencia neutral o ligeramente negativa, pero no extremadamente negativa, lo que se"
es_0542450,3,4,5,,"{""rating"": 5, ""reasoning"": ""La reseña es breve pero utiliza términos positivos como 'Buena calidad' y menciona aspectos específicos que le gustan del producto, como la presión de la cápsula y el aroma, sin mencion"
es_0255691,3,2,3,"El comprador está satisfecho con el libro, pero muy insatisfecho con la mensajería, lo que sugiere una calificación promedio debido a la compensación entre ambos aspectos.","{""rating"": 3, ""reasoning"": ""El comprador está satisfecho con el libro, pero muy insatisfecho con la mensajería, lo que sugiere una calificación promedio debido a la compensación entre ambos aspectos.""}"
es_0907329,4,4,5,,"{""rating"": 5, ""reasoning"": ""La reseña es extremadamente positiva, mencionando mejoras significativas en comparación con la cámara anterior, como la comodidad de llevarla, la robustez, el estabilizador y la calidad de las fotos"
es_0807089,4,3,4,,"{""rating"": 4, ""reasoning"": ""La reseña es generalmente positiva, el producto es descrito como 'excelente' y'muy rico', pero el precio es considerado un poco caro, lo que reduce la calificación a 4 estrellas en"
es_0479319,4,3,4,"La reseña destaca la calidad de los materiales y la comodidad del producto, pero menciona que es difícil de montar, lo que sugiere una calificación alta pero no perfecta.","{""rating"": 4, ""reasoning"": ""La reseña destaca la calidad de los materiales y la comodidad del producto, pero menciona que es difícil de montar, lo que sugiere una calificación alta pero no perfecta.""}"
es_0812270,3,2,3,"La reseña destaca un aspecto positivo de la estética y la relación calidad-precio, pero menciona un problema significativo con la batería, lo que sugiere una calificación promedio.","{""rating"": 3, ""reasoning"": ""La reseña destaca un aspecto positivo de la estética y la relación calidad-precio, pero menciona un problema significativo con la batería, lo que sugiere una calificación promedio.""}"
es_0225971,1,1,2,"La reseña indica que el producto tiene un problema significativo con las correas que fallan en el cierre, pero menciona que en lo demás está bien, lo que sugiere una calificación intermedia baja.","{""rating"": 2, ""reasoning"": ""La reseña indica que el producto tiene un problema significativo con las correas que fallan en el cierre, pero menciona que en lo demás está bien, lo que sugiere una calificación intermedia baja.""}"
es_0881477,1,0,1,"El cliente expresa insatisfacción con el producto, mencionando que no cumple con sus expectativas y que el resultado es prácticamente el mismo que antes de usarlo, lo que sugiere una calificación muy baja.","{""rating"": 1, ""reasoning"": ""El cliente expresa insatisfacción con el producto, mencionando que no cumple con sus expectativas y que el resultado es prácticamente el mismo que antes de usarlo, lo que sugiere una calificación muy baja.""}"
es_0656080,0,0,1,"El producto se rompió al usarlo de manera normal, lo que indica una mala calidad y falta de durabilidad.","{""rating"": 1, ""reasoning"": ""El producto se rompió al usarlo de manera normal, lo que indica una mala calidad y falta de durabilidad.""}"
es_0252177,3,4,5,"La reseña utiliza palabras y frases positivas como 'Buena calidad', 'adecuados' y 'perfectamente adaptable', lo que indica una alta satisfacción con el producto.","{""rating"": 5, ""reasoning"": ""La reseña utiliza palabras y frases positivas como 'Buena calidad', 'adecuados' y 'perfectamente adaptable', lo que indica una alta satisfacción con el producto.""}"
es_0049584,1,1,2,,"{""rating"": 2, ""reasoning"": ""La reseña expresa una opinión muy positiva sobre el juego en sí, pero una fuerte crítica hacia los 'rates' y la monetización, lo que sugiere una experiencia mixta y decepcionante en algún aspect"
es_0672295,3,2,3,"El reseñador menciona que el producto está bien, pero tiene una crítica importante relacionada con la demora en las publicaciones entre tomos, lo que sugiere una calificación promedio.","{""rating"": 3, ""reasoning"": ""El reseñador menciona que el producto está bien, pero tiene una crítica importante relacionada con la demora en las publicaciones entre tomos, lo que sugiere una calificación promedio.""}"
es_0034214,1,2,3,,"{""rating"": 3, ""reasoning"": ""La reseña menciona que los productos aprietan y hacen daño después de un rato, lo que es un punto negativo, pero también menciona que las medidas y el grosor son correctos, lo que es un"
es_0984523,2,3,4,,"{""rating"": 4, ""reasoning"": ""El comprador parece satisfecho con el producto, menciona que es un buen protector y que ofrece seguridad, aunque tiene una pequeña queja sobre la cantidad de purpurina, lo que sugiere una calificación alta pero no"
es_0210039,1,1,2,,"{""rating"": 2, ""reasoning"": ""La reseña expresa insatisfacción con la bombilla, que no duró ni un mes, lo que indica una mala calidad del producto, pero no rechaza completamente la lámpara en sí, lo que sugiere"
es_0053360,3,3,4,"La reseña es breve pero positiva, menciona que usa el producto casi a diario y que no está nada mal, lo que sugiere una opinión favorable y una calificación alta, pero no perfecta.","{""rating"": 4, ""reasoning"": ""La reseña es breve pero positiva, menciona que usa el producto casi a diario y que no está nada mal, lo que sugiere una opinión favorable y una calificación alta, pero no perfecta.""}"
es_0385862,4,4,5,,"{""rating"": 5, ""reasoning"": ""La reseñadora expresa satisfacción con el producto, menciona que es cómoda y adecuada para los bebés, y además compró otro como regalo, lo que indica una alta recomendación y satisfacción con el"
es_0878643,2,1,2,,"{""rating"": 2, ""reasoning"": ""El reseñador menciona varios aspectos negativos como el tamaño pequeño, la tapa de las pilas difícil de abrir y el mando de alarma débil, lo que sugiere una experiencia insatisfactoria con"
es_0135947,1,0,1,,"{""rating"": 1, ""reasoning"": ""La reseña expresa una fuerte insatisfacción con el producto, mencionando que no cumple con las expectativas, se quita fácilmente, deshidrata los labios y no dura cuando se come o"
es_0853891,4,2,3,"El comprador está satisfecho con el vendedor y el producto, pero tiene problemas con el transportista de Amazon, lo que sugiere una experiencia mixta y una calificación neutral.","{""rating"": 3, ""reasoning"": ""El comprador está satisfecho con el vendedor y el producto, pero tiene problemas con el transportista de Amazon, lo que sugiere una experiencia mixta y una calificación neutral.""}"
es_0625749,4,2,3,"El producto es efectivo, pero el reseñador está insatisfecho con el aumento de precio y sugiere una alternativa de compra, lo que indica una experiencia neutral y no completamente positiva.","{""rating"": 3, ""reasoning"": ""El producto es efectivo, pero el reseñador está insatisfecho con el aumento de precio y sugiere una alternativa de compra, lo que indica una experiencia neutral y no completamente positiva.""}"
es_0171151,2,1,2,"La reseña menciona un problema específico con el producto, el agujero es demasiado estrecho, lo que indica insatisfacción pero no un rechazo total del producto.","{""rating"": 2, ""reasoning"": ""La reseña menciona un problema específico con el producto, el agujero es demasiado estrecho, lo que indica insatisfacción pero no un rechazo total del producto.""}"
es_0020615,2,3,4,,"{""rating"": 4, ""reasoning"": ""El cliente está satisfecho con el servicio y el producto cumple con sus expectativas, aunque menciona una pequeña desventaja en cuanto a la absorción de olores, pero no parece ser un problema grave enough para"
es_0224003,2,4,5,"La reseña es muy positiva, menciona que el producto llegó antes de lo esperado, en perfecto estado y bien empaquetado, lo que sugiere una experiencia de compra satisfactoria.","{""rating"": 5, ""reasoning"": ""La reseña es muy positiva, menciona que el producto llegó antes de lo esperado, en perfecto estado y bien empaquetado, lo que sugiere una experiencia de compra satisfactoria.""}"
es_0773793,0,0,1,"El reseñador describe el producto como'malo' y menciona varios problemas con su funcionamiento, como no pegar en el medio y no funcionar bien el táctil.","{""rating"": 1, ""reasoning"": ""El reseñador describe el producto como'malo' y menciona varios problemas con su funcionamiento, como no pegar en el medio y no funcionar bien el táctil.""}"
es_0887965,1,0,1,"La reseña utiliza un lenguaje negativo como 'No recomendable' y menciona que el producto no cumple con las expectativas en cuanto al color, lo que sugiere una experiencia muy insatisfactoria.","{""rating"": 1, ""reasoning"": ""La reseña utiliza un lenguaje negativo como 'No recomendable' y menciona que el producto no cumple con las expectativas en cuanto al color, lo que sugiere una experiencia muy insatisfactoria.""}"
es_0251092,1,0,1,"El producto no funcionó como se esperaba, causó un efecto adverso en los perros y el cliente está insatisfecho y quiere devolverlo.","{""rating"": 1, ""reasoning"": ""El producto no funcionó como se esperaba, causó un efecto adverso en los perros y el cliente está insatisfecho y quiere devolverlo.""}"
es_0772531,2,3,4,,"{""rating"": 4, ""reasoning"": ""La reseña es breve y menciona que los productos están bien, lo que sugiere satisfacción. Además, el comentario sobre las cintas de embalar siendo 'ruidosas' se presenta de manera neutral, sin expresar"
es_0416912,2,0,1,"El comprador expresa decepción y frustración por no haber notado que el producto estaba en catalán, lo que sugiere que no está satisfecho con su compra.","{""rating"": 1, ""reasoning"": ""El comprador expresa decepción y frustración por no haber notado que el producto estaba en catalán, lo que sugiere que no está satisfecho con su compra.""}"
es_0641653,1,0,1,"La reseñadora expresa decepción y menciona un problema específico con el producto, lo que sugiere una calificación muy baja.","{""rating"": 1, ""reasoning"": ""La reseñadora expresa decepción y menciona un problema específico con el producto, lo que sugiere una calificación muy baja.""}"
es_0862696,3,3,4,,"{""rating"": 4, ""reasoning"": ""La reseña es generalmente positiva, menciona que el producto es bueno y que tiene una característica que lo hace más duradero, aunque menciona un pequeño inconveniente al cambiar la cabeza, pero no parece ser un"
es_0668220,0,0,1,,"{""rating"": 1, ""reasoning"": ""El reseñador expresa una experiencia muy negativa con el producto, mencionando que se rompió después de poco tiempo sin razón aparente y enfatiza que no es recomendable, lo que sugiere una"
es_0205952,4,4,5,,"{""rating"": 5, ""reasoning"": ""La reseña es muy positiva, destacando la belleza y elegancia del producto, su versatilidad y el buen precio. El único comentario negativo es leve y se considera justificado por el precio, lo que"
es_0470959,0,0,1,,"{""rating"": 1, ""reasoning"": ""La reseña indica que el producto no ha funcionado correctamente y se ha estropeado rápidamente, lo que sugiere una mala calidad y una falta de resistencia a las condiciones climáticas, lo que justifica una"
es_0477448,0,1,2,,"{""rating"": 2, ""reasoning"": ""La reseña menciona dos problemas con el producto: la empuñadura con espuma rota y la barra delantera no funcional, lo que indica una mala calidad o defectos en el producto, pero"
es_0539732,2,2,3,,"{""rating"": 3, ""reasoning"": ""El reseñador menciona que el aparato cumple con su cometido, pero también señala algunas deficiencias como materiales mejorables y poca potencia, aunque esto último no es un problema para su uso específico"
es_0991313,1,0,1,"El cliente expresa insatisfacción con el ajuste del producto y critica el proceso de devolución, calificándolo de 'Muy mal', lo que sugiere una experiencia extremadamente negativa.","{""rating"": 1, ""reasoning"": ""El cliente expresa insatisfacción con el ajuste del producto y critica el proceso de devolución, calificándolo de 'Muy mal', lo que sugiere una experiencia extremadamente negativa.""}"
es_0267908,3,2,3,,"{""rating"": 3, ""reasoning"": ""El comprador está satisfecho con la apariencia del producto, pero tiene dificultades con la instalación debido a una pieza sobrante que no se explica en las instrucciones, lo que sugiere una"
es_0223766,4,4,5,,"{""rating"": 5, ""reasoning"": ""El reseñador expresa una opinión muy positiva sobre el producto, mencionando que le gusta mucho y que ha sido un descubrimiento, lo que sugiere una alta satisfacción y una calificación máxima."""
es_0518903,4,4,5,,"{""rating"": 5, ""reasoning"": ""El reseñador utiliza palabras como 'Excelente' dos veces, lo que indica una alta satisfacción con el producto, y menciona que es resistente, cumple su función y es cómodo de manejar, lo que sug"
es_0900017,2,2,3,,"{""rating"": 3, ""reasoning"": ""El reseñador menciona que el producto es de buena calidad, pero tiene un tamaño pequeño para la pantalla del modelo, lo que sugiere una experiencia neutral o promedio, típica de una calificación de 3 est"
es_0195628,2,1,2,"El comprador recibió el producto en buen estado, pero no le gustó el contenido del libro, lo que indica una experiencia neutral o ligeramente negativa, correspondiente a una calificación de 2 estrellas.","{""rating"": 2, ""reasoning"": ""El comprador recibió el producto en buen estado, pero no le gustó el contenido del libro, lo que indica una experiencia neutral o ligeramente negativa, correspondiente a una calificación de 2 estrellas.""}"
es_0515811,2,1,2,,"{""rating"": 2, ""reasoning"": ""El reseñador menciona que el producto fue 'flojo de sabor' y que no le gustó mucho, lo que indica una experiencia negativa, pero también incluye la frase'sobre gustos los colores',"
es_0379661,0,0,1,"El reseñante menciona problemas de calidad, como el amarilleo desde el primer uso y el ruido, y compara negativamente con un producto anterior, lo que indica una experiencia muy insatisfactoria.","{""rating"": 1, ""reasoning"": ""El reseñante menciona problemas de calidad, como el amarilleo desde el primer uso y el ruido, y compara negativamente con un producto anterior, lo que indica una experiencia muy insatisfactoria.""}"
es_0436162,4,4,5,"El lenguaje utilizado es extremadamente positivo, con palabras como 'Perfecto' y 'Me ha encantado', lo que indica una experiencia muy satisfactoria con el producto.","{""rating"": 5, ""reasoning"": ""El lenguaje utilizado es extremadamente positivo, con palabras como 'Perfecto' y 'Me ha encantado', lo que indica una experiencia muy satisfactoria con el producto.""}"
es_0513514,0,2,3,,"{""rating"": 3, ""reasoning"": ""La reseña es breve y neutral, menciona un aspecto positivo de la política de devolución, pero también indica que es un vendedor externo, lo que podría generar desconfianza, por lo que se puede infer"
es_0676307,4,3,4,,"{""rating"": 4, ""reasoning"": ""El cliente está satisfecho con el producto, menciona que cumple su función y tiene buena pinta, aunque tuvo un poco de dificultad para encajarlo. Además, considera que el precio es razon"
es_0459641,3,3,4,,"{""rating"": 4, ""reasoning"": ""El reseñante describe el producto como 'buen producto' y destaca su potencia y buen software, lo que indica una opinión generalmente positiva. Sin embargo, menciona una dificultad en la instalación sobre"
es_0868425,1,0,1,"La reseña es extremadamente negativa, mencionando que el producto se rompió rápidamente y que hay mejores opciones disponibles.","{""rating"": 1, ""reasoning"": ""La reseña es extremadamente negativa, mencionando que el producto se rompió rápidamente y que hay mejores opciones disponibles.""}"
es_0628406,0,0,1,"El reseñador expresa una fuerte insatisfacción con el producto, mencionando que no le gustó nada y especificando un defecto significativo, lo que sugiere una calificación de estrellas muy baja.","{""rating"": 1, ""reasoning"": ""El reseñador expresa una fuerte insatisfacción con el producto, mencionando que no le gustó nada y especificando un defecto significativo, lo que sugiere una calificación de estrellas muy baja.""}"
es_0180032,0,0,1,"El cliente expresa insatisfacción extrema con la compra, recibiendo un producto diferente al solicitado y teniendo dificultades con el proceso de devolución y contacto con la empresa.","{""rating"": 1, ""reasoning"": ""El cliente expresa insatisfacción extrema con la compra, recibiendo un producto diferente al solicitado y teniendo dificultades con el proceso de devolución y contacto con la empresa.""}"
es_0520964,3,2,3,,"{""rating"": 3, ""reasoning"": ""La reseña menciona una buena relación calidad-precio y un gran diseño, pero también menciona que la durabilidad es solo 'la justa', lo que sugiere que no es excepcional, por lo que se puede infer"
es_0891412,3,4,5,"El cliente parece estar completamente satisfecho con el producto y el servicio, mencionando que el producto es tal como se describe, ha llegado en el tiempo previsto y tiene una buena relación calidad-precio.","{""rating"": 5, ""reasoning"": ""El cliente parece estar completamente satisfecho con el producto y el servicio, mencionando que el producto es tal como se describe, ha llegado en el tiempo previsto y tiene una buena relación calidad-precio.""}"
es_0312999,3,2,3,"La reseña es breve y simplemente describe el producto como de calidad precio aceptable, sin destacar aspectos positivos o negativos significativos, lo que sugiere una calificación neutral o promedio.","{""rating"": 3, ""reasoning"": ""La reseña es breve y simplemente describe el producto como de calidad precio aceptable, sin destacar aspectos positivos o negativos significativos, lo que sugiere una calificación neutral o promedio.""}"
es_0489129,2,3,4,"La reseña es generalmente positiva, el cliente está contento con su compra y el producto es como se esperaba, pero menciona que es más barato en otros sitios, lo que reduce ligeramente la calificación","{""rating"": 4, ""reasoning"": ""La reseña es generalmente positiva, el cliente está contento con su compra y el producto es como se esperaba, pero menciona que es más barato en otros sitios, lo que reduce ligeramente la calificación""}"
es_0165754,1,1,2,,"{""rating"": 2, ""reasoning"": ""El reseñador expresa insatisfacción con la calidad de la batería, mencionando que tiene solo un 85% de durabilidad, lo que considera mediocre para el precio que pagó, lo que sugiere"
es_0705373,4,4,5,"El cliente expresa satisfacción total con el producto, mencionando que es perfecto para imprimir, ahorra dinero y funciona como si fueran cartuchos nuevos, lo que sugiere una experiencia muy positiva.","{""rating"": 5, ""reasoning"": ""El cliente expresa satisfacción total con el producto, mencionando que es perfecto para imprimir, ahorra dinero y funciona como si fueran cartuchos nuevos, lo que sugiere una experiencia muy positiva.""}"
es_0733386,0,0,1,,"{""rating"": 1, ""reasoning"": ""La reseña expresa una experiencia negativa con el producto, mencionando que se despegan al poco tiempo y expresando claramente que no los recomienda, lo que indica una calificación de estrellas muy baja."""
es_0321819,1,0,1,"El cliente expresa insatisfacción con el producto, ya que no ha obtenido los resultados esperados y sugiere que falta información para su uso adecuado.","{""rating"": 1, ""reasoning"": ""El cliente expresa insatisfacción con el producto, ya que no ha obtenido los resultados esperados y sugiere que falta información para su uso adecuado.""}"
es_0690099,0,0,1,"La reseña indica que el producto no funciona con un dispositivo específico, lo que sugiere una experiencia negativa y una calificación baja.","{""rating"": 1, ""reasoning"": ""La reseña indica que el producto no funciona con un dispositivo específico, lo que sugiere una experiencia negativa y una calificación baja.""}"
es_0752083,3,4,5,"La reseña utiliza palabras positivas como 'Fiable' y'muy bien', lo que indica una opinión muy favorable sobre el producto, y no menciona ninguna crítica o aspecto negativo.","{""rating"": 5, ""reasoning"": ""La reseña utiliza palabras positivas como 'Fiable' y'muy bien', lo que indica una opinión muy favorable sobre el producto, y no menciona ninguna crítica o aspecto negativo.""}"
es_0182813,3,1,2,"El cliente menciona que el producto no cumple con su función principal de eliminar ruidos externos y además causa molestias en el oído, lo que indica una experiencia negativa y una calificación baja.","{""rating"": 2, ""reasoning"": ""El cliente menciona que el producto no cumple con su función principal de eliminar ruidos externos y además causa molestias en el oído, lo que indica una experiencia negativa y una calificación baja.""}"
es_0398617,0,0,1,"El cliente expresa insatisfacción total con el producto, mencionando que falla en su función principal de localización el 90% de las veces, lo que indica una mala experiencia y valoración mínima.","{""rating"": 1, ""reasoning"": ""El cliente expresa insatisfacción total con el producto, mencionando que falla en su función principal de localización el 90% de las veces, lo que indica una mala experiencia y valoración mínima.""}"
es_0167781,0,0,1,,"{""rating"": 1, ""reasoning"": ""El comprador expresa insatisfacción con el producto, mencionando que no se adapta a la pantalla y que las dimensiones no son correctas, lo que sugiere una mala calidad o un error en la descripción del"
es_0101736,2,2,3,"El producto cumple con algunas expectativas del comprador, como el tamaño, pero tiene un defecto significativo, la poca capacidad, lo que evita que sea perfecto y reduce la calificación a 3 estrellas.","{""rating"": 3, ""reasoning"": ""El producto cumple con algunas expectativas del comprador, como el tamaño, pero tiene un defecto significativo, la poca capacidad, lo que evita que sea perfecto y reduce la calificación a 3 estrellas.""}"
es_0682411,1,1,2,,"{""rating"": 2, ""reasoning"": ""La reseña critica la calidad del material y el tacto, comparándolo desfavorablemente con la original, aunque reconoce que el aspecto a distancia y el ajuste son buenos, lo que sugiere una cal"
es_0006073,3,2,3,,"{""rating"": 3, ""reasoning"": ""La reseña es breve y neutral, el comprador parece satisfecho con la apariencia del producto pero no ha expresado una opinión definitiva sobre su calidad o funcionamiento, lo que sugiere una calificación media"
es_0095948,1,0,1,"El cliente expresa insatisfacción con el producto, mencionando que no cumple con sus expectativas y solo funciona en condiciones muy específicas, lo que sugiere una calificación muy baja.","{""rating"": 1, ""reasoning"": ""El cliente expresa insatisfacción con el producto, mencionando que no cumple con sus expectativas y solo funciona en condiciones muy específicas, lo que sugiere una calificación muy baja.""}"
es_0100301,0,0,1,,"{""rating"": 1, ""reasoning"": ""La reseña menciona defectos de calidad en el producto, como ralladuras con el uso y la utilización de plástico en lugar de cuero, lo que indica una mala experiencia del cliente y justifica la cal"
es_0539669,2,2,3,"El cliente menciona que el material es bueno, pero no sirvió para su propósito original, aunque espera encontrarle utilidad en el futuro, lo que sugiere una calificación neutral o promedio.","{""rating"": 3, ""reasoning"": ""El cliente menciona que el material es bueno, pero no sirvió para su propósito original, aunque espera encontrarle utilidad en el futuro, lo que sugiere una calificación neutral o promedio.""}"
es_0443060,3,4,5,"La reseña es muy positiva, destacando la originalidad y funcionalidad del producto, con solo algunos puntos negativos menores que no parecen afectar la satisfacción general del cliente.","{""rating"": 5, ""reasoning"": ""La reseña es muy positiva, destacando la originalidad y funcionalidad del producto, con solo algunos puntos negativos menores que no parecen afectar la satisfacción general del cliente.""}"
es_0221892,3,3,4,,"{""rating"": 4, ""reasoning"": ""La reseña es generalmente positiva, destacando la simplicidad y funcionalidad del teléfono, aunque menciona algunos detalles negativos como la falta de intuición en los nombres de las opciones de menú, pero"
es_0898303,4,4,5,"El cliente utiliza palabras como 'perfecto' y'muy buena calidad', y menciona que el producto es exactamente lo que esperaba, lo que indica una alta satisfacción con la compra y el servicio.","{""rating"": 5, ""reasoning"": ""El cliente utiliza palabras como 'perfecto' y'muy buena calidad', y menciona que el producto es exactamente lo que esperaba, lo que indica una alta satisfacción con la compra y el servicio.""}"
es_0768447,4,4,5,,"{""rating"": 5, ""reasoning"": ""El reseñador utiliza palabras como 'Perfecto' y 'no defrauda', lo que indica una alta satisfacción con el producto, y destaca varias características positivas sin mencionar ninguna crítica o aspecto negativo"
es_0038836,1,0,1,,"{""rating"": 1, ""reasoning"": ""El reseñador expresa una gran insatisfacción con el producto, mencionando que una de las bombillas se ha estropeado después de un año, lo que sugiere una baja calidad y durabilidad. Además,"
es_0277824,3,3,4,,"{""rating"": 4, ""reasoning"": ""El comprador está satisfecho con la relación calidad-precio y considera que el drone es adecuado para aprender a volar, aunque menciona una limitación en la calidad de grabación, lo que sugiere una cal"
es_0936482,2,1,2,,"{""rating"": 2, ""reasoning"": ""La reseña expresa una opinión neutral inicial, pero luego menciona aspectos negativos como la calidad y el grosor de la lata, lo que sugiere insatisfacción con el producto, pero sin ser extremadamente neg"
es_0729194,2,0,1,"La reseña expresa insatisfacción con la calidad y durabilidad del producto, mencionando problemas como arañazos, mal olor y falta de durabilidad, lo que indica una calificación muy baja.","{""rating"": 1, ""reasoning"": ""La reseña expresa insatisfacción con la calidad y durabilidad del producto, mencionando problemas como arañazos, mal olor y falta de durabilidad, lo que indica una calificación muy baja.""}"
es_0702913,2,3,4,,"{""rating"": 4, ""reasoning"": ""El comprador está satisfecho con la calidad del colchón y su precio, pero se siente engañado por la diferencia entre la altura publicada y la real, lo que le resta una estrella a su calificación"
es_0456974,3,4,5,,"{""rating"": 5, ""reasoning"": ""La reseña utiliza palabras y frases positivas como 'Buen precio', 'Buen material', 'fácil de montar' y 'fácil de llevar', lo que indica una experiencia muy satisfactoria con el producto."""
es_0402990,3,4,5,"El reseñador utiliza palabras como 'perfecto' y destaca varios beneficios del producto, como el ahorro de espacio y la conservación de las escobas, lo que indica una opinión muy positiva.","{""rating"": 5, ""reasoning"": ""El reseñador utiliza palabras como 'perfecto' y destaca varios beneficios del producto, como el ahorro de espacio y la conservación de las escobas, lo que indica una opinión muy positiva.""}"
es_0039491,3,3,4,,"{""rating"": 4, ""reasoning"": ""El reseñador está generalmente satisfecho con el producto, mencionando que tiene un buen caudal y es cómodo, pero tiene una pequeña queja sobre el funcionamiento después de pararlo, lo que"
es_0692604,1,4,5,"La reseñadora expresa satisfacción con el producto, mencionando que funcionan perfectamente y que ha ahorrado dinero, lo que sugiere una experiencia positiva y sin problemas.","{""rating"": 5, ""reasoning"": ""La reseñadora expresa satisfacción con el producto, mencionando que funcionan perfectamente y que ha ahorrado dinero, lo que sugiere una experiencia positiva y sin problemas.""}"
es_0535822,4,4,5,"El cliente está completamente satisfecho con el producto, lo que indica una calificación máxima, y menciona que ofrece una solución que no encontró en otros lugares, lo que sugiere una alta valoración.","{""rating"": 5, ""reasoning"": ""El cliente está completamente satisfecho con el producto, lo que indica una calificación máxima, y menciona que ofrece una solución que no encontró en otros lugares, lo que sugiere una alta valoración.""}"
es_0120955,3,4,5,,"{""rating"": 5, ""reasoning"": ""El reseñador utiliza palabras positivas como 'genial','muy buenos' y'muy buena calidad' para describir el juguete, y solo menciona un pequeño defecto menor en la caja"
es_0055185,4,4,5,,"{""rating"": 5, ""reasoning"": ""El reseñador utiliza un lenguaje muy positivo, como 'el mejor en relación calidad/precio','muy buena calidad', '100% recomendable' y comparte una experiencia personal satisfactoria con el producto,"
es_0215390,2,2,3,"El comprador está satisfecho con el precio, pero menciona un problema con el producto (abolladura) lo que reduce su satisfacción, pero no lo suficiente como para dar una calificación muy baja","{""rating"": 3, ""reasoning"": ""El comprador está satisfecho con el precio, pero menciona un problema con el producto (abolladura) lo que reduce su satisfacción, pero no lo suficiente como para dar una calificación muy baja""}"
es_0951073,0,0,1,"El comprador indica que el producto nunca llegó, lo que sugiere una experiencia muy negativa con la compra y el servicio de entrega.","{""rating"": 1, ""reasoning"": ""El comprador indica que el producto nunca llegó, lo que sugiere una experiencia muy negativa con la compra y el servicio de entrega.""}"
es_0853805,0,0,1,,"{""rating"": 1, ""reasoning"": ""El cliente no recibió el paquete a pesar de que se indica que fue entregado, lo que sugiere un problema con el servicio de entrega o la comunicación con el vendedor, lo que lleva a una calificación muy"
es_0602650,0,0,1,"El reseñador menciona que el producto es 'caro' y no tiene más comentarios positivos, lo que sugiere insatisfacción con la compra.","{""rating"": 1, ""reasoning"": ""El reseñador menciona que el producto es 'caro' y no tiene más comentarios positivos, lo que sugiere insatisfacción con la compra.""}"
es_0461671,0,0,1,"El lenguaje utilizado es extremadamente negativo, el producto no cumple con las expectativas y se considera una estafa, lo que indica una experiencia muy mala del cliente.","{""rating"": 1, ""reasoning"": ""El lenguaje utilizado es extremadamente negativo, el producto no cumple con las expectativas y se considera una estafa, lo que indica una experiencia muy mala del cliente.""}"
es_0892106,3,3,4,,"{""rating"": 4, ""reasoning"": ""La reseña utiliza un tono positivo y de asombro, describiendo el libro como 'curioso' y expresando incredulidad sobre la historia real en la que se basa, lo que sugiere una opin"
es_0101423,4,4,5,"El cliente utiliza palabras como 'perfect' y 'Muy recomendada', lo que indica una experiencia muy positiva con el producto y el servicio de entrega.","{""rating"": 5, ""reasoning"": ""El cliente utiliza palabras como 'perfect' y 'Muy recomendada', lo que indica una experiencia muy positiva con el producto y el servicio de entrega.""}"
es_0742127,2,2,3,,"{""rating"": 3, ""reasoning"": ""La reseña destaca tanto aspectos positivos como negativos, mencionando que el producto es'muy mono' y'muy bien envuelto', pero también considera que es 'un poco caro para el"
es_0627362,3,3,4,,"{""rating"": 4, ""reasoning"": ""La reseña destaca varias características positivas del producto, como su antideslizamiento y suavidad, lo que indica una alta satisfacción. Sin embargo, menciona un aspecto negativo, su estrechez,"
es_0957639,4,4,5,,"{""rating"": 5, ""reasoning"": ""La reseña utiliza un lenguaje muy positivo, como 'MUY DIVERTIDA' y'muy bien hecha', y menciona que es una de las mejores, lo que sugiere una opinión muy favorable y"
es_0570178,0,0,1,"La reseña expresa insatisfacción con el servicio y menciona que no recibió el producto, lo que sugiere una mala experiencia y justifica la calificación más baja.","{""rating"": 1, ""reasoning"": ""La reseña expresa insatisfacción con el servicio y menciona que no recibió el producto, lo que sugiere una mala experiencia y justifica la calificación más baja.""}"
es_0947992,1,0,1,"El producto tiene un problema funcional importante con los botones, lo que lo hace inutilizable para juegos como Minecraft, y el usuario lo ha devuelto, lo que indica una experiencia muy negativa.","{""rating"": 1, ""reasoning"": ""El producto tiene un problema funcional importante con los botones, lo que lo hace inutilizable para juegos como Minecraft, y el usuario lo ha devuelto, lo que indica una experiencia muy negativa.""}"
es_0516169,3,3,4,"La reseñadora está muy contenta con el producto y menciona que hace su función, aunque tiene un pequeño inconveniente con el tamaño, pero no parece ser un problema grave enough para restar muchas estrellas.","{""rating"": 4, ""reasoning"": ""La reseñadora está muy contenta con el producto y menciona que hace su función, aunque tiene un pequeño inconveniente con el tamaño, pero no parece ser un problema grave enough para restar muchas estrellas.""}"
es_0835462,1,0,1,,"{""rating"": 1, ""reasoning"": ""La reseña es muy negativa, mencionando que el producto no es útil y tiene problemas con la duración de la cera y la facilidad con la que se apagan, lo que sugiere una mala experiencia"
es_0436330,4,4,5,"La reseña utiliza la palabra 'Perfecto' y menciona que a la madre del comprador le gusta mucho el producto, lo que indica una opinión muy positiva.","{""rating"": 5, ""reasoning"": ""La reseña utiliza la palabra 'Perfecto' y menciona que a la madre del comprador le gusta mucho el producto, lo que indica una opinión muy positiva.""}"
es_0310222,0,0,1,"El reseñante utiliza un lenguaje muy negativo, como 'timo', y menciona que el producto no funciona como se espera, lo que indica una experiencia muy mala con el producto.","{""rating"": 1, ""reasoning"": ""El reseñante utiliza un lenguaje muy negativo, como 'timo', y menciona que el producto no funciona como se espera, lo que indica una experiencia muy mala con el producto.""}"
es_0184670,0,0,1,"El producto falla desde el primer uso, lo que indica una mala calidad o defecto de fábrica, justificando una calificación baja.","{""rating"": 1, ""reasoning"": ""El producto falla desde el primer uso, lo que indica una mala calidad o defecto de fábrica, justificando una calificación baja.""}"
es_0958794,2,1,2,,"{""rating"": 2, ""reasoning"": ""La reseña menciona varios aspectos negativos del producto, como que se rompe fácilmente, el forro interior se descose enseguida y las costuras podrían ser más duras, aunque también menciona algunos aspect"
es_0205814,4,4,5,,"{""rating"": 5, ""reasoning"": ""La reseña utiliza palabras positivas como 'buena calidad','resistente', 'bonito' y menciona que el hijo está 'encantado', lo que sugiere una experiencia muy satisfactoria con el producto."""
es_0902382,4,3,4,,"{""rating"": 4, ""reasoning"": ""La reseña destaca que el producto es cómodo y funcional, lo que sugiere una experiencia positiva, pero también menciona que es caro, lo que podría restar una estrella de la calificación máxima."""
es_0884700,3,4,5,"El comentario es breve pero muy positivo, utilizando palabras como 'perfecto' que indican una gran satisfacción con el producto.","{""rating"": 5, ""reasoning"": ""El comentario es breve pero muy positivo, utilizando palabras como 'perfecto' que indican una gran satisfacción con el producto.""}"
es_0296268,0,0,1,"La reseña expresa decepción y menciona problemas con el tamaño y la sincronización del producto, además de considerar devolverlo, lo que indica una mala experiencia del cliente.","{""rating"": 1, ""reasoning"": ""La reseña expresa decepción y menciona problemas con el tamaño y la sincronización del producto, además de considerar devolverlo, lo que indica una mala experiencia del cliente.""}"
es_0559295,0,0,1,,"{""rating"": 1, ""reasoning"": ""La reseña expresa una gran insatisfacción con el producto, mencionando problemas de estabilidad, calidad de materiales y rendimiento, y el usuario afirma que no lo recomendaría en absoluto y que ha sido"
es_0928331,3,4,5,"La reseña utiliza palabras positivas como 'Muy contentos', lo que sugiere una experiencia satisfactoria con el producto, y no menciona ninguna queja o crítica.","{""rating"": 5, ""reasoning"": ""La reseña utiliza palabras positivas como 'Muy contentos', lo que sugiere una experiencia satisfactoria con el producto, y no menciona ninguna queja o crítica.""}"
es_0341050,2,2,3,,"{""rating"": 3, ""reasoning"": ""El reseñador expresa satisfacción con el álbum en sí, pero se siente decepcionado con la experiencia completa debido a la incapacidad de completar los cromos faltantes a través de la página web"
es_0126612,4,4,5,"La reseña utiliza un lenguaje muy positivo, como 'linda cámara', 'a ella le gusta mucho' y 'eso lo hace muy divertido', lo que indica una gran satisfacción con el producto.","{""rating"": 5, ""reasoning"": ""La reseña utiliza un lenguaje muy positivo, como 'linda cámara', 'a ella le gusta mucho' y 'eso lo hace muy divertido', lo que indica una gran satisfacción con el producto.""}"
es_0770096,0,0,1,"La reseña utiliza un lenguaje muy negativo, indicando que el producto no es útil y tiene problemas con la adhesión, lo que sugiere una experiencia extremadamente insatisfactoria.","{""rating"": 1, ""reasoning"": ""La reseña utiliza un lenguaje muy negativo, indicando que el producto no es útil y tiene problemas con la adhesión, lo que sugiere una experiencia extremadamente insatisfactoria.""}"
es_0324314,4,4,5,"La reseña utiliza un lenguaje muy positivo, como 'Muy buen matcha' y 'lo recomiendo', lo que indica una alta satisfacción con el producto.","{""rating"": 5, ""reasoning"": ""La reseña utiliza un lenguaje muy positivo, como 'Muy buen matcha' y 'lo recomiendo', lo que indica una alta satisfacción con el producto.""}"
es_0782043,3,4,5,,"{""rating"": 5, ""reasoning"": ""El reseñante utiliza términos positivos como'muy bueno' y menciona que el producto es 'fácil de instalar' y 'cumple su misión perfectamente', lo que indica una gran satisfacción con"
es_0014346,1,0,1,"La reseña utiliza un lenguaje muy negativo, como 'No cumple' y 'de muy baja calidad', lo que indica una experiencia extremadamente insatisfactoria con el producto.","{""rating"": 1, ""reasoning"": ""La reseña utiliza un lenguaje muy negativo, como 'No cumple' y 'de muy baja calidad', lo que indica una experiencia extremadamente insatisfactoria con el producto.""}"
es_0067702,2,3,4,,"{""rating"": 4, ""reasoning"": ""La reseña es generalmente positiva, mencionando que los productos descansan la vista y mejoran la calidad del sueño, pero también menciona algunos inconvenientes menores como la dificultad para adaptarlos"
es_0198555,3,4,5,"El usuario utiliza un lenguaje muy positivo, como'muy buenos' y'mejor que', lo que indica una alta satisfacción con el producto.","{""rating"": 5, ""reasoning"": ""El usuario utiliza un lenguaje muy positivo, como'muy buenos' y'mejor que', lo que indica una alta satisfacción con el producto.""}"
es_0647231,3,4,5,"El reseñador expresa satisfacción con el producto y menciona que a su hijo le gusta, lo que sugiere una experiencia positiva y una calificación alta.","{""rating"": 5, ""reasoning"": ""El reseñador expresa satisfacción con el producto y menciona que a su hijo le gusta, lo que sugiere una experiencia positiva y una calificación alta.""}"
es_0948396,0,0,1,"El cliente recibió un producto diferente al que pidió, de menor calidad y con retraso, lo que indica una mala experiencia y un servicio deficiente.","{""rating"": 1, ""reasoning"": ""El cliente recibió un producto diferente al que pidió, de menor calidad y con retraso, lo que indica una mala experiencia y un servicio deficiente.""}"
es_0870239,0,0,1,"La reseña es extremadamente negativa, mencionando varios problemas graves con el producto, como oxidación, deformación y mal funcionamiento, lo que indica una experiencia muy mala del cliente.","{""rating"": 1, ""reasoning"": ""La reseña es extremadamente negativa, mencionando varios problemas graves con el producto, como oxidación, deformación y mal funcionamiento, lo que indica una experiencia muy mala del cliente.""}"
es_0711529,1,1,2,,"{""rating"": 2, ""reasoning"": ""La reseña expresa insatisfacción con la durabilidad del producto, mencionando que dejan de funcionar después de 10 días, lo que sugiere una calificación baja, pero no la más baja, ya que el"
es_0497282,4,4,5,"El reseñante está satisfecho con el producto, menciona que hace lo que promete y que los materiales parecen de buena calidad, lo que sugiere una experiencia positiva y una calificación máxima.","{""rating"": 5, ""reasoning"": ""El reseñante está satisfecho con el producto, menciona que hace lo que promete y que los materiales parecen de buena calidad, lo que sugiere una experiencia positiva y una calificación máxima.""}"
es_0081093,0,1,2,,"{""rating"": 2, ""reasoning"": ""El cliente expresa insatisfacción con la durabilidad del producto, mencionando que falla después de solo 3 meses, lo que sugiere una calificación baja, pero aún así menciona que funciona bien mientras dura, lo"
es_0287390,1,0,1,"El cliente está insatisfecho porque no ha recibido el reembolso después de más de un mes y necesita contactar con el vendedor, lo que indica una mala experiencia con la compra.","{""rating"": 1, ""reasoning"": ""El cliente está insatisfecho porque no ha recibido el reembolso después de más de un mes y necesita contactar con el vendedor, lo que indica una mala experiencia con la compra.""}"
es_0725497,3,4,5,"La reseña menciona varias características positivas del producto, como la buena calidad de imagen, el funcionamiento perfecto con el nuevo firmware y el mando suave, sin mencionar ningún problema o defecto.","{""rating"": 5, ""reasoning"": ""La reseña menciona varias características positivas del producto, como la buena calidad de imagen, el funcionamiento perfecto con el nuevo firmware y el mando suave, sin mencionar ningún problema o defecto.""}"
es_0951996,4,4,5,,"{""rating"": 5, ""reasoning"": ""El cliente está satisfecho con el producto, menciona que suena estupendo, es fácil de conectar con el móvil y permite cambiar de canción o contestar llamadas desde el propio aparato, sin mencionar"
es_0270698,2,2,3,,"{""rating"": 3, ""reasoning"": ""El producto es descrito como bonito y funcional, pero la reseña menciona un error significativo en la descripción del tamaño, lo que genera una calificación intermedia debido a la insatisfacción parcial del cliente."""
es_0222107,1,0,1,"El cliente expresa claramente su insatisfacción con el producto, mencionando que no es lo que buscaba y que no le ha servido de nada, lo que indica una calificación de una estrella.","{""rating"": 1, ""reasoning"": ""El cliente expresa claramente su insatisfacción con el producto, mencionando que no es lo que buscaba y que no le ha servido de nada, lo que indica una calificación de una estrella.""}"
es_0822541,3,4,5,"La reseña utiliza la palabra 'PERFECTO' y menciona que ha cumplido todas las expectativas, lo que indica una experiencia extremadamente positiva.","{""rating"": 5, ""reasoning"": ""La reseña utiliza la palabra 'PERFECTO' y menciona que ha cumplido todas las expectativas, lo que indica una experiencia extremadamente positiva.""}"
es_0478191,3,4,5,"La reseña utiliza palabras como 'espectacular' para describir el diseño y la funcionalidad de la funda, lo que indica una opinión muy positiva del producto.","{""rating"": 5, ""reasoning"": ""La reseña utiliza palabras como 'espectacular' para describir el diseño y la funcionalidad de la funda, lo que indica una opinión muy positiva del producto.""}"
es_0606593,2,2,3,"La reseña califica el producto como 'Regular' y menciona un problema con el funcionamiento si se carga en exceso, pero también destaca la buena relación calidad/precio, lo que sugiere una calificación media.","{""rating"": 3, ""reasoning"": ""La reseña califica el producto como 'Regular' y menciona un problema con el funcionamiento si se carga en exceso, pero también destaca la buena relación calidad/precio, lo que sugiere una calificación media.""}"
es_0066619,0,0,1,"El comprador expresa decepción con la compra y menciona un problema específico con la batería, lo que sugiere una experiencia muy negativa.","{""rating"": 1, ""reasoning"": ""El comprador expresa decepción con la compra y menciona un problema específico con la batería, lo que sugiere una experiencia muy negativa.""}"
es_0742035,3,4,5,"El reseñador utiliza términos positivos como'muy ligero','resistente' y 'cumple con sus funciones', lo que indica una opinión muy favorable sobre el producto.","{""rating"": 5, ""reasoning"": ""El reseñador utiliza términos positivos como'muy ligero','resistente' y 'cumple con sus funciones', lo que indica una opinión muy favorable sobre el producto.""}"
es_0699887,2,1,2,"La reseña es breve y menciona que el producto se rompió después de solo algunas semanas, lo que indica una baja satisfacción con la calidad y durabilidad del producto.","{""rating"": 2, ""reasoning"": ""La reseña es breve y menciona que el producto se rompió después de solo algunas semanas, lo que indica una baja satisfacción con la calidad y durabilidad del producto.""}"
es_0591987,1,0,1,"La reseña es muy negativa, solo menciona un defecto importante (ruido) sin destacar ningún aspecto positivo.","{""rating"": 1, ""reasoning"": ""La reseña es muy negativa, solo menciona un defecto importante (ruido) sin destacar ningún aspecto positivo.""}"
es_0837799,1,1,2,"El comprador está insatisfecho porque el producto recibido no coincide con la descripción y la foto en Amazon, lo que indica una falta de calidad en el servicio y el producto.","{""rating"": 2, ""reasoning"": ""El comprador está insatisfecho porque el producto recibido no coincide con la descripción y la foto en Amazon, lo que indica una falta de calidad en el servicio y el producto.""}"
es_0224738,3,3,4,,"{""rating"": 4, ""reasoning"": ""El cliente está satisfecho con el producto en general, lo describe como'muy completo', pero tiene una pequeña queja sobre la diferencia entre la foto y el producto real, lo que sugiere una calificación alta pero no"
es_0893691,3,4,5,"El cliente expresa satisfacción con el producto, mencionando que cumplieron su finalidad perfectamente y que tiene una buena relación calidad-precio, lo que sugiere una experiencia muy positiva.","{""rating"": 5, ""reasoning"": ""El cliente expresa satisfacción con el producto, mencionando que cumplieron su finalidad perfectamente y que tiene una buena relación calidad-precio, lo que sugiere una experiencia muy positiva.""}"
es_0027301,1,0,1,"El producto no cumple su función y duró solo un día, lo que indica una experiencia muy mala del cliente.","{""rating"": 1, ""reasoning"": ""El producto no cumple su función y duró solo un día, lo que indica una experiencia muy mala del cliente.""}"
es_0662101,4,4,5,,"{""rating"": 5, ""reasoning"": ""La reseña utiliza palabras y frases muy positivas como 'Encantada', 'Piel auténtica', 'Muy bien acabado' y 'Envío rápido', lo que indica una experiencia muy satisfactoria con"
es_0554803,2,2,3,"La reseña menciona aspectos positivos como el diseño del bolso, pero también menciona desventajas como el tamaño pequeño y el precio elevado, lo que sugiere una calificación promedio.","{""rating"": 3, ""reasoning"": ""La reseña menciona aspectos positivos como el diseño del bolso, pero también menciona desventajas como el tamaño pequeño y el precio elevado, lo que sugiere una calificación promedio.""}"
es_0759129,4,4,5,"El lenguaje utilizado es muy positivo, con palabras como 'Geniales', lo que indica una gran satisfacción con el producto.","{""rating"": 5, ""reasoning"": ""El lenguaje utilizado es muy positivo, con palabras como 'Geniales', lo que indica una gran satisfacción con el producto.""}"
es_0834677,4,3,4,,"{""rating"": 4, ""reasoning"": ""La reseña es positiva ya que menciona que a los niños les encanta el producto, pero el comprador menciona un inconveniente con la cantidad de fichas incluidas, lo que evita que sea una cal"
es_0798390,1,0,1,"El cliente expresa decepción y menciona que el producto no estaba completo, lo que sugiere una mala experiencia y una baja calificación","{""rating"": 1, ""reasoning"": ""El cliente expresa decepción y menciona que el producto no estaba completo, lo que sugiere una mala experiencia y una baja calificación""}"
es_0057920,0,1,2,,"{""rating"": 2, ""reasoning"": ""La reseña menciona que el producto es mejorable y tiene un problema con la forma en que encajan las piezas, lo que sugiere una experiencia de usuario negativa, pero no extremadamente mala, lo que se"
es_0223361,4,4,5,"El cliente expresa satisfacción con la entrega rápida y el estado del producto, y menciona que no lo cambiaría por nada, lo que indica una experiencia muy positiva.","{""rating"": 5, ""reasoning"": ""El cliente expresa satisfacción con la entrega rápida y el estado del producto, y menciona que no lo cambiaría por nada, lo que indica una experiencia muy positiva.""}"
es_0948735,2,0,1,,"{""rating"": 1, ""reasoning"": ""La reseña utiliza un lenguaje muy negativo para describir el producto, calificándolo de'muy estándar' y expresando dudas sobre la resistencia y confiabilidad de los cinturones"
es_0455785,2,1,2,,"{""rating"": 2, ""reasoning"": ""La reseña menciona una discrepancia significativa entre el producto y la foto original, lo que indica insatisfacción, pero el tono es más neutral que negativo y el usuario sugiere una posible mejora, lo que sug"
es_0316236,4,4,5,"La reseña utiliza un lenguaje muy positivo, como 'preciosa', 'le encanta' y 'blanda y suave', lo que indica una gran satisfacción con el producto.","{""rating"": 5, ""reasoning"": ""La reseña utiliza un lenguaje muy positivo, como 'preciosa', 'le encanta' y 'blanda y suave', lo que indica una gran satisfacción con el producto.""}"
es_0010625,2,4,5,"El cliente está satisfecho con el producto, menciona que todo funciona perfectamente, llegó a tiempo y el material es resistente, lo que indica una experiencia muy positiva y por lo tanto una calificación máxima.","{""rating"": 5, ""reasoning"": ""El cliente está satisfecho con el producto, menciona que todo funciona perfectamente, llegó a tiempo y el material es resistente, lo que indica una experiencia muy positiva y por lo tanto una calificación máxima.""}"
es_0347841,1,1,2,,"{""rating"": 2, ""reasoning"": ""La reseña menciona un problema significativo con la descripción del producto y sus especificaciones técnicas, lo que impidió su uso adecuado, pero también menciona la entrega rápida, lo que sugiere que no"
es_0232089,0,0,1,"El comprador expresa insatisfacción porque el producto no llegó en el plazo estimado, lo que sugiere una mala experiencia con el servicio de entrega.","{""rating"": 1, ""reasoning"": ""El comprador expresa insatisfacción porque el producto no llegó en el plazo estimado, lo que sugiere una mala experiencia con el servicio de entrega.""}"
es_0914200,0,0,1,"La reseña es muy negativa, el usuario expresa insatisfacción con el producto y menciona que no funciona como se esperaba, lo que sugiere una calificación de 1 estrella.","{""rating"": 1, ""reasoning"": ""La reseña es muy negativa, el usuario expresa insatisfacción con el producto y menciona que no funciona como se esperaba, lo que sugiere una calificación de 1 estrella.""}"
es_0118403,3,4,5,"La reseña es breve pero positiva, menciona que el producto cumple con lo previsto y es recomendado, lo que sugiere una experiencia satisfactoria y una calificación alta.","{""rating"": 5, ""reasoning"": ""La reseña es breve pero positiva, menciona que el producto cumple con lo previsto y es recomendado, lo que sugiere una experiencia satisfactoria y una calificación alta.""}"
es_0565729,3,3,4,,"{""rating"": 4, ""reasoning"": ""La reseña es breve y positiva, indica que el producto cumple su función correctamente, lo que sugiere una experiencia satisfactoria, pero no utiliza superlativos ni expresa entusiasmo extremo, por lo que"
es_0983651,0,0,1,"El cliente expresa una gran insatisfacción con el producto, mencionando que no cumple con su propósito publicitado y que acumula polvo, lo que causa problemas al abrir y cerrar.","{""rating"": 1, ""reasoning"": ""El cliente expresa una gran insatisfacción con el producto, mencionando que no cumple con su propósito publicitado y que acumula polvo, lo que causa problemas al abrir y cerrar.""}"
es_0150689,0,0,1,"El cliente expresa insatisfacción con el producto debido a que tiene defectos (tara) y las tallas no corresponden, lo que indica una mala calidad o error en la fabricación o empaque.","{""rating"": 1, ""reasoning"": ""El cliente expresa insatisfacción con el producto debido a que tiene defectos (tara) y las tallas no corresponden, lo que indica una mala calidad o error en la fabricación o empaque.""}"
es_0809121,3,4,5,"La reseña utiliza palabras y frases muy positivas como 'Precioso producto' y 'Luz muy bonita', lo que indica una alta satisfacción con el producto.","{""rating"": 5, ""reasoning"": ""La reseña utiliza palabras y frases muy positivas como 'Precioso producto' y 'Luz muy bonita', lo que indica una alta satisfacción con el producto.""}"
es_0072738,3,2,3,"El producto es considerado 'bastante bueno', pero tiene un inconveniente significativo al momento de instalarlo, lo que reduce la satisfacción del cliente y justifica una calificación media.","{""rating"": 3, ""reasoning"": ""El producto es considerado 'bastante bueno', pero tiene un inconveniente significativo al momento de instalarlo, lo que reduce la satisfacción del cliente y justifica una calificación media.""}"
es_0638359,4,4,5,"El reseñador expresa satisfacción total con el producto, destacando su tamaño, funcionamiento y calidad, lo que sugiere una experiencia muy positiva y una calificación máxima.","{""rating"": 5, ""reasoning"": ""El reseñador expresa satisfacción total con el producto, destacando su tamaño, funcionamiento y calidad, lo que sugiere una experiencia muy positiva y una calificación máxima.""}"
es_0798114,3,3,4,,"{""rating"": 4, ""reasoning"": ""El reseñador menciona que el producto está muy bien, lo que indica una opinión generalmente positiva, pero también menciona una mejora posible en cuanto a resistencia, lo que evita una calificación perfecta."""
es_0840324,3,4,5,,"{""rating"": 5, ""reasoning"": ""El reseñante está satisfecho con el rendimiento del cargador, mencionando que carga bien y rápido, no hace ruido ni se calienta, y ofrece calidad adecuada al precio, lo que sugiere"
es_0945276,1,1,2,,"{""rating"": 2, ""reasoning"": ""El reseñador expresa insatisfacción con el precio del producto en relación con su calidad y características, utilizando términos como 'precio alto' y 'bastante normalito', lo que sugiere una calificación baja pero no"
es_0859398,2,3,4,"El comprador está contento con la pantalla, pero menciona un pequeño inconveniente con el tiempo de encendido, lo que sugiere una calificación positiva pero no perfecta.","{""rating"": 4, ""reasoning"": ""El comprador está contento con la pantalla, pero menciona un pequeño inconveniente con el tiempo de encendido, lo que sugiere una calificación positiva pero no perfecta.""}"
es_0884279,4,4,5,"La reseña es breve pero utiliza palabras positivas como 'preciosos' y'resistente' para describir el producto, lo que sugiere una opinión muy favorable.","{""rating"": 5, ""reasoning"": ""La reseña es breve pero utiliza palabras positivas como 'preciosos' y'resistente' para describir el producto, lo que sugiere una opinión muy favorable.""}"
es_0779182,3,4,5,"La reseña es breve y positiva, indica que el producto cumplió con las expectativas y que la hija del comprador está feliz, lo que sugiere una experiencia de compra satisfactoria.","{""rating"": 5, ""reasoning"": ""La reseña es breve y positiva, indica que el producto cumplió con las expectativas y que la hija del comprador está feliz, lo que sugiere una experiencia de compra satisfactoria.""}"
es_0482978,1,0,1,,"{""rating"": 1, ""reasoning"": ""La reseña es muy negativa, mencionando que el producto es demasiado pequeño para su propósito, no cumple con las expectativas del comprador y tiene un problema adicional con la adhesión en los mue"
es_0683472,2,0,1,"El comprador se sintió engañado por las fotos del producto y considera que el tamaño es muy pequeño, lo que sugiere una experiencia muy negativa","{""rating"": 1, ""reasoning"": ""El comprador se sintió engañado por las fotos del producto y considera que el tamaño es muy pequeño, lo que sugiere una experiencia muy negativa""}"
es_0700064,4,4,5,,"{""rating"": 5, ""reasoning"": ""El reseñante utiliza expresiones muy positivas como 'Muy buen producto' y 'Muy buena compra', y destaca varias características del producto que le gustan, como su ligereza, el manillar ajustable"
es_0069822,2,1,2,,"{""rating"": 2, ""reasoning"": ""La reseña expresa una opinión negativa sobre el producto, indicando que no cumple con las expectativas visuales generadas por la imagen, lo que sugiere una calificación baja, pero no la más baja, ya"
es_0461575,3,4,5,"El reseñador expresa satisfacción con el producto, menciona que cumplió a la perfección su función y lo recomienda para otros usos, lo que sugiere una experiencia muy positiva.","{""rating"": 5, ""reasoning"": ""El reseñador expresa satisfacción con el producto, menciona que cumplió a la perfección su función y lo recomienda para otros usos, lo que sugiere una experiencia muy positiva.""}"
es_0198569,3,3,4,"La reseña es positiva, describe el manga como 'genial' y 'engancha', pero resta una estrella debido a que el producto llegó dañado.","{""rating"": 4, ""reasoning"": ""La reseña es positiva, describe el manga como 'genial' y 'engancha', pero resta una estrella debido a que el producto llegó dañado.""}"
es_0849101,0,0,1,"El cliente expresa insatisfacción porque los guantes se rompieron en la primera vez que los usó, específicamente donde se encuentra el velcro, lo que indica una mala calidad o defecto del producto.","{""rating"": 1, ""reasoning"": ""El cliente expresa insatisfacción porque los guantes se rompieron en la primera vez que los usó, específicamente donde se encuentra el velcro, lo que indica una mala calidad o defecto del producto.""}"
es_0446487,3,3,4,"El cliente está satisfecho con el funcionamiento del producto, pero menciona que es caro para el tamaño del bote, lo que sugiere una calificación alta pero no perfecta.","{""rating"": 4, ""reasoning"": ""El cliente está satisfecho con el funcionamiento del producto, pero menciona que es caro para el tamaño del bote, lo que sugiere una calificación alta pero no perfecta.""}"
es_0054818,3,4,5,"El producto parece ser muy resistente y ha soportado un maltrato extremo durante el transporte, lo que sugiere una alta calidad y durabilidad, lo que justifica una calificación de 5 estrellas.","{""rating"": 5, ""reasoning"": ""El producto parece ser muy resistente y ha soportado un maltrato extremo durante el transporte, lo que sugiere una alta calidad y durabilidad, lo que justifica una calificación de 5 estrellas.""}"
es_0509335,2,2,3,,"{""rating"": 3, ""reasoning"": ""El comprador está satisfecho con la calidad y el diseño del disfraz, pero está decepcionado por la falta de un componente importante, el escudo, lo que reduce su satisfacción con el producto y lleva a"
es_0031538,3,4,5,"El cliente expresa satisfacción total con su compra, utilizando palabras como 'Genial' y confirmando que el producto llegó en 'perfecto estado', lo que sugiere una experiencia positiva y sin problemas.","{""rating"": 5, ""reasoning"": ""El cliente expresa satisfacción total con su compra, utilizando palabras como 'Genial' y confirmando que el producto llegó en 'perfecto estado', lo que sugiere una experiencia positiva y sin problemas.""}"
es_0428997,2,3,4,,"{""rating"": 4, ""reasoning"": ""La reseña utiliza palabras positivas como 'Chula' y 'Muy chula', lo que indica una opinión favorable, pero también menciona un aspecto negativo ('lo único de pega'), lo que sugiere que"
es_0018099,2,2,3,,"{""rating"": 3, ""reasoning"": ""El cliente describe el producto como'standard' y que se corresponde con lo esperado, lo que sugiere una experiencia neutral. Sin embargo, menciona que el envío tardó mucho en llegar, lo que es un punto negativo"
es_0170913,3,4,5,"La reseña es positiva, menciona que el tallaje es correcto, que la prenda es cómoda y que queda bien con faldas, sin mencionar ningún defecto o problema.","{""rating"": 5, ""reasoning"": ""La reseña es positiva, menciona que el tallaje es correcto, que la prenda es cómoda y que queda bien con faldas, sin mencionar ningún defecto o problema.""}"
es_0430845,2,2,3,"La reseña indica que el producto es correcto y tiene buena calidad, pero presenta un defecto específico con el botón de foto y el agujero para las fotos, lo que sugiere una calificación intermedia.","{""rating"": 3, ""reasoning"": ""La reseña indica que el producto es correcto y tiene buena calidad, pero presenta un defecto específico con el botón de foto y el agujero para las fotos, lo que sugiere una calificación intermedia.""}"
es_0278200,3,4,5,"El comprador expresa satisfacción con el producto, menciona que cumple con su propósito y ha realizado una compra repetida, lo que indica una alta calificación.","{""rating"": 5, ""reasoning"": ""El comprador expresa satisfacción con el producto, menciona que cumple con su propósito y ha realizado una compra repetida, lo que indica una alta calificación.""}"
es_0500517,0,1,2,"El reseñador expresa insatisfacción con la funcionalidad del producto en PS4, específicamente la falta de control de volumen del chat, pero reconoce que los cascos están bien hechos.","{""rating"": 2, ""reasoning"": ""El reseñador expresa insatisfacción con la funcionalidad del producto en PS4, específicamente la falta de control de volumen del chat, pero reconoce que los cascos están bien hechos.""}"
es_0844985,3,4,5,,"{""rating"": 5, ""reasoning"": ""El reseñante utiliza palabras como'muy util', 'practico' y 'facil de transportar', lo que indica una gran satisfacción con el producto, y no menciona ninguna desventaja o crítica."""
es_0570357,0,0,1,,"{""rating"": 1, ""reasoning"": ""La reseña utiliza palabras como 'triste', 'decadente' y 'amarga' para describir la historia, lo que sugiere una fuerte insatisfacción y descontento con el contenido, lo que se al"
es_0484324,4,4,5,"El reseñador expresa una gran satisfacción con el producto, destacando su practicidad y eficiencia, y lo considera mejor que una alternativa tradicional, lo que sugiere una calificación máxima.","{""rating"": 5, ""reasoning"": ""El reseñador expresa una gran satisfacción con el producto, destacando su practicidad y eficiencia, y lo considera mejor que una alternativa tradicional, lo que sugiere una calificación máxima.""}"
es_0291902,3,4,5,"La reseña es breve y positiva, destacando la comodidad y el valor por el precio, lo que sugiere una experiencia muy satisfactoria.","{""rating"": 5, ""reasoning"": ""La reseña es breve y positiva, destacando la comodidad y el valor por el precio, lo que sugiere una experiencia muy satisfactoria.""}"
es_0476270,2,4,5,"La reseña utiliza palabras positivas como 'perfecto' y expresa satisfacción con el producto, lo que sugiere una calificación máxima.","{""rating"": 5, ""reasoning"": ""La reseña utiliza palabras positivas como 'perfecto' y expresa satisfacción con el producto, lo que sugiere una calificación máxima.""}"
es_0521292,4,4,5,,"{""rating"": 5, ""reasoning"": ""La reseña utiliza un lenguaje muy positivo, como 'Un tacto increible', 'Encantada', 'un blanco inmaculado' y compara las sabanas con las de los mejores hoteles, lo"
es_0737144,4,4,5,"La reseña expresa una opinión positiva sobre el autor, lo que sugiere que el comprador tiene expectativas altas y probablemente le gustará el libro, aunque no lo haya leído aún.","{""rating"": 5, ""reasoning"": ""La reseña expresa una opinión positiva sobre el autor, lo que sugiere que el comprador tiene expectativas altas y probablemente le gustará el libro, aunque no lo haya leído aún.""}"
es_0796335,3,2,3,"La reseña indica que el producto cumple con lo estipulado, pero no es ideal para un uso diario y cómodo, lo que sugiere una calificación promedio.","{""rating"": 3, ""reasoning"": ""La reseña indica que el producto cumple con lo estipulado, pero no es ideal para un uso diario y cómodo, lo que sugiere una calificación promedio.""}"
es_0925394,4,4,5,"La reseña es muy positiva, destacando la comodidad, practicidad, fuerza de adhesión y resistencia del producto, sin mencionar ninguna desventaja o crítica.","{""rating"": 5, ""reasoning"": ""La reseña es muy positiva, destacando la comodidad, practicidad, fuerza de adhesión y resistencia del producto, sin mencionar ninguna desventaja o crítica.""}"
es_0550226,4,3,4,"La reseña es generalmente positiva, menciona la comodidad del producto y aunque menciona un aspecto neutral sobre la necesidad de práctica, no expresa ninguna queja o insatisfacción significativa.","{""rating"": 4, ""reasoning"": ""La reseña es generalmente positiva, menciona la comodidad del producto y aunque menciona un aspecto neutral sobre la necesidad de práctica, no expresa ninguna queja o insatisfacción significativa.""}"
es_0946142,3,3,4,,"{""rating"": 4, ""reasoning"": ""La reseña es positiva, menciona que los accesorios cumplen con su función y que el paquete es completo, pero el comprador considera que es demasiado grande para sus necesidades, lo que sugiere una"
es_0321514,4,4,5,"La reseña utiliza palabras positivas como 'buena calidad', 'encaja muy bien', 'diseño es bonito' y'material de calidad', lo que indica una opinión muy favorable del producto.","{""rating"": 5, ""reasoning"": ""La reseña utiliza palabras positivas como 'buena calidad', 'encaja muy bien', 'diseño es bonito' y'material de calidad', lo que indica una opinión muy favorable del producto.""}"
es_0016441,1,0,1,"La reseña es muy negativa y el comprador expresa insatisfacción con el producto, indicando que no se ajusta a la descripción o la imagen proporcionada.","{""rating"": 1, ""reasoning"": ""La reseña es muy negativa y el comprador expresa insatisfacción con el producto, indicando que no se ajusta a la descripción o la imagen proporcionada.""}"
es_0530078,3,4,5,"El comentario es muy positivo, menciona la buena calidad del producto, su precio y la comodidad del material, lo que sugiere una experiencia de compra muy satisfactoria.","{""rating"": 5, ""reasoning"": ""El comentario es muy positivo, menciona la buena calidad del producto, su precio y la comodidad del material, lo que sugiere una experiencia de compra muy satisfactoria.""}"
es_0557598,1,0,1,"El producto no funciona correctamente con iPhone, lo que indica una mala compatibilidad y una experiencia deficiente para el usuario.","{""rating"": 1, ""reasoning"": ""El producto no funciona correctamente con iPhone, lo que indica una mala compatibilidad y una experiencia deficiente para el usuario.""}"
es_0518437,2,1,2,"La reseña expresa decepción y menciona una característica negativa del producto, pero también reconoce que no se puede pedir mucho por su precio, lo que sugiere una calificación baja pero no la mínima.","{""rating"": 2, ""reasoning"": ""La reseña expresa decepción y menciona una característica negativa del producto, pero también reconoce que no se puede pedir mucho por su precio, lo que sugiere una calificación baja pero no la mínima.""}"
es_0602792,1,3,4,,"{""rating"": 4, ""reasoning"": ""La reseña menciona un problema con la calidad del acabado del libro, pero destaca que el contenido es genial y que a su hijo le encanta, lo que sugiere una experiencia generalmente positiva a pesar del"
es_0517538,0,0,1,,"{""rating"": 1, ""reasoning"": ""El reseñador expresa una fuerte insatisfacción con el producto, mencionando varios defectos de diseño y calidad, como el mal ajuste al perímetro del teléfono, la debilidad del protector y la acum"
es_0960703,2,0,1,"El reseñante expresa decepción y descontento con el producto, mencionando que no cumple con su propósito y causa más problemas de los que resuelve.","{""rating"": 1, ""reasoning"": ""El reseñante expresa decepción y descontento con el producto, mencionando que no cumple con su propósito y causa más problemas de los que resuelve.""}"
es_0971868,3,3,4,,"{""rating"": 4, ""reasoning"": ""El cliente está satisfecho con el diseño del grifo y lo considera elegante y asequible, pero le resta una estrella porque le falta una función que esperaba, lo que sugiere una calificación de 4"
es_0340869,1,2,3,,"{""rating"": 3, ""reasoning"": ""La reseña menciona que la Biblia infantil tiene dibujos bonitos, pero critica la falta de pasajes importantes como los Magos de Oriente y la última cena, lo que sugiere una valoración media."""
es_0031330,4,4,5,"El comentario es muy positivo, destacando la potencia de secado y las diferentes opciones de temperatura, sin mencionar ninguna desventaja o crítica.","{""rating"": 5, ""reasoning"": ""El comentario es muy positivo, destacando la potencia de secado y las diferentes opciones de temperatura, sin mencionar ninguna desventaja o crítica.""}"
es_0120827,0,0,1,,"{""rating"": 1, ""reasoning"": ""El reseñador utiliza un lenguaje muy negativo, como 'timo', y menciona problemas significativos con la configuración del producto y la falta de respuesta de los creadores, lo que indica una experiencia extremadamente ins"
es_0296849,2,2,3,,"{""rating"": 3, ""reasoning"": ""La reseña indica que algunos productos están bien, como los vestidos y los zapatos, pero también menciona defectos y aspectos negativos, como el agujero de la cabeza pequeño y los bolsos de baja calidad"
es_0802923,3,2,3,"La reseña menciona que el producto es correcto, pero tiene algunos problemas con la instalación y la conexión a Wi-Fi, lo que sugiere una experiencia neutral y no del todo satisfactoria.","{""rating"": 3, ""reasoning"": ""La reseña menciona que el producto es correcto, pero tiene algunos problemas con la instalación y la conexión a Wi-Fi, lo que sugiere una experiencia neutral y no del todo satisfactoria.""}"
es_0003115,2,1,2,,"{""rating"": 2, ""reasoning"": ""La reseña menciona varios problemas con el producto, como su debilidad y falta de estabilidad, lo que indica una baja satisfacción del cliente. Sin embargo, también menciona aspectos positivos como el precio económico y"
es_0559471,3,4,5,"El comprador expresa satisfacción con el producto, mencionando que tiene potencia, buen acabado y un precio atractivo, lo que sugiere una experiencia muy positiva.","{""rating"": 5, ""reasoning"": ""El comprador expresa satisfacción con el producto, mencionando que tiene potencia, buen acabado y un precio atractivo, lo que sugiere una experiencia muy positiva.""}"
es_0223794,4,4,5,"El reseñador expresa sorpresa y satisfacción porque el producto resultó ser compatible con su impresora antigua y además muestra los niveles de tinta, lo que indica una experiencia muy positiva.","{""rating"": 5, ""reasoning"": ""El reseñador expresa sorpresa y satisfacción porque el producto resultó ser compatible con su impresora antigua y además muestra los niveles de tinta, lo que indica una experiencia muy positiva.""}"
es_0520104,4,4,5,,"{""rating"": 5, ""reasoning"": ""La reseña utiliza un lenguaje muy positivo, como 'Muy útil' y 'Muy recomendable', y destaca la experiencia personal del autor y la utilidad de los consejos y técnicas ofrecidos,"
es_0408964,3,3,4,,"{""rating"": 4, ""reasoning"": ""El reseñador está muy satisfecho con el drone, destacando su facilidad de manejo y vuelo, pero menciona un problema con la duración de la batería, lo que reduce ligeramente su"
es_0968612,2,1,2,"El reseñador expresa una advertencia sobre la diferencia en el producto y su olor, lo que indica insatisfacción, pero no es una crítica completamente negativa.","{""rating"": 2, ""reasoning"": ""El reseñador expresa una advertencia sobre la diferencia en el producto y su olor, lo que indica insatisfacción, pero no es una crítica completamente negativa.""}"
es_0012628,4,4,5,"La reseña es breve pero muy positiva, destacando la potencia y calidad del producto, así como la facilidad de instalación, lo que sugiere una experiencia extremadamente satisfactoria.","{""rating"": 5, ""reasoning"": ""La reseña es breve pero muy positiva, destacando la potencia y calidad del producto, así como la facilidad de instalación, lo que sugiere una experiencia extremadamente satisfactoria.""}"
es_0912641,3,4,5,,"{""rating"": 5, ""reasoning"": ""El comprador expresa satisfacción con el producto, mencionando que cumple con su propósito de medir los grados de la gola de sierra circular, lo que sugiere una experiencia positiva y una calificación má"
es_0129528,0,0,1,,"{""rating"": 1, ""reasoning"": ""El reseñante expresa insatisfacción con el producto debido a que se calienta mucho y no ha durado más de dos años, además de considerarlo demasiado caro para el resultado obtenido, lo que sugiere"
es_0684989,3,2,3,"La reseña indica que el producto cumple su función principal, pero tiene un problema con la adherencia al suelo, lo que sugiere una calificación promedio.","{""rating"": 3, ""reasoning"": ""La reseña indica que el producto cumple su función principal, pero tiene un problema con la adherencia al suelo, lo que sugiere una calificación promedio.""}"
es_0653197,1,0,1,"La reseña menciona problemas significativos con la conexión Wi-Fi, la durabilidad del producto y la calidad en general, lo que indica una experiencia extremadamente negativa del cliente.","{""rating"": 1, ""reasoning"": ""La reseña menciona problemas significativos con la conexión Wi-Fi, la durabilidad del producto y la calidad en general, lo que indica una experiencia extremadamente negativa del cliente.""}"
es_0353968,2,0,1,,"{""rating"": 1, ""reasoning"": ""La reseña expresa insatisfacción con el producto debido a los pliegues marcados y las marcas que quedan al intentar usarlo, lo que sugiere una mala experiencia del cliente y una calificación baja."""
es_0954358,2,0,1,"El producto no cumple con las expectativas del comprador, específicamente no se adapta a la batería de su moto Honda 600, lo que indica una mala experiencia y una calificación baja.","{""rating"": 1, ""reasoning"": ""El producto no cumple con las expectativas del comprador, específicamente no se adapta a la batería de su moto Honda 600, lo que indica una mala experiencia y una calificación baja.""}"
es_0352074,3,4,5,,"{""rating"": 5, ""reasoning"": ""La reseña es muy positiva, destacando la funcionalidad, comodidad y valor por dinero del producto, además de mencionar que cumple su función perfectamente y que el pack es suficiente para toda la familia"
es_0187541,3,3,4,,"{""rating"": 4, ""reasoning"": ""La reseña es generalmente positiva, destacando que el producto queda muy bien y encaja todo, pero menciona un inconveniente con la falta de instrucciones de montaje, lo que sugiere una calificación"
es_0575084,0,0,1,"El lenguaje utilizado es negativo, calificando el producto como un 'timo' y expresando claramente que no lo recomienda.","{""rating"": 1, ""reasoning"": ""El lenguaje utilizado es negativo, calificando el producto como un 'timo' y expresando claramente que no lo recomienda.""}"
es_0047716,0,0,1,,"{""rating"": 1, ""reasoning"": ""El cliente expresa insatisfacción con la calidad de la imagen del producto, mencionando que no se ajusta a la descripción y que tuvo que devolverlo, lo que indica una mala experiencia y una calificación baja"
es_0641734,3,4,5,"El comprador está satisfecho con el producto, menciona que combina perfectamente con la decoración y que ha quedado genial, lo que sugiere una opinión muy positiva.","{""rating"": 5, ""reasoning"": ""El comprador está satisfecho con el producto, menciona que combina perfectamente con la decoración y que ha quedado genial, lo que sugiere una opinión muy positiva.""}"
es_0365626,0,2,3,,"{""rating"": 3, ""reasoning"": ""El cliente recibió un producto dañado, pero Amazon respondió bien a la situación ofreciendo un reemplazo o descuento, lo que muestra una buena atención al cliente, aunque el producto en sí mismo fue defectuoso y el"
es_0020189,3,4,5,"La reseña es breve pero indica que el producto hace perfectamente su función, lo que sugiere una experiencia positiva y una alta calificación.","{""rating"": 5, ""reasoning"": ""La reseña es breve pero indica que el producto hace perfectamente su función, lo que sugiere una experiencia positiva y una alta calificación.""}"
es_0204554,2,0,1,,"{""rating"": 1, ""reasoning"": ""El reseñante menciona un problema significativo con la conexión del alimentador eléctrico y la cazuela, lo que lleva a que la comida se estropee, lo que indica una mala experiencia y una baja cal"
es_0360334,3,1,2,"El producto no cumplió con el propósito principal del comprador, pero sí funcionó correctamente en otro uso, lo que indica una experiencia mixta y una calificación intermedia.","{""rating"": 2, ""reasoning"": ""El producto no cumplió con el propósito principal del comprador, pero sí funcionó correctamente en otro uso, lo que indica una experiencia mixta y una calificación intermedia.""}"
es_0745524,4,4,5,"La reseña utiliza un lenguaje muy positivo, destacando la buena calidad y el precio razonable del producto, lo que sugiere una alta satisfacción del cliente.","{""rating"": 5, ""reasoning"": ""La reseña utiliza un lenguaje muy positivo, destacando la buena calidad y el precio razonable del producto, lo que sugiere una alta satisfacción del cliente.""}"
es_0446408,1,2,3,"La reseña menciona problemas con 2 de las 4 tarjetas compradas, pero también indica que 2 de ellas funcionaron sin problemas, lo que sugiere una experiencia mixta y una calificación promedio.","{""rating"": 3, ""reasoning"": ""La reseña menciona problemas con 2 de las 4 tarjetas compradas, pero también indica que 2 de ellas funcionaron sin problemas, lo que sugiere una experiencia mixta y una calificación promedio.""}"
es_0481551,2,0,1,"El reseñante menciona que el producto se bloquea con frecuencia y lo califica como no recomendable, lo que indica una experiencia muy negativa.","{""rating"": 1, ""reasoning"": ""El reseñante menciona que el producto se bloquea con frecuencia y lo califica como no recomendable, lo que indica una experiencia muy negativa.""}"
es_0822235,3,0,1,"La reseña expresa una experiencia extremadamente negativa, mencionando que el producto llegó roto y no es útil, lo que indica una calificación de 1 estrella.","{""rating"": 1, ""reasoning"": ""La reseña expresa una experiencia extremadamente negativa, mencionando que el producto llegó roto y no es útil, lo que indica una calificación de 1 estrella.""}"
es_0019360,2,3,4,,"{""rating"": 4, ""reasoning"": ""El usuario está satisfecho con el producto en general, menciona que quedan genial, pero tiene una pequeña queja sobre la dificultad para ponerlos, lo que sugiere una calificación alta pero no perfecta"
es_0826530,2,2,3,"El reseñador menciona que el producto cumple su función, pero tiene dudas sobre la calidad y el precio, lo que sugiere una calificación neutral o promedio.","{""rating"": 3, ""reasoning"": ""El reseñador menciona que el producto cumple su función, pero tiene dudas sobre la calidad y el precio, lo que sugiere una calificación neutral o promedio.""}"
es_0784840,0,0,1,,"{""rating"": 1, ""reasoning"": ""La reseña es muy negativa, mencionando que el producto es de mala calidad, dura poco y suda debido a que es de plástico, lo que indica una experiencia muy insatisfactoria para el cliente"
es_0428510,4,4,5,,"{""rating"": 5, ""reasoning"": ""La reseña utiliza un lenguaje muy positivo, destacando la elegancia, resistencia y precisión de la funda, y califica la compra como 'buena', lo que sugiere una experiencia muy satisfactoria"
es_0834297,3,4,5,"La reseña utiliza palabras y emojis muy positivos como 'Perfecta', 'Muy buena', '👍' y '👏', lo que indica una opinión extremadamente favorable del producto.","{""rating"": 5, ""reasoning"": ""La reseña utiliza palabras y emojis muy positivos como 'Perfecta', 'Muy buena', '👍' y '👏', lo que indica una opinión extremadamente favorable del producto.""}"
es_0377105,4,0,1,,"{""rating"": 1, ""reasoning"": ""La reseña indica que el comprador tiene dudas sobre cómo usar el producto, lo que sugiere que el producto no es fácil de usar o que las instrucciones no son claras, lo que lleva a una calificación"
es_0173632,0,0,1,"El reseñador utiliza palabras muy negativas como 'penoso' y menciona que 'no ha funcionado ninguno', lo que indica una experiencia extremadamente insatisfactoria con el producto.","{""rating"": 1, ""reasoning"": ""El reseñador utiliza palabras muy negativas como 'penoso' y menciona que 'no ha funcionado ninguno', lo que indica una experiencia extremadamente insatisfactoria con el producto.""}"
es_0791090,2,1,2,,"{""rating"": 2, ""reasoning"": ""El cliente se muestra satisfecho con el producto, describiéndolo como'muy bonito', pero tiene una experiencia negativa con el servicio de entrega y la devolución del dinero, lo que reduce su calificación general"
es_0361345,0,0,1,,"{""rating"": 1, ""reasoning"": ""El producto ha dejado de funcionar después de solo 10 usos, lo que indica una baja calidad y durabilidad, y el comprador lo considera la peor compra que ha hecho nunca, lo que sugiere una experiencia extrem"
es_0548191,1,1,2,,"{""rating"": 2, ""reasoning"": ""La reseña expresa insatisfacción con el producto, mencionando que no cubre toda la pantalla y deja espacios, lo que indica una mala calidad o diseño del protector, pero no es completamente negativa al llamar"
es_0911231,0,0,1,"El cliente está insatisfecho porque no ha recibido el producto y está reclamando, lo que indica una mala experiencia con la compra","{""rating"": 1, ""reasoning"": ""El cliente está insatisfecho porque no ha recibido el producto y está reclamando, lo que indica una mala experiencia con la compra""}"
es_0797692,1,0,1,,"{""rating"": 1, ""reasoning"": ""La reseña expresa insatisfacción con la calidad del producto, mencionando que las piezas que unen la pulsera no son de oro como se esperaba, sino negras, lo que hace que se vea"
es_0695942,4,4,5,"La reseña utiliza palabras como 'Ideal' y 'Perfecto', lo que indica una alta satisfacción con el producto y la entrega, lo que sugiere una calificación de 5 estrellas.","{""rating"": 5, ""reasoning"": ""La reseña utiliza palabras como 'Ideal' y 'Perfecto', lo que indica una alta satisfacción con el producto y la entrega, lo que sugiere una calificación de 5 estrellas.""}"
es_0278533,0,0,1,,"{""rating"": 1, ""reasoning"": ""La reseña utiliza un lenguaje muy negativo, como 'Muy malo', 'Un desastre de teléfono' y 'No lo recomiendo', lo que indica una experiencia extremadamente insatisfactoria con el"
es_0192382,3,3,4,,"{""rating"": 4, ""reasoning"": ""La reseña menciona que el producto está bien, pero tiene un pequeño defecto, lo que sugiere una calificación positiva pero no perfecta, por lo que se ajusta a una calificación de 4 estrellas"
es_0704584,2,2,3,"La reseña tiene opiniones mixtas, menciona que la bolsa no le gustó, pero que las arras son bonitas y la presentación es encantadora, lo que sugiere una calificación promedio.","{""rating"": 3, ""reasoning"": ""La reseña tiene opiniones mixtas, menciona que la bolsa no le gustó, pero que las arras son bonitas y la presentación es encantadora, lo que sugiere una calificación promedio.""}"
es_0001155,4,4,5,"La reseña utiliza palabras positivas como 'Estupendo' y no menciona ninguna crítica o aspecto negativo, lo que sugiere una opinión muy favorable del producto.","{""rating"": 5, ""reasoning"": ""La reseña utiliza palabras positivas como 'Estupendo' y no menciona ninguna crítica o aspecto negativo, lo que sugiere una opinión muy favorable del producto.""}"
es_0149069,1,0,1,"El reseñante expresa insatisfacción con el producto, mencionando que no cumple con su función principal de sujetar un teléfono S9, lo que sugiere una mala calidad o diseño del producto.","{""rating"": 1, ""reasoning"": ""El reseñante expresa insatisfacción con el producto, mencionando que no cumple con su función principal de sujetar un teléfono S9, lo que sugiere una mala calidad o diseño del producto.""}"
es_0760205,4,4,5,,"{""rating"": 5, ""reasoning"": ""El reseñador utiliza un lenguaje muy positivo, como 'Buenísimo artículo', 'Las costuras son muy fuertes' y 'Sin duda lo recomiendo', lo que indica una alta satisfacción con"
es_0670902,0,0,1,"El comprador expresa insatisfacción con el vendedor debido a la falta de respuesta a su correo electrónico sobre un problema con el producto, lo que indica una mala experiencia con el servicio al cliente.","{""rating"": 1, ""reasoning"": ""El comprador expresa insatisfacción con el vendedor debido a la falta de respuesta a su correo electrónico sobre un problema con el producto, lo que indica una mala experiencia con el servicio al cliente.""}"
es_0117773,3,4,5,"El reseñador menciona que el producto tiene buena calidad y precio, y que lo recomienda, lo que indica una experiencia muy positiva.","{""rating"": 5, ""reasoning"": ""El reseñador menciona que el producto tiene buena calidad y precio, y que lo recomienda, lo que indica una experiencia muy positiva.""}"
es_0967550,0,1,2,,"{""rating"": 2, ""reasoning"": ""El comprador menciona un problema específico con el producto, las cremalleras, pero también comenta que el tamaño es adecuado, lo que sugiere que el producto tiene algunos aspectos positivos, pero el problema con las"
es_0660025,3,3,4,,"{""rating"": 4, ""reasoning"": ""La reseña es generalmente positiva, utilizando palabras como 'Ideal' y 'Recomendable sin dudarlo', pero menciona algunas limitaciones como la falta de rotuladores de más colores y la ausencia de"
es_0420798,1,0,1,"El cliente expresa insatisfacción con el producto, mencionando que no ha notado mejorías y no ha logrado bajar de peso, lo que sugiere una experiencia negativa.","{""rating"": 1, ""reasoning"": ""El cliente expresa insatisfacción con el producto, mencionando que no ha notado mejorías y no ha logrado bajar de peso, lo que sugiere una experiencia negativa.""}"
es_0524659,0,2,3,"El producto falló, pero la respuesta de Amazon fue satisfactoria, lo que sugiere una experiencia neutral.","{""rating"": 3, ""reasoning"": ""El producto falló, pero la respuesta de Amazon fue satisfactoria, lo que sugiere una experiencia neutral.""}"
es_0392950,1,1,2,,"{""rating"": 2, ""reasoning"": ""El producto funcionó inicialmente, pero falló después de solo dos meses en dos ocasiones separadas, lo que indica una falta de calidad y durabilidad. El vendedor no fue accesible para resolver el problema, lo que también afect"
es_0022294,4,4,5,,"{""rating"": 5, ""reasoning"": ""La reseña utiliza palabras como 'Genial' y 'TOP', lo que indica una gran satisfacción con el producto, y destaca su potencia y variedad de complementos, lo que sugiere que el producto ha superado"
es_0266130,1,1,2,,"{""rating"": 2, ""reasoning"": ""El reseñador expresa insatisfacción con el producto, mencionando que la hoja es demasiado pequeña para sus necesidades, lo que sugiere una calificación baja, pero no la más baja, ya que no"
es_0218861,1,0,1,,"{""rating"": 1, ""reasoning"": ""El reseñador utiliza un lenguaje muy negativo, como 'Bastante malo' y menciona varios problemas con el producto, como que salpica mucho y requiere muchas pasadas para limpiar medianamente la"
es_0767811,3,4,5,"El reseñador utiliza palabras positivas como 'fácil', 'funcional' y 'económico' para describir el producto, lo que sugiere una experiencia muy satisfactoria.","{""rating"": 5, ""reasoning"": ""El reseñador utiliza palabras positivas como 'fácil', 'funcional' y 'económico' para describir el producto, lo que sugiere una experiencia muy satisfactoria.""}"
es_0329071,4,4,5,"El comprador utiliza palabras como 'perfecto' y menciona que el producto se ve'resistente y de buen material', lo que indica una gran satisfacción con la compra.","{""rating"": 5, ""reasoning"": ""El comprador utiliza palabras como 'perfecto' y menciona que el producto se ve'resistente y de buen material', lo que indica una gran satisfacción con la compra.""}"
es_0660371,3,4,5,,"{""rating"": 5, ""reasoning"": ""El reseñador utiliza un lenguaje muy positivo, como 'Buen producto','se acerca mucho a las expectativas', 'La recomiendo' y 'el precio está muy bien', lo que indica una alta satisf"
es_0059420,1,1,2,"La reseña expresa una opinión mixta, donde el producto es descrito como 'bonito' pero con defectos significativos en la calidad del corte, lo que sugiere una calificación media-baja.","{""rating"": 2, ""reasoning"": ""La reseña expresa una opinión mixta, donde el producto es descrito como 'bonito' pero con defectos significativos en la calidad del corte, lo que sugiere una calificación media-baja.""}"
es_0057233,3,2,3,"La reseña indica que el producto es práctico y cumple con su función, pero menciona un problema significativo con la limpieza, lo que sugiere una calificación promedio.","{""rating"": 3, ""reasoning"": ""La reseña indica que el producto es práctico y cumple con su función, pero menciona un problema significativo con la limpieza, lo que sugiere una calificación promedio.""}"
es_0880674,2,0,1,"El cliente se queja de que el producto es caro en relación con su tamaño y no es suficiente para ocho personas, incluso siendo solo tres se les quedó pequeño.","{""rating"": 1, ""reasoning"": ""El cliente se queja de que el producto es caro en relación con su tamaño y no es suficiente para ocho personas, incluso siendo solo tres se les quedó pequeño.""}"
es_0688689,2,3,4,,"{""rating"": 4, ""reasoning"": ""La reseña es breve y simplemente afirma que el producto tiene una buena relación calidad-precio, lo que sugiere una opinión positiva sin mencionar aspectos negativos, lo que se alinea con una calificación"
es_0991175,0,0,1,"La reseña menciona problemas de devolución y abono, el producto no cumple con las expectativas y el precio es muy elevado para la calidad, lo que indica una experiencia muy negativa.","{""rating"": 1, ""reasoning"": ""La reseña menciona problemas de devolución y abono, el producto no cumple con las expectativas y el precio es muy elevado para la calidad, lo que indica una experiencia muy negativa.""}"
es_0409134,1,0,1,"El reseñador expresa insatisfacción con el tiempo de entrega del producto, lo que sugiere una mala experiencia y, por lo tanto, una calificación baja.","{""rating"": 1, ""reasoning"": ""El reseñador expresa insatisfacción con el tiempo de entrega del producto, lo que sugiere una mala experiencia y, por lo tanto, una calificación baja.""}"
es_0470201,2,2,3,"El usuario menciona que el producto tiene calidad, pero tiene una queja menor sobre el tamaño, lo que sugiere una calificación promedio.","{""rating"": 3, ""reasoning"": ""El usuario menciona que el producto tiene calidad, pero tiene una queja menor sobre el tamaño, lo que sugiere una calificación promedio.""}"
es_0346500,1,3,4,"El producto cumple con las expectativas, pero la demora en la entrega es un punto negativo que evita una calificación perfecta.","{""rating"": 4, ""reasoning"": ""El producto cumple con las expectativas, pero la demora en la entrega es un punto negativo que evita una calificación perfecta.""}"
es_0170873,1,2,3,"El comprador está satisfecho con el producto en sí, pero muy decepcionado con el empaquetado y el estado en que llegó, lo que reduce su calificación a 3 estrellas.","{""rating"": 3, ""reasoning"": ""El comprador está satisfecho con el producto en sí, pero muy decepcionado con el empaquetado y el estado en que llegó, lo que reduce su calificación a 3 estrellas.""}"
es_0898959,1,1,2,,"{""rating"": 2, ""reasoning"": ""La reseña expresa decepción y describe el producto como'muy básico', lo que sugiere insatisfacción, pero también menciona que el precio es razonable, lo que evita una calificación más baja."""
es_0095772,1,1,2,,"{""rating"": 2, ""reasoning"": ""La reseña menciona algunos aspectos positivos, como la variación de iluminación, pero los aspectos negativos, como la poca duración del agua y la falta de eficiencia, parecen tener más peso"
es_0238822,3,3,4,,"{""rating"": 4, ""reasoning"": ""La reseña destaca varios aspectos positivos del producto, como su potencia, ligereza, diseño ergonómico y eficacia en quitar durezas y suavizar la piel. Sin embargo, menc"
es_0144279,2,2,3,"El producto tiene un aspecto agradable, pero la dificultad para colocarlo y la necesidad de calor para evitar deformaciones son puntos negativos que reducen la calificación, aunque no la hacen completamente negativa.","{""rating"": 3, ""reasoning"": ""El producto tiene un aspecto agradable, pero la dificultad para colocarlo y la necesidad de calor para evitar deformaciones son puntos negativos que reducen la calificación, aunque no la hacen completamente negativa.""}"
es_0686452,3,4,5,,"{""rating"": 5, ""reasoning"": ""El cliente se muestra muy satisfecho con el producto, destacando su facilidad de manejo y la calidad del resultado, además de no haber experimentado irritación en la piel, lo que sugiere una experiencia muy positiva."""
es_0029795,0,0,1,"La reseñadora expresa decepción y menciona que el producto no cumple con las expectativas de su hijo, lo que sugiere una mala experiencia y una calificación baja.","{""rating"": 1, ""reasoning"": ""La reseñadora expresa decepción y menciona que el producto no cumple con las expectativas de su hijo, lo que sugiere una mala experiencia y una calificación baja.""}"
es_0285498,4,4,5,"La reseña es muy breve pero utiliza la palabra 'ideales', lo que indica una gran satisfacción con el producto, sugiriendo una calificación máxima.","{""rating"": 5, ""reasoning"": ""La reseña es muy breve pero utiliza la palabra 'ideales', lo que indica una gran satisfacción con el producto, sugiriendo una calificación máxima.""}"
es_0191337,0,0,1,"El comprador expresa insatisfacción con el estado del producto al recibirlo, lo que indica una mala experiencia y justifica la calificación más baja.","{""rating"": 1, ""reasoning"": ""El comprador expresa insatisfacción con el estado del producto al recibirlo, lo que indica una mala experiencia y justifica la calificación más baja.""}"
es_0286494,2,0,1,"El producto es defectuoso, no encaja bien y se cae, lo que llevó a la devolución del dinero, indicando una mala experiencia del cliente.","{""rating"": 1, ""reasoning"": ""El producto es defectuoso, no encaja bien y se cae, lo que llevó a la devolución del dinero, indicando una mala experiencia del cliente.""}"
es_0147696,4,3,4,,"{""rating"": 4, ""reasoning"": ""La reseña es generalmente positiva, mencionando la facilidad de instalación y la buena apariencia del producto, pero tiene una pequeña crítica sobre el material del acero, lo que sugiere una calificación"
es_0567851,4,4,5,"La reseña utiliza un lenguaje muy positivo, como'muy bonita','muy calentita' y'muy cómoda', lo que indica una alta satisfacción con el producto.","{""rating"": 5, ""reasoning"": ""La reseña utiliza un lenguaje muy positivo, como'muy bonita','muy calentita' y'muy cómoda', lo que indica una alta satisfacción con el producto.""}"
es_0441312,1,2,3,,"{""rating"": 3, ""reasoning"": ""La reseña expresa sentimientos mixtos, mencionando aspectos negativos como el enredo y la complejidad, pero también un aspecto positivo como la inclusión de una bolsa para recoger todo, lo"
es_0602950,4,4,5,,"{""rating"": 5, ""reasoning"": ""La reseña utiliza palabras positivas como 'Me encanta' y'muy bonita', lo que indica una opinión muy favorable del producto, y también expresa interés en una continuación, lo que sugiere una alta"
es_0671469,4,4,5,"La reseña es breve pero enfatiza la calidad del sonido y la compactibilidad del producto, lo que sugiere una experiencia muy positiva del cliente.","{""rating"": 5, ""reasoning"": ""La reseña es breve pero enfatiza la calidad del sonido y la compactibilidad del producto, lo que sugiere una experiencia muy positiva del cliente.""}"
es_0502615,0,0,1,,"{""rating"": 1, ""reasoning"": ""La reseñadora expresa decepción y descontento con la compra debido a que el producto no coincide con su expectativa de diseño, específicamente el color del borde, lo que sugiere una mala experiencia y una baja"
es_0946251,0,0,1,"El producto no cumple con las expectativas del comprador, no cubre toda la pantalla y deja márgenes descubiertos, lo que lo lleva a no recomendarlo.","{""rating"": 1, ""reasoning"": ""El producto no cumple con las expectativas del comprador, no cubre toda la pantalla y deja márgenes descubiertos, lo que lo lleva a no recomendarlo.""}"
es_0325794,0,0,1,"El cliente indica que no recibió el pedido y no puede opinar, lo que sugiere una experiencia negativa con la entrega o el servicio del vendedor.","{""rating"": 1, ""reasoning"": ""El cliente indica que no recibió el pedido y no puede opinar, lo que sugiere una experiencia negativa con la entrega o el servicio del vendedor.""}"
es_0740527,1,1,2,,"{""rating"": 2, ""reasoning"": ""El reseñador menciona que le da 2 estrellas explícitamente en la reseña, destacando que aunque cumple con la función básica de calentar la comida, tiene problemas de calidad y diseño, como"
es_0639168,1,1,2,,"{""rating"": 2, ""reasoning"": ""La reseña menciona varios problemas con el producto, como su tamaño más pequeño de lo esperado, daños en la mochila al llegar y discrepancias en la capacidad indicada, lo que indica una experiencia negativa"
es_0128745,0,0,1,"El cliente expresa decepción con la calidad del producto y menciona un defecto específico (el belcro descosido) que ocurrió durante el primer uso, lo que sugiere una baja satisfacción con la compra.","{""rating"": 1, ""reasoning"": ""El cliente expresa decepción con la calidad del producto y menciona un defecto específico (el belcro descosido) que ocurrió durante el primer uso, lo que sugiere una baja satisfacción con la compra.""}"
es_0567956,4,4,5,"El reseñador utiliza el término 'Perfecto' y expresa satisfacción con el producto, indicando que es compatible y tiene un buen precio, lo que sugiere una calificación máxima.","{""rating"": 5, ""reasoning"": ""El reseñador utiliza el término 'Perfecto' y expresa satisfacción con el producto, indicando que es compatible y tiene un buen precio, lo que sugiere una calificación máxima.""}"
es_0755215,3,4,5,"El cliente expresa que el producto ha cumplido con sus expectativas, lo encuentra práctico y fácil de montar, y tiene suficiente capacidad para almacenar objetos, lo que sugiere una experiencia muy positiva.","{""rating"": 5, ""reasoning"": ""El cliente expresa que el producto ha cumplido con sus expectativas, lo encuentra práctico y fácil de montar, y tiene suficiente capacidad para almacenar objetos, lo que sugiere una experiencia muy positiva.""}"
es_0781216,2,0,1,"El reseñador expresa una gran decepción y menciona que la tela es de mala calidad, lo que sugiere una experiencia muy negativa con el producto.","{""rating"": 1, ""reasoning"": ""El reseñador expresa una gran decepción y menciona que la tela es de mala calidad, lo que sugiere una experiencia muy negativa con el producto.""}"
es_0844968,3,3,4,,"{""rating"": 4, ""reasoning"": ""La reseña menciona algunas críticas, como el tamaño del reloj, pero en general el reloj es descrito como muy completo, lo que sugiere que los aspectos positivos superan a los negativos"
es_0278753,2,0,1,,"{""rating"": 1, ""reasoning"": ""El cliente utiliza un lenguaje negativo y expresa frustración y decepción con la compra, indicando que los productos recibidos no son lo que esperaba, lo que sugiere una experiencia muy mala y una calificación baja"
es_0292152,2,3,4,,"{""rating"": 4, ""reasoning"": ""La reseña destaca la facilidad de instalación y la utilidad de la protección para la pantalla, pero menciona un inconveniente significativo relacionado con la pérdida de sensibilidad en la pantalla, lo que"
es_0297513,1,1,2,,"{""rating"": 2, ""reasoning"": ""El reseñador expresa insatisfacción con el producto debido a su debilidad y la necesidad de realizar reparaciones, lo que sugiere una calificación baja, pero no la más baja ya que no utiliza un lengu"
es_0987904,2,2,3,"La reseña menciona que el precio y la calidad están bien, pero critica la durabilidad del producto, lo que sugiere una calificación promedio.","{""rating"": 3, ""reasoning"": ""La reseña menciona que el precio y la calidad están bien, pero critica la durabilidad del producto, lo que sugiere una calificación promedio.""}"
es_0636736,3,3,4,,"{""rating"": 4, ""reasoning"": ""El reseñador menciona que el reloj está bien y que se adapta a su muñeca, aunque tiene una pequeña crítica sobre el tamaño de la esfera, lo que sugiere una opinión general"
es_0051325,4,4,5,"La reseña utiliza palabras positivas como 'Genial' y 'Muy cómodas', y también menciona la rapidez del envío, lo que sugiere una experiencia completamente satisfactoria.","{""rating"": 5, ""reasoning"": ""La reseña utiliza palabras positivas como 'Genial' y 'Muy cómodas', y también menciona la rapidez del envío, lo que sugiere una experiencia completamente satisfactoria.""}"
es_0456002,1,0,1,"El cliente expresa insatisfacción con la calidad del producto y afirma que las fotos publicadas no representan el producto recibido, lo que indica una experiencia muy negativa.","{""rating"": 1, ""reasoning"": ""El cliente expresa insatisfacción con la calidad del producto y afirma que las fotos publicadas no representan el producto recibido, lo que indica una experiencia muy negativa.""}"
es_0088478,2,2,3,"La reseña indica que el producto cumple con su función, pero tiene una limitación importante (solo acepta 6 tarjetas), lo que sugiere una calificación promedio.","{""rating"": 3, ""reasoning"": ""La reseña indica que el producto cumple con su función, pero tiene una limitación importante (solo acepta 6 tarjetas), lo que sugiere una calificación promedio.""}"
es_0303918,1,1,2,,"{""rating"": 2, ""reasoning"": ""El comprador expresa decepción con la calidad de la imagen y la duración de la batería, lo que sugiere una calificación baja, pero menciona un aspecto positivo al incluir dos baterías, ev"
es_0085687,0,0,1,"El comprador expresa insatisfacción con la entrega tardía y la mala calidad del producto, lo que sugiere una experiencia muy negativa.","{""rating"": 1, ""reasoning"": ""El comprador expresa insatisfacción con la entrega tardía y la mala calidad del producto, lo que sugiere una experiencia muy negativa.""}"
es_0320412,0,0,1,"El reseñador expresa decepción y menciona que el producto no funciona, además de estar rallado y aparentar haber sido usado, lo que indica una mala experiencia y una calificación muy baja.","{""rating"": 1, ""reasoning"": ""El reseñador expresa decepción y menciona que el producto no funciona, además de estar rallado y aparentar haber sido usado, lo que indica una mala experiencia y una calificación muy baja.""}"
es_0000333,1,2,3,,"{""rating"": 3, ""reasoning"": ""El reseñador menciona un problema con el producto (las ranuras descentradas), pero también comenta algo positivo (el paquete bien presentado y protegido), lo que sugiere una calificación neutral o prom"
es_0421878,2,3,4,,"{""rating"": 4, ""reasoning"": ""El producto funciona perfectamente, pero el reseñador tuvo que implementar una solución para evitar problemas con la conexión de la pila, lo que sugiere una pequeña falla en el diseño, pero no lo suficient"
es_0875672,2,3,4,"El comprador expresó que le gustó el producto, pero tuvo que hacer una modificación para que se ajustara mejor, lo que sugiere que el producto es bueno, pero no perfecto.","{""rating"": 4, ""reasoning"": ""El comprador expresó que le gustó el producto, pero tuvo que hacer una modificación para que se ajustara mejor, lo que sugiere que el producto es bueno, pero no perfecto.""}"
es_0806862,1,0,1,"El comprador se sintió engañado por el tamaño de la pala y su descripción como 'pala para niño', lo que indica una experiencia muy negativa con el producto.","{""rating"": 1, ""reasoning"": ""El comprador se sintió engañado por el tamaño de la pala y su descripción como 'pala para niño', lo que indica una experiencia muy negativa con el producto.""}"
es_0932406,4,2,3,"El reloj cumple con sus características básicas, pero no satisface completamente las necesidades del comprador debido a su tamaño, lo que sugiere una calificación neutral.","{""rating"": 3, ""reasoning"": ""El reloj cumple con sus características básicas, pero no satisface completamente las necesidades del comprador debido a su tamaño, lo que sugiere una calificación neutral.""}"
es_0948169,3,4,5,,"{""rating"": 5, ""reasoning"": ""El reseñante utiliza palabras y frases muy positivas como 'BUEN PRODUCTO', 'va perfecta','muy eficaz','muy cómoda' y 'bastante bien', lo que indica una"
es_0159360,3,3,4,,"{""rating"": 4, ""reasoning"": ""La reseña es breve pero positiva, menciona la buena calidad y que cumple su función, lo que sugiere una opinión favorable del producto, pero no utiliza superlativos ni expresa una gran emoción, por"
es_0267974,3,3,4,"El producto funciona y es cómodo, pero el precio es elevado en comparación con otras opciones disponibles.","{""rating"": 4, ""reasoning"": ""El producto funciona y es cómodo, pero el precio es elevado en comparación con otras opciones disponibles.""}"
es_0248705,2,0,1,"La reseña menciona dos problemas significativos con el producto: se dobla y se desgasta rápidamente, lo que sugiere una baja calidad y una mala experiencia del usuario.","{""rating"": 1, ""reasoning"": ""La reseña menciona dos problemas significativos con el producto: se dobla y se desgasta rápidamente, lo que sugiere una baja calidad y una mala experiencia del usuario.""}"
es_0777042,3,3,4,,"{""rating"": 4, ""reasoning"": ""El cliente está satisfecho con el producto, menciona que llegó en buenas condiciones y cumple con su función de almacenaje, aunque tiene algunas reservas sobre su resistencia al peso, pero en general la reseña"
es_0501698,0,0,1,,"{""rating"": 1, ""reasoning"": ""La reseña expresa una experiencia extremadamente negativa con la entrega rápida, mencionando retrasos, falta de comunicación y falta de entrega del producto después de pagar un precio adicional, lo que indica una calificación"
es_0684339,4,4,5,"El cliente expresa que el producto ha superado sus expectativas y se muestra muy satisfecho, además de recomendarlo, lo que indica una evaluación muy positiva.","{""rating"": 5, ""reasoning"": ""El cliente expresa que el producto ha superado sus expectativas y se muestra muy satisfecho, además de recomendarlo, lo que indica una evaluación muy positiva.""}"
es_0317961,3,4,5,,"{""rating"": 5, ""reasoning"": ""El cliente expresa satisfacción con el producto y menciona que lo ha estado usando durante un tiempo, lo que indica una experiencia positiva. Además, encontró el producto a un mejor precio, lo que sugiere que está satisfe"
es_0694288,3,4,5,"La reseña es breve pero muy positiva, destacando varias características del producto de manera favorable, lo que sugiere una experiencia muy satisfactoria.","{""rating"": 5, ""reasoning"": ""La reseña es breve pero muy positiva, destacando varias características del producto de manera favorable, lo que sugiere una experiencia muy satisfactoria.""}"
es_0399428,0,1,2,,"{""rating"": 2, ""reasoning"": ""La reseña expresa insatisfacción con el contenido del libro, mencionando que hay demasiada explicación superflua y que no cumple con sus expectativas de ser práctico, lo que sugiere una calificación"
es_0026619,4,4,5,"El reseñador utiliza un lenguaje muy positivo para describir el producto, destacando su comodidad y la calidad del sonido, lo que sugiere una experiencia extremadamente satisfactoria.","{""rating"": 5, ""reasoning"": ""El reseñador utiliza un lenguaje muy positivo para describir el producto, destacando su comodidad y la calidad del sonido, lo que sugiere una experiencia extremadamente satisfactoria.""}"
es_0068670,2,1,2,"El producto no cumple con las expectativas del usuario para usarlo con zapatos, pero es útil para calzado alto como botas, lo que sugiere una calificación media-baja.","{""rating"": 2, ""reasoning"": ""El producto no cumple con las expectativas del usuario para usarlo con zapatos, pero es útil para calzado alto como botas, lo que sugiere una calificación media-baja.""}"
es_0218046,0,0,1,"El cliente expresa insatisfacción con el producto porque no se ajusta bien a la pantalla y no se adhiere en su totalidad, lo que llevó a la devolución del producto.","{""rating"": 1, ""reasoning"": ""El cliente expresa insatisfacción con el producto porque no se ajusta bien a la pantalla y no se adhiere en su totalidad, lo que llevó a la devolución del producto.""}"
es_0430381,0,0,1,"La impresora se averió al segundo día, no se puede conectar al PC, no hay información disponible en Internet y el problema no se pudo resolver, lo que lleva a una mala experiencia del usuario y una calificación baja.","{""rating"": 1, ""reasoning"": ""La impresora se averió al segundo día, no se puede conectar al PC, no hay información disponible en Internet y el problema no se pudo resolver, lo que lleva a una mala experiencia del usuario y una calificación baja.""}"
es_0744971,1,0,1,,"{""rating"": 1, ""reasoning"": ""El reseñador expresa insatisfacción con el producto, mencionando que la batería no dura y que el dispositivo se enciende y apaga constantemente, lo que sugiere un rendimiento deficiente y"
es_0502189,0,0,1,"El reseñador describe el producto como ""muy incomodo de usar"" y explícitamente dice que no lo recomienda, lo que sugiere una experiencia muy negativa.","{""rating"": 1, ""reasoning"": ""El reseñador describe el producto como \""muy incomodo de usar\"" y explícitamente dice que no lo recomienda, lo que sugiere una experiencia muy negativa.""}"
es_0388203,4,4,5,"El comprador expresa satisfacción con el producto, mencionando que le ha durado 5 años, lo que sugiere una experiencia muy positiva.","{""rating"": 5, ""reasoning"": ""El comprador expresa satisfacción con el producto, mencionando que le ha durado 5 años, lo que sugiere una experiencia muy positiva.""}"
es_0537842,2,2,3,,"{""rating"": 3, ""reasoning"": ""La reseña describe el producto como aceptable para su precio y menciona que la calidad-precio es buena, pero también critica la calidad de las cuentas de plástico, lo que sugiere una calificación promedio."""
es_0708102,4,4,5,"El reseñador utiliza palabras positivas como 'Muy buen producto', 'Comodo', 'Calidad' y 'Recomiendo', lo que indica una opinión muy favorable sobre el producto.","{""rating"": 5, ""reasoning"": ""El reseñador utiliza palabras positivas como 'Muy buen producto', 'Comodo', 'Calidad' y 'Recomiendo', lo que indica una opinión muy favorable sobre el producto.""}"
es_0330835,4,3,4,,"{""rating"": 4, ""reasoning"": ""El reseñador está satisfecho con la comodidad y la facilidad de instalación del producto, pero menciona una reserva sobre la fragilidad del material plástico, lo que sugiere una calificación alta"
es_0152166,2,2,3,,"{""rating"": 3, ""reasoning"": ""La reseña es neutral, menciona aspectos positivos como que es gracioso, pero también menciona aspectos negativos como que no es bueno y los acabados no son perfectos, lo que sugiere una calificación media"
es_0842680,4,4,5,,"{""rating"": 5, ""reasoning"": ""La reseña es extremadamente positiva, mencionando que es la segunda vez que compra protectores de esta marca, lo que indica satisfacción previa. También destaca la calidad del embalaje, la inclusión de acc"
es_0349346,1,0,1,"El comprador expresa insatisfacción con el producto, mencionando que no se parece a la imagen en cuanto a material y color, lo que sugiere una mala experiencia y una calificación baja.","{""rating"": 1, ""reasoning"": ""El comprador expresa insatisfacción con el producto, mencionando que no se parece a la imagen en cuanto a material y color, lo que sugiere una mala experiencia y una calificación baja.""}"
es_0857126,1,0,1,,"{""rating"": 1, ""reasoning"": ""La reseña expresa insatisfacción con la calidad de la funda, mencionando que se desgastó rápidamente, perdió su color y se rajó, lo que indica una mala experiencia y llev"
es_0372823,4,4,5,"El comprador recibió el producto el mismo día de su lanzamiento y lo describe como estando en perfectas condiciones, lo que sugiere una experiencia de compra extremadamente positiva.","{""rating"": 5, ""reasoning"": ""El comprador recibió el producto el mismo día de su lanzamiento y lo describe como estando en perfectas condiciones, lo que sugiere una experiencia de compra extremadamente positiva.""}"
es_0592490,1,0,1,"El usuario expresa insatisfacción con la calidad y utilidad del producto, mencionando problemas específicos con su diseño y funcionalidad.","{""rating"": 1, ""reasoning"": ""El usuario expresa insatisfacción con la calidad y utilidad del producto, mencionando problemas específicos con su diseño y funcionalidad.""}"
es_0154599,1,2,3,"El producto cumple con sus requisitos, pero no está actualizado para los billetes nuevos de 50, lo que es un defecto importante, pero no lo suficientemente grave como para dar una calificación muy baja.","{""rating"": 3, ""reasoning"": ""El producto cumple con sus requisitos, pero no está actualizado para los billetes nuevos de 50, lo que es un defecto importante, pero no lo suficientemente grave como para dar una calificación muy baja.""}"
es_0346169,4,4,5,,"{""rating"": 5, ""reasoning"": ""El comprador está satisfecho con el producto, ya que cumple con lo prometido y le ha dado buenos resultados, lo que lo llevó a comprar otro. La única desventaja mencionada es que no"
es_0560034,4,4,5,,"{""rating"": 5, ""reasoning"": ""El reseñante utiliza un lenguaje muy positivo, como 'perfecto', 'lo recomiendo altamente' y compara el producto actual con uno anterior que le gustó, lo que indica una alta satisfacción con el"
es_0604678,1,0,1,"El producto presenta un defecto de fábrica grave, como es el botón que se queda pillado, lo que indica una mala calidad o un problema de diseño, lo que justifica una calificación baja.","{""rating"": 1, ""reasoning"": ""El producto presenta un defecto de fábrica grave, como es el botón que se queda pillado, lo que indica una mala calidad o un problema de diseño, lo que justifica una calificación baja.""}"
es_0854844,0,0,1,"El producto no cumplió con el propósito para el que fue comprado, lo que generó insatisfacción y la necesidad de adquirir otro aparato para lograr el objetivo deseado.","{""rating"": 1, ""reasoning"": ""El producto no cumplió con el propósito para el que fue comprado, lo que generó insatisfacción y la necesidad de adquirir otro aparato para lograr el objetivo deseado.""}"
es_0305401,2,3,4,"El cliente está satisfecho con el producto en sí, pero tiene una queja menor con el embalaje debido a un problema con el transporte, lo que sugiere una calificación alta pero no perfecta.","{""rating"": 4, ""reasoning"": ""El cliente está satisfecho con el producto en sí, pero tiene una queja menor con el embalaje debido a un problema con el transporte, lo que sugiere una calificación alta pero no perfecta.""}"
es_0923513,4,4,5,"El cliente utiliza el producto, le gustan los colores y considera que la relación calidad-precio es adecuada y mejor que otros, lo que indica una opinión muy positiva.","{""rating"": 5, ""reasoning"": ""El cliente utiliza el producto, le gustan los colores y considera que la relación calidad-precio es adecuada y mejor que otros, lo que indica una opinión muy positiva.""}"
es_0760687,2,1,2,,"{""rating"": 2, ""reasoning"": ""El producto cumple con su función, pero el reseñador considera que es caro y de mala calidad, lo que sugiere una calificación baja, pero no la mínima, ya que sí cumple con su función"
es_0849634,1,1,2,,"{""rating"": 2, ""reasoning"": ""El comentario menciona problemas con el producto, como que se arquea y no asienta bien, lo que indica insatisfacción, pero no utiliza un lenguaje extremadamente negativo, por lo que se ajusta a una"
es_0188935,3,4,5,"El lenguaje utilizado es muy positivo, con palabras como 'Genial' y 'Lo recomiendo', lo que indica una gran satisfacción con el producto.","{""rating"": 5, ""reasoning"": ""El lenguaje utilizado es muy positivo, con palabras como 'Genial' y 'Lo recomiendo', lo que indica una gran satisfacción con el producto.""}"
es_0145785,4,4,5,"El lenguaje utilizado es muy positivo, con palabras como 'Perfecto' y 'le ha encantado', lo que indica una alta satisfacción con el producto.","{""rating"": 5, ""reasoning"": ""El lenguaje utilizado es muy positivo, con palabras como 'Perfecto' y 'le ha encantado', lo que indica una alta satisfacción con el producto.""}"
es_0982869,3,4,5,,"{""rating"": 5, ""reasoning"": ""El cliente está satisfecho con el producto, lo describe como perfecto y coincide con la descripción del anuncio, además el envío fue rápido y según lo previsto, lo que indica una experiencia positiva y por lo tanto"
es_0164039,3,3,4,,"{""rating"": 4, ""reasoning"": ""La reseña utiliza palabras positivas como 'interesante', 'ameno' y'recomendable', lo que sugiere una opinión favorable del libro, pero no utiliza superlativos ni expresa una emoción"
es_0943339,2,1,2,,"{""rating"": 2, ""reasoning"": ""La reseña utiliza un lenguaje negativo, como 'Muy básico' y 'no me esperaba', lo que indica insatisfacción con el producto. Sin embargo, no utiliza un lenguaje extremadamente negativo"
es_0783411,1,0,1,"El producto no cumplió con las expectativas del comprador, ya que solo funcionaba con el ordenador y no para su propósito original, lo que llevó a la devolución del producto.","{""rating"": 1, ""reasoning"": ""El producto no cumplió con las expectativas del comprador, ya que solo funcionaba con el ordenador y no para su propósito original, lo que llevó a la devolución del producto.""}"
es_0553019,0,0,1,"El comprador expresa insatisfacción con la entrega del producto, mencionando que no ha llegado después de más de un mes, lo que indica una mala experiencia con el vendedor o el servicio de entrega.","{""rating"": 1, ""reasoning"": ""El comprador expresa insatisfacción con la entrega del producto, mencionando que no ha llegado después de más de un mes, lo que indica una mala experiencia con el vendedor o el servicio de entrega.""}"
es_0350457,0,1,2,"El cliente recibió el producto dañado debido a un embalaje inadecuado, pero decidió no devolverlo, lo que sugiere una experiencia negativa, aunque no completamente insatisfactoria.","{""rating"": 2, ""reasoning"": ""El cliente recibió el producto dañado debido a un embalaje inadecuado, pero decidió no devolverlo, lo que sugiere una experiencia negativa, aunque no completamente insatisfactoria.""}"
es_0451743,4,3,4,,"{""rating"": 4, ""reasoning"": ""El comprador está contento con la compra y el producto cumple con sus necesidades, pero menciona un detalle negativo (el olor) que no es lo suficientemente grave como para restar más de una estrella."""
es_0444100,2,1,2,,"{""rating"": 2, ""reasoning"": ""El producto cumple su función, pero el reseñador se sintió frustrado por la falta de un tornillo para la instalación, lo que le hizo perder tiempo y dinero adicional, lo que reduce su satisfacción con el"
es_0939676,3,4,5,"La reseña es breve pero utiliza palabras como 'Engancha' que indican una opinión muy positiva, lo que sugiere una calificación alta.","{""rating"": 5, ""reasoning"": ""La reseña es breve pero utiliza palabras como 'Engancha' que indican una opinión muy positiva, lo que sugiere una calificación alta.""}"
es_0551228,1,0,1,"El reseñador expresa insatisfacción con el producto, mencionando que se rompió rápidamente, lo que sugiere una baja calificación.","{""rating"": 1, ""reasoning"": ""El reseñador expresa insatisfacción con el producto, mencionando que se rompió rápidamente, lo que sugiere una baja calificación.""}"
es_0632239,2,0,1,"El comprador expresa decepción y menciona que el producto no se ajusta a sus expectativas en términos de tamaño, lo que sugiere una experiencia negativa.","{""rating"": 1, ""reasoning"": ""El comprador expresa decepción y menciona que el producto no se ajusta a sus expectativas en términos de tamaño, lo que sugiere una experiencia negativa.""}"
es_0099227,2,2,3,,"{""rating"": 3, ""reasoning"": ""El comprador está satisfecho con el producto, pero la entrega fue más lenta de lo esperado y la caja llegó dañada, lo que le hizo restar 2 estrellas a la calificación máxima"
es_0690993,4,4,5,"El comprador utiliza palabras como'muy chulo', 'funciona perfectamente' y'me gusta mucho', lo que indica una gran satisfacción con el producto.","{""rating"": 5, ""reasoning"": ""El comprador utiliza palabras como'muy chulo', 'funciona perfectamente' y'me gusta mucho', lo que indica una gran satisfacción con el producto.""}"
es_0283710,3,2,3,,"{""rating"": 3, ""reasoning"": ""La reseña indica que el producto es como se describe, lo que sugiere que cumple con las expectativas básicas, pero también menciona que el accesorio metálico es poco útil, lo que reduce la satisf"
es_0695846,2,1,2,,"{""rating"": 2, ""reasoning"": ""El cliente está satisfecho con la apariencia del producto, pero menciona que se rompió después de un uso relativamente corto, lo que indica una baja durabilidad y justifica una calificación de 2 est"
es_0978853,1,1,2,,"{""rating"": 2, ""reasoning"": ""El cliente expresa insatisfacción con el producto porque no funciona bien para su tipo de pelo graso, lo que sugiere una calificación baja, pero aún menciona que le gusta el olor de la gama de productos, lo"
es_0541746,3,4,5,,"{""rating"": 5, ""reasoning"": ""La reseña es muy positiva, destacando el aspecto natural de la piel y la buena relación calidad-precio, además de mencionar que la talla es perfecta, lo que sugiere una experiencia de compra muy satisf"
es_0196826,0,0,1,"El cliente expresa insatisfacción porque no ha recibido su pedido después de 5 días, lo que indica un problema con el servicio de entrega o la atención al cliente.","{""rating"": 1, ""reasoning"": ""El cliente expresa insatisfacción porque no ha recibido su pedido después de 5 días, lo que indica un problema con el servicio de entrega o la atención al cliente.""}"
es_0636975,2,2,3,"La reseña indica que el producto es barato y cumple con su función, pero tiene aspectos negativos como su apariencia de baja calidad y durabilidad, lo que sugiere una calificación media.","{""rating"": 3, ""reasoning"": ""La reseña indica que el producto es barato y cumple con su función, pero tiene aspectos negativos como su apariencia de baja calidad y durabilidad, lo que sugiere una calificación media.""}"
es_0334278,4,4,5,"El cliente está satisfecho con el producto, menciona que funciona bien, resolvió un problema de temperatura y lo recomienda, lo que indica una experiencia muy positiva.","{""rating"": 5, ""reasoning"": ""El cliente está satisfecho con el producto, menciona que funciona bien, resolvió un problema de temperatura y lo recomienda, lo que indica una experiencia muy positiva.""}"
es_0628101,3,3,4,,"{""rating"": 4, ""reasoning"": ""El comprador parece satisfecho con el producto por ahora, pero aún no ha tenido la oportunidad de probarlo completamente debido a la falta de electricidad, lo que sugiere una calificación positiva pero con reservas"
es_0652860,1,0,1,"El producto no funcionó como se esperaba para el modelo de moto específico, presentando problemas con la detección de marchas y demora en el cambio de marcha, lo que indica una mala experiencia del usuario.","{""rating"": 1, ""reasoning"": ""El producto no funcionó como se esperaba para el modelo de moto específico, presentando problemas con la detección de marchas y demora en el cambio de marcha, lo que indica una mala experiencia del usuario.""}"
es_0201936,1,0,1,,"{""rating"": 1, ""reasoning"": ""El reseñador menciona que el producto es incompatible con su pantalla curva, lo que causa una pérdida de sensibilidad, y considera que no es útil, lo que indica una experiencia muy negativa y una"
es_0023262,0,0,1,"La reseña expresa insatisfacción con el producto, mencionando que no funciona bien y no cumple con las características descritas, lo que indica una experiencia muy negativa.","{""rating"": 1, ""reasoning"": ""La reseña expresa insatisfacción con el producto, mencionando que no funciona bien y no cumple con las características descritas, lo que indica una experiencia muy negativa.""}"
es_0900826,4,4,5,,"{""rating"": 5, ""reasoning"": ""La reseña utiliza un lenguaje muy positivo, como 'Muy chula y fuerte','muy fuerte y cómoda', 'está chulisima' y 'Merece la pena', lo que"
es_0305504,1,2,3,,"{""rating"": 3, ""reasoning"": ""El comprador está medianamente satisfecho con el producto, ya que cumple con su función, pero no supera sus expectativas en términos de presión de cierre, lo que le hace preferir otro producto en"
es_0447514,4,4,5,"El lenguaje utilizado es extremadamente positivo, con palabras como 'Excelente' y 'indispensable', lo que sugiere una experiencia muy satisfactoria con el producto.","{""rating"": 5, ""reasoning"": ""El lenguaje utilizado es extremadamente positivo, con palabras como 'Excelente' y 'indispensable', lo que sugiere una experiencia muy satisfactoria con el producto.""}"
es_0667659,4,4,5,,"{""rating"": 5, ""reasoning"": ""El cliente expresa satisfacción con el sabor del café, el envío rápido y el precio, y hace una comparación positiva con otros productos disponibles en España, lo que sugiere una experiencia muy positiva y una calificación má"
es_0636693,2,2,3,"El producto tiene funcionalidades que funcionan bien, como el microusb y tipo C, pero también tiene un aspecto que no funciona, el cargador de iPhone, lo que sugiere una calificación promedio.","{""rating"": 3, ""reasoning"": ""El producto tiene funcionalidades que funcionan bien, como el microusb y tipo C, pero también tiene un aspecto que no funciona, el cargador de iPhone, lo que sugiere una calificación promedio.""}"
es_0145742,4,4,5,"La reseña utiliza palabras y frases positivas como 'excelente','mucha intensidad de iluminación' y 'fáciles de usar', lo que indica una experiencia muy satisfactoria con el producto.","{""rating"": 5, ""reasoning"": ""La reseña utiliza palabras y frases positivas como 'excelente','mucha intensidad de iluminación' y 'fáciles de usar', lo que indica una experiencia muy satisfactoria con el producto.""}"
es_0082608,1,0,1,"El comprador expresa insatisfacción con el producto debido a una mala especificación que afecta su funcionalidad, lo que sugiere una calificación muy baja.","{""rating"": 1, ""reasoning"": ""El comprador expresa insatisfacción con el producto debido a una mala especificación que afecta su funcionalidad, lo que sugiere una calificación muy baja.""}"
es_0247360,0,0,1,"El cliente expresa insatisfacción con la entrega tardía y el producto roto, lo que sugiere una experiencia muy negativa","{""rating"": 1, ""reasoning"": ""El cliente expresa insatisfacción con la entrega tardía y el producto roto, lo que sugiere una experiencia muy negativa""}"
es_0627885,4,4,5,,"{""rating"": 5, ""reasoning"": ""La reseña utiliza un lenguaje muy positivo, como 'LO RECOMIENDO' y'muy bonitos', lo que sugiere una opinión extremadamente favorable del producto, lo que se alinea con una"
es_0535057,3,4,5,"La reseña es breve pero utiliza palabras positivas como 'Ottimo' y 'Buen relación precio', lo que sugiere una opinión muy favorable del producto.","{""rating"": 5, ""reasoning"": ""La reseña es breve pero utiliza palabras positivas como 'Ottimo' y 'Buen relación precio', lo que sugiere una opinión muy favorable del producto.""}"
es_0174891,3,2,3,,"{""rating"": 3, ""reasoning"": ""La reseña menciona aspectos positivos como el ajuste y la comodidad, pero también un aspecto negativo significativo como el desgaste rápido en la parte del talón, lo que sugiere una calificación"
es_0318003,2,1,2,"El cliente está insatisfecho con el producto porque no cumple con las expectativas de alcance, lo que indica una mala experiencia y una calificación baja, pero no es una crítica completamente destructiva.","{""rating"": 2, ""reasoning"": ""El cliente está insatisfecho con el producto porque no cumple con las expectativas de alcance, lo que indica una mala experiencia y una calificación baja, pero no es una crítica completamente destructiva.""}"
es_0433274,1,0,1,,"{""rating"": 1, ""reasoning"": ""La reseña expresa decepción y problemas con el producto después de una actualización, mencionando la imposibilidad de instalar actualizaciones y restaurar el teléfono a sus configuraciones de fábrica, lo"
es_0625684,3,4,5,"La reseña utiliza palabras y frases positivas como 'Simpático','muy bonito' y'muy bien hechos', lo que indica una opinión muy favorable del producto.","{""rating"": 5, ""reasoning"": ""La reseña utiliza palabras y frases positivas como 'Simpático','muy bonito' y'muy bien hechos', lo que indica una opinión muy favorable del producto.""}"
es_0801610,2,3,4,,"{""rating"": 4, ""reasoning"": ""El reseñador encuentra el reloj bonito y cumple con sus necesidades, pero menciona un par de defectos menores como la pantalla oscura y la iluminación débil, lo que sugiere una cal"
es_0823816,1,0,1,,"{""rating"": 1, ""reasoning"": ""La reseña expresa una advertencia y una crítica negativa sobre la garantía del producto, mencionando un truco y costes de envío potencialmente superiores al precio de la reparación, lo que sug"
es_0065047,3,4,5,"El producto ha cumplido con las expectativas del usuario, logrando quitar el 90% de la suciedad de la tapicería de manera fácil, lo que indica una alta satisfacción con el resultado.","{""rating"": 5, ""reasoning"": ""El producto ha cumplido con las expectativas del usuario, logrando quitar el 90% de la suciedad de la tapicería de manera fácil, lo que indica una alta satisfacción con el resultado.""}"
es_0531626,1,0,1,"El cliente expresa insatisfacción con el producto, mencionando que no cubre toda la pantalla y deja una parte desprotegida, lo que sugiere un defecto de diseño o fabricación.","{""rating"": 1, ""reasoning"": ""El cliente expresa insatisfacción con el producto, mencionando que no cubre toda la pantalla y deja una parte desprotegida, lo que sugiere un defecto de diseño o fabricación.""}"
es_0508350,4,4,5,,"{""rating"": 5, ""reasoning"": ""La reseña es muy positiva, destacando la buena calidad de la nevera, su funcionalidad y versatilidad, y mencionando que el comprador está muy contento y considera comprar otra igual en el"
es_0281790,3,2,3,,"{""rating"": 3, ""reasoning"": ""La reseña describe el producto como 'correcto' y con una'relación calidad/precio aceptable', lo que sugiere una opinión neutral o moderadamente positiva, típica de una calificación de 3 est"
es_0538920,2,4,5,"La reseña es breve y solo menciona algo positivo, que el producto llegó más rápido de lo previsto, lo que sugiere una experiencia satisfactoria y una calificación alta.","{""rating"": 5, ""reasoning"": ""La reseña es breve y solo menciona algo positivo, que el producto llegó más rápido de lo previsto, lo que sugiere una experiencia satisfactoria y una calificación alta.""}"
es_0362075,4,4,5,"El comentario es muy positivo, destacando el tamaño y manejo del producto, la calidad del sonido y la rapidez del envío, sin mencionar ningún aspecto negativo.","{""rating"": 5, ""reasoning"": ""El comentario es muy positivo, destacando el tamaño y manejo del producto, la calidad del sonido y la rapidez del envío, sin mencionar ningún aspecto negativo.""}"
es_0889338,4,4,5,"La reseña es breve pero muy positiva, utilizando palabras como 'Muy bien' y 'queda perfecto', lo que indica una alta satisfacción del cliente con el producto.","{""rating"": 5, ""reasoning"": ""La reseña es breve pero muy positiva, utilizando palabras como 'Muy bien' y 'queda perfecto', lo que indica una alta satisfacción del cliente con el producto.""}"
es_0402570,0,0,1,,"{""rating"": 1, ""reasoning"": ""La reseña utiliza un lenguaje muy negativo, como 'No lo compres' y 'el vendedor es un estafador', lo que indica una experiencia extremadamente mala y una falta total de confianza en"
es_0298055,2,1,2,"La reseña expresa decepción y tiene una pregunta sobre el producto, lo que sugiere insatisfacción con la calidad o la presentación del mismo.","{""rating"": 2, ""reasoning"": ""La reseña expresa decepción y tiene una pregunta sobre el producto, lo que sugiere insatisfacción con la calidad o la presentación del mismo.""}"
es_0284228,3,4,5,"El lenguaje utilizado es muy positivo, con palabras como 'preciosooo' y'muy lindo', lo que indica una gran satisfacción con el producto y su calidad.","{""rating"": 5, ""reasoning"": ""El lenguaje utilizado es muy positivo, con palabras como 'preciosooo' y'muy lindo', lo que indica una gran satisfacción con el producto y su calidad.""}"
es_0714521,2,2,3,,"{""rating"": 3, ""reasoning"": ""La reseñadora está decepcionada porque el producto no incluía todos los accesorios que se mostraban en la foto, lo que la obligó a comprarlos por separado, pero reconoce que el producto en sí es"
es_0943982,2,2,3,,"{""rating"": 3, ""reasoning"": ""El comprador considera que el producto tiene un buen precio-calidad, pero menciona un problema con el sistema de sujección, lo que sugiere una experiencia neutral o promedio, típica de una calificación de 3"
es_0486574,1,0,1,"La reseña utiliza un lenguaje muy negativo, como 'PRETENCIOSO' y 'desproporcionado en su relación calidad/precio', lo que indica una gran insatisfacción con el producto.","{""rating"": 1, ""reasoning"": ""La reseña utiliza un lenguaje muy negativo, como 'PRETENCIOSO' y 'desproporcionado en su relación calidad/precio', lo que indica una gran insatisfacción con el producto.""}"
es_0011036,3,4,5,"La reseña es breve pero muy positiva, destacando la calidad del sonido y la velocidad de entrega, lo que sugiere una experiencia muy satisfactoria para el cliente.","{""rating"": 5, ""reasoning"": ""La reseña es breve pero muy positiva, destacando la calidad del sonido y la velocidad de entrega, lo que sugiere una experiencia muy satisfactoria para el cliente.""}"
es_0665790,0,0,1,"El lenguaje utilizado es extremadamente negativo, con palabras como 'Feísimos', 'Horribles' y 'no se corresponden con la realidad', lo que indica una gran insatisfacción con el producto.","{""rating"": 1, ""reasoning"": ""El lenguaje utilizado es extremadamente negativo, con palabras como 'Feísimos', 'Horribles' y 'no se corresponden con la realidad', lo que indica una gran insatisfacción con el producto.""}"
es_0047517,0,0,1,"La reseña expresa insatisfacción con el producto, mencionando varios defectos como el tamaño, los bordes y los agujeros, lo que sugiere una experiencia muy negativa.","{""rating"": 1, ""reasoning"": ""La reseña expresa insatisfacción con el producto, mencionando varios defectos como el tamaño, los bordes y los agujeros, lo que sugiere una experiencia muy negativa.""}"
es_0273388,0,0,1,"El cliente describe el producto como defectuoso y menciona un problema significativo con el sonido, lo que sugiere una mala experiencia y justifica la calificación más baja.","{""rating"": 1, ""reasoning"": ""El cliente describe el producto como defectuoso y menciona un problema significativo con el sonido, lo que sugiere una mala experiencia y justifica la calificación más baja.""}"
es_0913007,0,0,1,"El cliente expresa insatisfacción total con la entrega del producto, mencionando que no llegó y que no se le ofreció ninguna solución, lo que indica una mala experiencia y justifica la calificación más baja.","{""rating"": 1, ""reasoning"": ""El cliente expresa insatisfacción total con la entrega del producto, mencionando que no llegó y que no se le ofreció ninguna solución, lo que indica una mala experiencia y justifica la calificación más baja.""}"
es_0958706,1,0,1,"El reseñador expresa una gran insatisfacción con el producto, afirmando que no tiene ningún efecto positivo y que solo causa arrepentimiento por la compra.","{""rating"": 1, ""reasoning"": ""El reseñador expresa una gran insatisfacción con el producto, afirmando que no tiene ningún efecto positivo y que solo causa arrepentimiento por la compra.""}"
es_0193923,2,0,1,"El reseñador expresa insatisfacción con el producto, mencionando un problema específico con el funcionamiento del mismo, lo que sugiere una mala experiencia y una calificación baja.","{""rating"": 1, ""reasoning"": ""El reseñador expresa insatisfacción con el producto, mencionando un problema específico con el funcionamiento del mismo, lo que sugiere una mala experiencia y una calificación baja.""}"
es_0931282,0,0,1,"El producto no cumple con su propósito y tiene un diseño defectuoso que no puede soportar el uso normal de un cachorro, lo que genera insatisfacción y frustración en el cliente.","{""rating"": 1, ""reasoning"": ""El producto no cumple con su propósito y tiene un diseño defectuoso que no puede soportar el uso normal de un cachorro, lo que genera insatisfacción y frustración en el cliente.""}"
es_0451931,1,0,1,,"{""rating"": 1, ""reasoning"": ""La reseña utiliza palabras negativas como 'incómodo' y menciona que los productos no tienen 'calidad de sonido', además de que no gustaron a las personas a quienes se los regalaron, lo que indica"
es_0762460,1,0,1,"La reseña utiliza palabras negativas como 'Mala calidad' y menciona un problema específico con el producto ('Se rompen con facilidad'), lo que indica una experiencia extremadamente negativa del cliente.","{""rating"": 1, ""reasoning"": ""La reseña utiliza palabras negativas como 'Mala calidad' y menciona un problema específico con el producto ('Se rompen con facilidad'), lo que indica una experiencia extremadamente negativa del cliente.""}"
es_0080033,1,2,3,,"{""rating"": 3, ""reasoning"": ""La reseña menciona aspectos negativos como la aspereza de la tela y la dureza del cojín, pero también destaca que los dibujos son bonitos, lo que sugiere una opinión neutral"
es_0058016,1,2,3,,"{""rating"": 3, ""reasoning"": ""La reseña indica que el producto tiene limitaciones en cuanto a la calidad, específicamente con los filtros, pero que vale la pena por otras características como las anillas y el portafiltros, lo que sugiere una cal"
es_0713006,2,3,4,,"{""rating"": 4, ""reasoning"": ""El comprador está satisfecho con la calidad del flotador y su hijo lo disfruta, pero menciona algunos inconvenientes como el tamaño y la necesidad de supervisión constante, además de un problema con el v"
es_0582063,0,0,1,"La reseña expresa insatisfacción y frustración con el producto, utilizando un lenguaje negativo como 'No vale'","{""rating"": 1, ""reasoning"": ""La reseña expresa insatisfacción y frustración con el producto, utilizando un lenguaje negativo como 'No vale'""}"
es_0708255,2,1,2,"El comprador está insatisfecho con la presentación del producto y la falta de embalaje original, lo que sugiere una mala experiencia de compra, pero menciona que el producto en sí está bien.","{""rating"": 2, ""reasoning"": ""El comprador está insatisfecho con la presentación del producto y la falta de embalaje original, lo que sugiere una mala experiencia de compra, pero menciona que el producto en sí está bien.""}"
es_0627827,3,4,5,,"{""rating"": 5, ""reasoning"": ""El reseñante utiliza términos como 'perfecto', 'perfectas' y 'buena calidad', lo que sugiere una gran satisfacción con el producto, y no menciona ninguna crítica o aspecto negativo."""
es_0595617,2,2,3,"El producto funciona, pero el usuario tuvo dificultades con las instrucciones y el embalaje, lo que sugiere una experiencia neutral y no completamente satisfactoria.","{""rating"": 3, ""reasoning"": ""El producto funciona, pero el usuario tuvo dificultades con las instrucciones y el embalaje, lo que sugiere una experiencia neutral y no completamente satisfactoria.""}"
es_0646600,0,1,2,"El comprador expresa que el cuaderno en sí está bien, pero la llegada con hojas sueltas es un problema significativo, lo que sugiere una experiencia medianamente negativa, pero no completamente decepcionante.","{""rating"": 2, ""reasoning"": ""El comprador expresa que el cuaderno en sí está bien, pero la llegada con hojas sueltas es un problema significativo, lo que sugiere una experiencia medianamente negativa, pero no completamente decepcionante.""}"
es_0373018,2,3,4,,"{""rating"": 4, ""reasoning"": ""El comprador parece satisfecho con el producto, menciona que de momento cree que irá bien para el control de peso, lo que sugiere una experiencia positiva hasta el momento, aunque aún no ha terminado de usar el"
es_0605608,4,4,5,"El cliente expresa satisfacción total con el producto, indicando que es exactamente lo que buscaba y que ha resuelto su problema de conectar su teclado mecanizado a su nuevo Mac.","{""rating"": 5, ""reasoning"": ""El cliente expresa satisfacción total con el producto, indicando que es exactamente lo que buscaba y que ha resuelto su problema de conectar su teclado mecanizado a su nuevo Mac.""}"
es_0349203,0,0,1,"El cliente expresa insatisfacción porque no recibió el proyector, lo que indica una mala experiencia con la compra.","{""rating"": 1, ""reasoning"": ""El cliente expresa insatisfacción porque no recibió el proyector, lo que indica una mala experiencia con la compra.""}"
es_0821195,0,0,1,"El reseñador utiliza palabras como 'peligroso','malísima calidad' y 'gran peligro de usar', lo que indica una experiencia extremadamente negativa con el producto.","{""rating"": 1, ""reasoning"": ""El reseñador utiliza palabras como 'peligroso','malísima calidad' y 'gran peligro de usar', lo que indica una experiencia extremadamente negativa con el producto.""}"
es_0060302,2,2,3,"La reseña indica que el producto cumplió con su función, pero tiene defectos y podría ser mejor, lo que sugiere una calificación promedio.","{""rating"": 3, ""reasoning"": ""La reseña indica que el producto cumplió con su función, pero tiene defectos y podría ser mejor, lo que sugiere una calificación promedio.""}"
es_0651621,2,2,3,,"{""rating"": 3, ""reasoning"": ""La reseña indica que el producto no superó las expectativas del comprador, pero cumplió con lo esperado para su precio. El comprador menciona que no lo recomienda como reloj, pero le gusta el diseño"
es_0526925,1,1,2,"El producto no cumple con las expectativas del comprador, no es compatible con su modelo de teléfono y tiene un diseño que impide la funcionalidad del led de aviso, aunque cumple con su función básica.","{""rating"": 2, ""reasoning"": ""El producto no cumple con las expectativas del comprador, no es compatible con su modelo de teléfono y tiene un diseño que impide la funcionalidad del led de aviso, aunque cumple con su función básica.""}"
es_0126226,1,0,1,"El producto se rompió en un plazo muy corto de tiempo, lo que indica una mala calidad o defecto de fabricación, lo que justifica una calificación de 1 estrella.","{""rating"": 1, ""reasoning"": ""El producto se rompió en un plazo muy corto de tiempo, lo que indica una mala calidad o defecto de fabricación, lo que justifica una calificación de 1 estrella.""}"
es_0721755,0,0,1,,"{""rating"": 1, ""reasoning"": ""El reseñador utiliza palabras como'mala calidad' y 'totalmente opaco', lo que indica una fuerte insatisfacción con el producto, y menciona que el dibujo no se parece a la imagen, lo"
es_0077424,1,0,1,"El producto se ha fundido rápidamente y ha dejado de funcionar, lo que indica una calidad deficiente y una vida útil muy corta, lo que lleva a una calificación de 1 estrella.","{""rating"": 1, ""reasoning"": ""El producto se ha fundido rápidamente y ha dejado de funcionar, lo que indica una calidad deficiente y una vida útil muy corta, lo que lleva a una calificación de 1 estrella.""}"
es_0500181,1,0,1,"El producto no cumple con su función principal de conectarse a redes wifi 2.4, lo que genera una gran decepción y lleva al cliente a devolverlo.","{""rating"": 1, ""reasoning"": ""El producto no cumple con su función principal de conectarse a redes wifi 2.4, lo que genera una gran decepción y lleva al cliente a devolverlo.""}"
es_0331516,1,2,3,,"{""rating"": 3, ""reasoning"": ""El comprador está satisfecho con el juego en sí, pero se siente decepcionado e indignado porque no recibió lo que esperaba en cuanto a contenido adicional, lo que reduce su calificación de estrellas."""
es_0763770,2,1,2,,"{""rating"": 2, ""reasoning"": ""El producto cumple con su función principal de ser un arenero grande, pero la calidad es deficiente ya que la puerta se rompió dos veces en un corto período de tiempo, lo que indica un problema de durabilidad y"
es_0783267,4,4,5,"La reseña utiliza palabras muy positivas como 'Genial' y'súper cómodo', y el usuario expresa satisfacción con el producto, lo que sugiere una calificación máxima.","{""rating"": 5, ""reasoning"": ""La reseña utiliza palabras muy positivas como 'Genial' y'súper cómodo', y el usuario expresa satisfacción con el producto, lo que sugiere una calificación máxima.""}"
es_0389828,0,0,1,,"{""rating"": 1, ""reasoning"": ""El cliente expresa insatisfacción total con el producto, mencionando que uno de los dos comprados faltaba piezas, no le gustaba la terminación ni el material y decidió no montarlos, optando"
es_0133563,1,1,2,,"{""rating"": 2, ""reasoning"": ""La reseña menciona una'relación calidad-precio elevada' lo que sugiere algo positivo, pero el producto falló en su función principal de proteger el dispositivo en una caída desde una altura baja, lo que"
es_0731106,3,3,4,,"{""rating"": 4, ""reasoning"": ""La reseña es generalmente positiva, describe la plancha como 'buena' y menciona que le gustan, pero también menciona un inconveniente significativo, el calor excesivo, lo que sugiere una"
es_0863492,0,1,2,,"{""rating"": 2, ""reasoning"": ""El producto llegó defectuoso, lo que indica una mala calidad o control de calidad, pero el cliente está dispuesto a dar otra oportunidad con la devolución y el reemplazo, lo que sugiere que la experiencia no"
es_0886072,2,1,2,"La reseña expresa una opinión neutral a negativa, mencionando que el producto no funciona correctamente en algunas partes y que no justifica el precio, aunque la idea es genial y a su hija le gusta.","{""rating"": 2, ""reasoning"": ""La reseña expresa una opinión neutral a negativa, mencionando que el producto no funciona correctamente en algunas partes y que no justifica el precio, aunque la idea es genial y a su hija le gusta.""}"
es_0359690,1,0,1,,"{""rating"": 1, ""reasoning"": ""El reseñante expresa insatisfacción con la calidad de los guantes, mencionando que se están despellejando después de solo unas semanas de uso, y solo encuentra un aspecto positivo, pero no lo consider"
es_0188075,3,2,3,"El cliente menciona que los colores son bonitos, lo que indica satisfacción, pero también menciona un problema con 3 o 4 de ellos, lo que reduce la calificación.","{""rating"": 3, ""reasoning"": ""El cliente menciona que los colores son bonitos, lo que indica satisfacción, pero también menciona un problema con 3 o 4 de ellos, lo que reduce la calificación.""}"
es_0811381,2,3,4,,"{""rating"": 4, ""reasoning"": ""El cliente está satisfecho con la comodidad y el precio del producto, aunque menciona un problema menor con una tranca pasada de rosca, lo que sugiere una experiencia generalmente positiva pero no perfecta."""
es_0800760,1,0,1,"El cliente está insatisfecho con su compra porque le faltan componentes importantes, específicamente el CD de juegos, lo que impide que funcione correctamente.","{""rating"": 1, ""reasoning"": ""El cliente está insatisfecho con su compra porque le faltan componentes importantes, específicamente el CD de juegos, lo que impide que funcione correctamente.""}"
es_0537946,4,4,5,"La reseña indica que el producto cumple con las expectativas del cliente, lo que sugiere una experiencia positiva y satisfactoria, típica de una calificación de 5 estrellas.","{""rating"": 5, ""reasoning"": ""La reseña indica que el producto cumple con las expectativas del cliente, lo que sugiere una experiencia positiva y satisfactoria, típica de una calificación de 5 estrellas.""}"
es_0737622,2,0,1,"El reseñador expresa insatisfacción con el producto, mencionando que el sabor dura muy poco y no cumple con sus expectativas, lo que indica una experiencia negativa y una calificación baja.","{""rating"": 1, ""reasoning"": ""El reseñador expresa insatisfacción con el producto, mencionando que el sabor dura muy poco y no cumple con sus expectativas, lo que indica una experiencia negativa y una calificación baja.""}"
es_0706241,4,4,5,"La reseña repite 'calidad precio un 10', lo que indica una alta satisfacción del cliente con el producto y su relación calidad-precio, sugiriendo una calificación máxima.","{""rating"": 5, ""reasoning"": ""La reseña repite 'calidad precio un 10', lo que indica una alta satisfacción del cliente con el producto y su relación calidad-precio, sugiriendo una calificación máxima.""}"
es_0262127,2,2,3,,"{""rating"": 3, ""reasoning"": ""La reseña menciona que el producto es barato y tiene buena pinta, lo que sugiere aspectos positivos, pero también menciona que es endeble, lo que es un aspecto negativo. El precio es un"
es_0455995,3,4,5,"El cliente parece muy satisfecho con el producto y el precio, mencionando que es más económico que en otra tienda, lo que sugiere una experiencia positiva y una calificación alta.","{""rating"": 5, ""reasoning"": ""El cliente parece muy satisfecho con el producto y el precio, mencionando que es más económico que en otra tienda, lo que sugiere una experiencia positiva y una calificación alta.""}"
es_0449248,4,4,5,"El producto ha reducido casi totalmente los dolores del autor y también ha ayudado a su madre de 80 años con artritis, lo que sugiere una experiencia muy positiva y efectiva.","{""rating"": 5, ""reasoning"": ""El producto ha reducido casi totalmente los dolores del autor y también ha ayudado a su madre de 80 años con artritis, lo que sugiere una experiencia muy positiva y efectiva.""}"
es_0592143,1,0,1,,"{""rating"": 1, ""reasoning"": ""El cliente está muy insatisfecho con la entrega del producto, específicamente con la compañía de transporte Tourline Express, y no ha podido recibir el producto para opinar sobre él, lo que indica una mala experiencia en general"
es_0537752,1,0,1,"El producto fue defectuoso, difícil de instalar y se despegó después de pocos días, lo que indica una mala calidad y falta de satisfacción del cliente.","{""rating"": 1, ""reasoning"": ""El producto fue defectuoso, difícil de instalar y se despegó después de pocos días, lo que indica una mala calidad y falta de satisfacción del cliente.""}"
es_0715608,1,1,2,"El producto no cumple con las expectativas del comprador en cuanto a durabilidad, aunque los colores son de su agrado, lo que sugiere una calificación media-baja.","{""rating"": 2, ""reasoning"": ""El producto no cumple con las expectativas del comprador en cuanto a durabilidad, aunque los colores son de su agrado, lo que sugiere una calificación media-baja.""}"
